ISO-10303-21;
HEADER;
/* Generated by software containing ST-Developer
 * from STEP Tools, Inc. (www.steptools.com) 
 */

FILE_DESCRIPTION(
/* description */ ('KiCad electronic assembly'),
/* implementation_level */ '2;1');

FILE_NAME(
/* name */ 'bottom_(to_print).step',
/* time_stamp */ '2026-06-27T23:59:03-04:00',
/* author */ (''),
/* organization */ (''),
/* preprocessor_version */ 'ST-DEVELOPER v20.1',
/* originating_system */ 'Autodesk Translation Framework v15.8.0.0',
/* authorisation */ '');

FILE_SCHEMA (('AUTOMOTIVE_DESIGN { 1 0 10303 214 3 1 1 }'));
ENDSEC;

DATA;
#10=MECHANICAL_DESIGN_GEOMETRIC_PRESENTATION_REPRESENTATION('',(#21),#2151);
#11=ITEM_DEFINED_TRANSFORMATION($,$,#1274,#1396);
#12=ITEM_DEFINED_TRANSFORMATION($,$,#1273,#1397);
#13=(
REPRESENTATION_RELATIONSHIP($,$,#2166,#2165)
REPRESENTATION_RELATIONSHIP_WITH_TRANSFORMATION(#11)
SHAPE_REPRESENTATION_RELATIONSHIP()
);
#14=(
REPRESENTATION_RELATIONSHIP($,$,#2165,#2164)
REPRESENTATION_RELATIONSHIP_WITH_TRANSFORMATION(#12)
SHAPE_REPRESENTATION_RELATIONSHIP()
);
#15=CONTEXT_DEPENDENT_SHAPE_REPRESENTATION(#13,#2162);
#16=CONTEXT_DEPENDENT_SHAPE_REPRESENTATION(#14,#2163);
#17=NEXT_ASSEMBLY_USAGE_OCCURRENCE('BottomCase:1','BottomCase:1',
'BottomCase:1',#2169,#2170,'BottomCase:1');
#18=NEXT_ASSEMBLY_USAGE_OCCURRENCE('Case:1','Case:1','Case:1',#2168,#2169,
'Case:1');
#19=SHAPE_REPRESENTATION_RELATIONSHIP('SRR','None',#2166,#20);
#20=ADVANCED_BREP_SHAPE_REPRESENTATION('',(#22),#2150);
#21=STYLED_ITEM('',(#2184),#22);
#22=MANIFOLD_SOLID_BREP('Body1',#1259);
#23=CONICAL_SURFACE('',#1318,3.002404561188,0.785398163397448);
#24=CONICAL_SURFACE('',#1321,3.00248452502301,0.785398163397449);
#25=CONICAL_SURFACE('',#1327,3.002451359452,0.785398163397449);
#26=CONICAL_SURFACE('',#1333,3.00246140159199,0.785398163397441);
#27=B_SPLINE_CURVE_WITH_KNOTS('',3,(#1852,#1853,#1854,#1855),
 .UNSPECIFIED.,.F.,.F.,(4,4),(0.,0.140211359132622),.UNSPECIFIED.);
#28=B_SPLINE_CURVE_WITH_KNOTS('',3,(#1861,#1862,#1863,#1864),
 .UNSPECIFIED.,.F.,.F.,(4,4),(0.,0.140211354497149),.UNSPECIFIED.);
#29=B_SPLINE_CURVE_WITH_KNOTS('',3,(#1871,#1872,#1873,#1874),
 .UNSPECIFIED.,.F.,.F.,(4,4),(0.,0.140152847077915),.UNSPECIFIED.);
#30=B_SPLINE_CURVE_WITH_KNOTS('',3,(#1877,#1878,#1879,#1880),
 .UNSPECIFIED.,.F.,.F.,(4,4),(0.,0.140211773131318),.UNSPECIFIED.);
#31=B_SPLINE_CURVE_WITH_KNOTS('',3,(#1900,#1901,#1902,#1903),
 .UNSPECIFIED.,.F.,.F.,(4,4),(0.,0.140211592164166),.UNSPECIFIED.);
#32=B_SPLINE_CURVE_WITH_KNOTS('',3,(#1909,#1910,#1911,#1912),
 .UNSPECIFIED.,.F.,.F.,(4,4),(0.,0.140211747448539),.UNSPECIFIED.);
#33=B_SPLINE_CURVE_WITH_KNOTS('',3,(#1922,#1923,#1924,#1925),
 .UNSPECIFIED.,.F.,.F.,(4,4),(0.,0.140211793664606),.UNSPECIFIED.);
#34=B_SPLINE_CURVE_WITH_KNOTS('',3,(#1940,#1941,#1942,#1943),
 .UNSPECIFIED.,.F.,.F.,(4,4),(0.,0.140211756908191),.UNSPECIFIED.);
#35=FACE_BOUND('',#184,.T.);
#36=FACE_BOUND('',#187,.T.);
#37=FACE_BOUND('',#190,.T.);
#38=FACE_BOUND('',#193,.T.);
#39=FACE_BOUND('',#196,.T.);
#40=FACE_BOUND('',#199,.T.);
#41=FACE_BOUND('',#225,.T.);
#42=FACE_BOUND('',#226,.T.);
#43=FACE_BOUND('',#227,.T.);
#44=FACE_BOUND('',#228,.T.);
#45=FACE_BOUND('',#229,.T.);
#46=FACE_BOUND('',#230,.T.);
#47=FACE_BOUND('',#252,.T.);
#48=FACE_BOUND('',#262,.T.);
#49=FACE_BOUND('',#263,.T.);
#50=FACE_BOUND('',#264,.T.);
#51=FACE_BOUND('',#265,.T.);
#52=FACE_BOUND('',#266,.T.);
#53=FACE_BOUND('',#267,.T.);
#54=FACE_BOUND('',#268,.T.);
#55=FACE_BOUND('',#269,.T.);
#56=PLANE('',#1296);
#57=PLANE('',#1300);
#58=PLANE('',#1304);
#59=PLANE('',#1308);
#60=PLANE('',#1312);
#61=PLANE('',#1316);
#62=PLANE('',#1317);
#63=PLANE('',#1324);
#64=PLANE('',#1325);
#65=PLANE('',#1326);
#66=PLANE('',#1330);
#67=PLANE('',#1331);
#68=PLANE('',#1332);
#69=PLANE('',#1336);
#70=PLANE('',#1337);
#71=PLANE('',#1338);
#72=PLANE('',#1339);
#73=PLANE('',#1340);
#74=PLANE('',#1343);
#75=PLANE('',#1344);
#76=PLANE('',#1345);
#77=PLANE('',#1348);
#78=PLANE('',#1349);
#79=PLANE('',#1350);
#80=PLANE('',#1351);
#81=PLANE('',#1355);
#82=PLANE('',#1359);
#83=PLANE('',#1363);
#84=PLANE('',#1364);
#85=PLANE('',#1365);
#86=PLANE('',#1369);
#87=PLANE('',#1370);
#88=PLANE('',#1371);
#89=PLANE('',#1375);
#90=PLANE('',#1376);
#91=PLANE('',#1377);
#92=PLANE('',#1381);
#93=PLANE('',#1382);
#94=PLANE('',#1383);
#95=PLANE('',#1384);
#96=PLANE('',#1387);
#97=PLANE('',#1388);
#98=PLANE('',#1389);
#99=PLANE('',#1391);
#100=PLANE('',#1392);
#101=PLANE('',#1393);
#102=PLANE('',#1395);
#103=FACE_OUTER_BOUND('',#176,.T.);
#104=FACE_OUTER_BOUND('',#177,.T.);
#105=FACE_OUTER_BOUND('',#178,.T.);
#106=FACE_OUTER_BOUND('',#179,.T.);
#107=FACE_OUTER_BOUND('',#180,.T.);
#108=FACE_OUTER_BOUND('',#181,.T.);
#109=FACE_OUTER_BOUND('',#182,.T.);
#110=FACE_OUTER_BOUND('',#183,.T.);
#111=FACE_OUTER_BOUND('',#185,.T.);
#112=FACE_OUTER_BOUND('',#186,.T.);
#113=FACE_OUTER_BOUND('',#188,.T.);
#114=FACE_OUTER_BOUND('',#189,.T.);
#115=FACE_OUTER_BOUND('',#191,.T.);
#116=FACE_OUTER_BOUND('',#192,.T.);
#117=FACE_OUTER_BOUND('',#194,.T.);
#118=FACE_OUTER_BOUND('',#195,.T.);
#119=FACE_OUTER_BOUND('',#197,.T.);
#120=FACE_OUTER_BOUND('',#198,.T.);
#121=FACE_OUTER_BOUND('',#200,.T.);
#122=FACE_OUTER_BOUND('',#201,.T.);
#123=FACE_OUTER_BOUND('',#202,.T.);
#124=FACE_OUTER_BOUND('',#203,.T.);
#125=FACE_OUTER_BOUND('',#204,.T.);
#126=FACE_OUTER_BOUND('',#205,.T.);
#127=FACE_OUTER_BOUND('',#206,.T.);
#128=FACE_OUTER_BOUND('',#207,.T.);
#129=FACE_OUTER_BOUND('',#208,.T.);
#130=FACE_OUTER_BOUND('',#209,.T.);
#131=FACE_OUTER_BOUND('',#210,.T.);
#132=FACE_OUTER_BOUND('',#211,.T.);
#133=FACE_OUTER_BOUND('',#212,.T.);
#134=FACE_OUTER_BOUND('',#213,.T.);
#135=FACE_OUTER_BOUND('',#214,.T.);
#136=FACE_OUTER_BOUND('',#215,.T.);
#137=FACE_OUTER_BOUND('',#216,.T.);
#138=FACE_OUTER_BOUND('',#217,.T.);
#139=FACE_OUTER_BOUND('',#218,.T.);
#140=FACE_OUTER_BOUND('',#219,.T.);
#141=FACE_OUTER_BOUND('',#220,.T.);
#142=FACE_OUTER_BOUND('',#221,.T.);
#143=FACE_OUTER_BOUND('',#222,.T.);
#144=FACE_OUTER_BOUND('',#223,.T.);
#145=FACE_OUTER_BOUND('',#224,.T.);
#146=FACE_OUTER_BOUND('',#231,.T.);
#147=FACE_OUTER_BOUND('',#232,.T.);
#148=FACE_OUTER_BOUND('',#233,.T.);
#149=FACE_OUTER_BOUND('',#234,.T.);
#150=FACE_OUTER_BOUND('',#235,.T.);
#151=FACE_OUTER_BOUND('',#236,.T.);
#152=FACE_OUTER_BOUND('',#237,.T.);
#153=FACE_OUTER_BOUND('',#238,.T.);
#154=FACE_OUTER_BOUND('',#239,.T.);
#155=FACE_OUTER_BOUND('',#240,.T.);
#156=FACE_OUTER_BOUND('',#241,.T.);
#157=FACE_OUTER_BOUND('',#242,.T.);
#158=FACE_OUTER_BOUND('',#243,.T.);
#159=FACE_OUTER_BOUND('',#244,.T.);
#160=FACE_OUTER_BOUND('',#245,.T.);
#161=FACE_OUTER_BOUND('',#246,.T.);
#162=FACE_OUTER_BOUND('',#247,.T.);
#163=FACE_OUTER_BOUND('',#248,.T.);
#164=FACE_OUTER_BOUND('',#249,.T.);
#165=FACE_OUTER_BOUND('',#250,.T.);
#166=FACE_OUTER_BOUND('',#251,.T.);
#167=FACE_OUTER_BOUND('',#253,.T.);
#168=FACE_OUTER_BOUND('',#254,.T.);
#169=FACE_OUTER_BOUND('',#255,.T.);
#170=FACE_OUTER_BOUND('',#256,.T.);
#171=FACE_OUTER_BOUND('',#257,.T.);
#172=FACE_OUTER_BOUND('',#258,.T.);
#173=FACE_OUTER_BOUND('',#259,.T.);
#174=FACE_OUTER_BOUND('',#260,.T.);
#175=FACE_OUTER_BOUND('',#261,.T.);
#176=EDGE_LOOP('',(#824,#825,#826,#827));
#177=EDGE_LOOP('',(#828,#829,#830,#831));
#178=EDGE_LOOP('',(#832,#833,#834,#835));
#179=EDGE_LOOP('',(#836,#837,#838,#839));
#180=EDGE_LOOP('',(#840,#841,#842,#843));
#181=EDGE_LOOP('',(#844,#845,#846,#847));
#182=EDGE_LOOP('',(#848,#849,#850,#851));
#183=EDGE_LOOP('',(#852));
#184=EDGE_LOOP('',(#853));
#185=EDGE_LOOP('',(#854,#855,#856,#857));
#186=EDGE_LOOP('',(#858));
#187=EDGE_LOOP('',(#859));
#188=EDGE_LOOP('',(#860,#861,#862,#863));
#189=EDGE_LOOP('',(#864));
#190=EDGE_LOOP('',(#865));
#191=EDGE_LOOP('',(#866,#867,#868,#869));
#192=EDGE_LOOP('',(#870));
#193=EDGE_LOOP('',(#871));
#194=EDGE_LOOP('',(#872,#873,#874,#875));
#195=EDGE_LOOP('',(#876));
#196=EDGE_LOOP('',(#877));
#197=EDGE_LOOP('',(#878,#879,#880,#881));
#198=EDGE_LOOP('',(#882));
#199=EDGE_LOOP('',(#883));
#200=EDGE_LOOP('',(#884,#885,#886,#887));
#201=EDGE_LOOP('',(#888,#889,#890,#891));
#202=EDGE_LOOP('',(#892,#893,#894,#895));
#203=EDGE_LOOP('',(#896,#897,#898,#899));
#204=EDGE_LOOP('',(#900,#901,#902,#903));
#205=EDGE_LOOP('',(#904,#905,#906,#907));
#206=EDGE_LOOP('',(#908,#909,#910,#911));
#207=EDGE_LOOP('',(#912,#913,#914,#915));
#208=EDGE_LOOP('',(#916,#917,#918,#919));
#209=EDGE_LOOP('',(#920,#921,#922,#923));
#210=EDGE_LOOP('',(#924,#925,#926,#927));
#211=EDGE_LOOP('',(#928,#929,#930,#931));
#212=EDGE_LOOP('',(#932,#933,#934,#935));
#213=EDGE_LOOP('',(#936,#937,#938,#939));
#214=EDGE_LOOP('',(#940,#941,#942,#943));
#215=EDGE_LOOP('',(#944,#945,#946,#947));
#216=EDGE_LOOP('',(#948,#949,#950,#951));
#217=EDGE_LOOP('',(#952,#953,#954,#955));
#218=EDGE_LOOP('',(#956,#957,#958,#959));
#219=EDGE_LOOP('',(#960,#961,#962,#963));
#220=EDGE_LOOP('',(#964,#965,#966,#967));
#221=EDGE_LOOP('',(#968,#969,#970,#971));
#222=EDGE_LOOP('',(#972,#973,#974,#975));
#223=EDGE_LOOP('',(#976,#977,#978,#979));
#224=EDGE_LOOP('',(#980,#981,#982,#983,#984,#985,#986,#987,#988,#989,#990,
#991,#992,#993,#994,#995));
#225=EDGE_LOOP('',(#996));
#226=EDGE_LOOP('',(#997));
#227=EDGE_LOOP('',(#998));
#228=EDGE_LOOP('',(#999));
#229=EDGE_LOOP('',(#1000));
#230=EDGE_LOOP('',(#1001));
#231=EDGE_LOOP('',(#1002,#1003,#1004,#1005));
#232=EDGE_LOOP('',(#1006));
#233=EDGE_LOOP('',(#1007,#1008,#1009,#1010));
#234=EDGE_LOOP('',(#1011));
#235=EDGE_LOOP('',(#1012,#1013,#1014,#1015));
#236=EDGE_LOOP('',(#1016,#1017,#1018,#1019));
#237=EDGE_LOOP('',(#1020,#1021,#1022,#1023));
#238=EDGE_LOOP('',(#1024,#1025,#1026,#1027));
#239=EDGE_LOOP('',(#1028,#1029,#1030,#1031));
#240=EDGE_LOOP('',(#1032,#1033,#1034,#1035));
#241=EDGE_LOOP('',(#1036,#1037,#1038,#1039));
#242=EDGE_LOOP('',(#1040,#1041,#1042,#1043));
#243=EDGE_LOOP('',(#1044,#1045,#1046,#1047));
#244=EDGE_LOOP('',(#1048,#1049,#1050,#1051));
#245=EDGE_LOOP('',(#1052,#1053,#1054,#1055));
#246=EDGE_LOOP('',(#1056,#1057,#1058,#1059));
#247=EDGE_LOOP('',(#1060,#1061,#1062,#1063));
#248=EDGE_LOOP('',(#1064,#1065,#1066,#1067));
#249=EDGE_LOOP('',(#1068,#1069,#1070,#1071));
#250=EDGE_LOOP('',(#1072,#1073,#1074,#1075));
#251=EDGE_LOOP('',(#1076,#1077,#1078,#1079,#1080,#1081,#1082,#1083,#1084,
#1085,#1086,#1087,#1088,#1089,#1090,#1091));
#252=EDGE_LOOP('',(#1092,#1093,#1094,#1095,#1096,#1097,#1098,#1099,#1100,
#1101,#1102,#1103,#1104,#1105,#1106,#1107));
#253=EDGE_LOOP('',(#1108,#1109,#1110,#1111));
#254=EDGE_LOOP('',(#1112,#1113,#1114,#1115));
#255=EDGE_LOOP('',(#1116,#1117,#1118,#1119));
#256=EDGE_LOOP('',(#1120,#1121,#1122,#1123));
#257=EDGE_LOOP('',(#1124,#1125,#1126,#1127));
#258=EDGE_LOOP('',(#1128,#1129,#1130,#1131));
#259=EDGE_LOOP('',(#1132,#1133,#1134,#1135));
#260=EDGE_LOOP('',(#1136,#1137,#1138,#1139));
#261=EDGE_LOOP('',(#1140,#1141,#1142,#1143,#1144,#1145,#1146,#1147,#1148,
#1149,#1150,#1151,#1152,#1153,#1154,#1155));
#262=EDGE_LOOP('',(#1156));
#263=EDGE_LOOP('',(#1157));
#264=EDGE_LOOP('',(#1158));
#265=EDGE_LOOP('',(#1159));
#266=EDGE_LOOP('',(#1160));
#267=EDGE_LOOP('',(#1161));
#268=EDGE_LOOP('',(#1162));
#269=EDGE_LOOP('',(#1163));
#270=LINE('',#1771,#384);
#271=LINE('',#1777,#385);
#272=LINE('',#1783,#386);
#273=LINE('',#1789,#387);
#274=LINE('',#1795,#388);
#275=LINE('',#1801,#389);
#276=LINE('',#1807,#390);
#277=LINE('',#1814,#391);
#278=LINE('',#1821,#392);
#279=LINE('',#1828,#393);
#280=LINE('',#1835,#394);
#281=LINE('',#1842,#395);
#282=LINE('',#1848,#396);
#283=LINE('',#1850,#397);
#284=LINE('',#1856,#398);
#285=LINE('',#1883,#399);
#286=LINE('',#1885,#400);
#287=LINE('',#1886,#401);
#288=LINE('',#1889,#402);
#289=LINE('',#1891,#403);
#290=LINE('',#1892,#404);
#291=LINE('',#1896,#405);
#292=LINE('',#1898,#406);
#293=LINE('',#1904,#407);
#294=LINE('',#1917,#408);
#295=LINE('',#1919,#409);
#296=LINE('',#1921,#410);
#297=LINE('',#1929,#411);
#298=LINE('',#1930,#412);
#299=LINE('',#1931,#413);
#300=LINE('',#1933,#414);
#301=LINE('',#1934,#415);
#302=LINE('',#1945,#416);
#303=LINE('',#1946,#417);
#304=LINE('',#1950,#418);
#305=LINE('',#1951,#419);
#306=LINE('',#1952,#420);
#307=LINE('',#1954,#421);
#308=LINE('',#1955,#422);
#309=LINE('',#1959,#423);
#310=LINE('',#1960,#424);
#311=LINE('',#1961,#425);
#312=LINE('',#1963,#426);
#313=LINE('',#1964,#427);
#314=LINE('',#1967,#428);
#315=LINE('',#1970,#429);
#316=LINE('',#1973,#430);
#317=LINE('',#1974,#431);
#318=LINE('',#1977,#432);
#319=LINE('',#1978,#433);
#320=LINE('',#1981,#434);
#321=LINE('',#1982,#435);
#322=LINE('',#1985,#436);
#323=LINE('',#1989,#437);
#324=LINE('',#1990,#438);
#325=LINE('',#1993,#439);
#326=LINE('',#1994,#440);
#327=LINE('',#1997,#441);
#328=LINE('',#1998,#442);
#329=LINE('',#2004,#443);
#330=LINE('',#2011,#444);
#331=LINE('',#2019,#445);
#332=LINE('',#2022,#446);
#333=LINE('',#2025,#447);
#334=LINE('',#2027,#448);
#335=LINE('',#2028,#449);
#336=LINE('',#2031,#450);
#337=LINE('',#2033,#451);
#338=LINE('',#2034,#452);
#339=LINE('',#2037,#453);
#340=LINE('',#2039,#454);
#341=LINE('',#2040,#455);
#342=LINE('',#2046,#456);
#343=LINE('',#2049,#457);
#344=LINE('',#2051,#458);
#345=LINE('',#2052,#459);
#346=LINE('',#2055,#460);
#347=LINE('',#2057,#461);
#348=LINE('',#2058,#462);
#349=LINE('',#2061,#463);
#350=LINE('',#2063,#464);
#351=LINE('',#2064,#465);
#352=LINE('',#2070,#466);
#353=LINE('',#2073,#467);
#354=LINE('',#2075,#468);
#355=LINE('',#2076,#469);
#356=LINE('',#2079,#470);
#357=LINE('',#2081,#471);
#358=LINE('',#2082,#472);
#359=LINE('',#2085,#473);
#360=LINE('',#2087,#474);
#361=LINE('',#2088,#475);
#362=LINE('',#2094,#476);
#363=LINE('',#2097,#477);
#364=LINE('',#2099,#478);
#365=LINE('',#2100,#479);
#366=LINE('',#2103,#480);
#367=LINE('',#2105,#481);
#368=LINE('',#2106,#482);
#369=LINE('',#2108,#483);
#370=LINE('',#2109,#484);
#371=LINE('',#2113,#485);
#372=LINE('',#2117,#486);
#373=LINE('',#2119,#487);
#374=LINE('',#2120,#488);
#375=LINE('',#2124,#489);
#376=LINE('',#2125,#490);
#377=LINE('',#2127,#491);
#378=LINE('',#2128,#492);
#379=LINE('',#2130,#493);
#380=LINE('',#2132,#494);
#381=LINE('',#2135,#495);
#382=LINE('',#2137,#496);
#383=LINE('',#2139,#497);
#384=VECTOR('',#1408,1.7);
#385=VECTOR('',#1415,1.7);
#386=VECTOR('',#1422,1.587462);
#387=VECTOR('',#1429,1.587462);
#388=VECTOR('',#1436,1.587462);
#389=VECTOR('',#1443,1.587462);
#390=VECTOR('',#1450,2.35);
#391=VECTOR('',#1459,2.35);
#392=VECTOR('',#1468,2.35);
#393=VECTOR('',#1477,2.35);
#394=VECTOR('',#1486,2.35);
#395=VECTOR('',#1495,2.35);
#396=VECTOR('',#1502,10.);
#397=VECTOR('',#1503,10.);
#398=VECTOR('',#1504,10.);
#399=VECTOR('',#1519,10.);
#400=VECTOR('',#1520,10.);
#401=VECTOR('',#1521,10.);
#402=VECTOR('',#1524,10.);
#403=VECTOR('',#1525,10.);
#404=VECTOR('',#1526,10.);
#405=VECTOR('',#1529,10.);
#406=VECTOR('',#1530,10.);
#407=VECTOR('',#1531,10.);
#408=VECTOR('',#1540,10.);
#409=VECTOR('',#1541,10.);
#410=VECTOR('',#1542,10.);
#411=VECTOR('',#1545,10.);
#412=VECTOR('',#1546,10.);
#413=VECTOR('',#1547,10.);
#414=VECTOR('',#1550,10.);
#415=VECTOR('',#1551,10.);
#416=VECTOR('',#1560,10.);
#417=VECTOR('',#1561,10.);
#418=VECTOR('',#1564,10.);
#419=VECTOR('',#1565,10.);
#420=VECTOR('',#1566,10.);
#421=VECTOR('',#1569,10.);
#422=VECTOR('',#1570,10.);
#423=VECTOR('',#1573,10.);
#424=VECTOR('',#1574,10.);
#425=VECTOR('',#1575,10.);
#426=VECTOR('',#1578,10.);
#427=VECTOR('',#1579,10.);
#428=VECTOR('',#1582,10.);
#429=VECTOR('',#1585,10.);
#430=VECTOR('',#1588,10.);
#431=VECTOR('',#1589,10.);
#432=VECTOR('',#1592,10.);
#433=VECTOR('',#1593,10.);
#434=VECTOR('',#1596,10.);
#435=VECTOR('',#1597,10.);
#436=VECTOR('',#1600,10.);
#437=VECTOR('',#1605,10.);
#438=VECTOR('',#1606,10.);
#439=VECTOR('',#1609,10.);
#440=VECTOR('',#1610,10.);
#441=VECTOR('',#1613,10.);
#442=VECTOR('',#1614,10.);
#443=VECTOR('',#1621,1.49999999999999);
#444=VECTOR('',#1630,1.49999999999999);
#445=VECTOR('',#1639,10.);
#446=VECTOR('',#1642,10.);
#447=VECTOR('',#1645,10.);
#448=VECTOR('',#1646,10.);
#449=VECTOR('',#1647,10.);
#450=VECTOR('',#1650,10.);
#451=VECTOR('',#1651,10.);
#452=VECTOR('',#1652,10.);
#453=VECTOR('',#1655,10.);
#454=VECTOR('',#1656,10.);
#455=VECTOR('',#1657,10.);
#456=VECTOR('',#1664,10.);
#457=VECTOR('',#1667,10.);
#458=VECTOR('',#1668,10.);
#459=VECTOR('',#1669,10.);
#460=VECTOR('',#1672,10.);
#461=VECTOR('',#1673,10.);
#462=VECTOR('',#1674,10.);
#463=VECTOR('',#1677,10.);
#464=VECTOR('',#1678,10.);
#465=VECTOR('',#1679,10.);
#466=VECTOR('',#1686,10.);
#467=VECTOR('',#1689,10.);
#468=VECTOR('',#1690,10.);
#469=VECTOR('',#1691,10.);
#470=VECTOR('',#1694,10.);
#471=VECTOR('',#1695,10.);
#472=VECTOR('',#1696,10.);
#473=VECTOR('',#1699,10.);
#474=VECTOR('',#1700,10.);
#475=VECTOR('',#1701,10.);
#476=VECTOR('',#1708,10.);
#477=VECTOR('',#1711,10.);
#478=VECTOR('',#1712,10.);
#479=VECTOR('',#1713,10.);
#480=VECTOR('',#1716,10.);
#481=VECTOR('',#1717,10.);
#482=VECTOR('',#1718,10.);
#483=VECTOR('',#1721,10.);
#484=VECTOR('',#1722,10.);
#485=VECTOR('',#1725,10.);
#486=VECTOR('',#1728,10.);
#487=VECTOR('',#1729,10.);
#488=VECTOR('',#1730,10.);
#489=VECTOR('',#1733,10.);
#490=VECTOR('',#1734,10.);
#491=VECTOR('',#1737,10.);
#492=VECTOR('',#1738,10.);
#493=VECTOR('',#1741,10.);
#494=VECTOR('',#1744,10.);
#495=VECTOR('',#1749,10.);
#496=VECTOR('',#1752,10.);
#497=VECTOR('',#1755,10.);
#498=CIRCLE('',#1276,1.7);
#499=CIRCLE('',#1277,1.7);
#500=CIRCLE('',#1279,1.7);
#501=CIRCLE('',#1280,1.7);
#502=CIRCLE('',#1282,1.587462);
#503=CIRCLE('',#1283,1.587462);
#504=CIRCLE('',#1285,1.587462);
#505=CIRCLE('',#1286,1.587462);
#506=CIRCLE('',#1288,1.587462);
#507=CIRCLE('',#1289,1.587462);
#508=CIRCLE('',#1291,1.587462);
#509=CIRCLE('',#1292,1.587462);
#510=CIRCLE('',#1294,2.35);
#511=CIRCLE('',#1295,2.35);
#512=CIRCLE('',#1298,2.35);
#513=CIRCLE('',#1299,2.35);
#514=CIRCLE('',#1302,2.35);
#515=CIRCLE('',#1303,2.35);
#516=CIRCLE('',#1306,2.35);
#517=CIRCLE('',#1307,2.35);
#518=CIRCLE('',#1310,2.35);
#519=CIRCLE('',#1311,2.35);
#520=CIRCLE('',#1314,2.35);
#521=CIRCLE('',#1315,2.35);
#522=CIRCLE('',#1319,2.502404561188);
#523=CIRCLE('',#1320,3.502404561188);
#524=CIRCLE('',#1322,3.50248452502301);
#525=CIRCLE('',#1323,2.50248452502301);
#526=CIRCLE('',#1328,2.502451359452);
#527=CIRCLE('',#1329,3.502451359452);
#528=CIRCLE('',#1334,3.50246140159198);
#529=CIRCLE('',#1335,2.502461401592);
#530=CIRCLE('',#1342,3.502404561188);
#531=CIRCLE('',#1347,3.502451359452);
#532=CIRCLE('',#1353,1.49999999999999);
#533=CIRCLE('',#1354,1.49999999999999);
#534=CIRCLE('',#1357,1.49999999999999);
#535=CIRCLE('',#1358,1.49999999999999);
#536=CIRCLE('',#1361,1.50248452502301);
#537=CIRCLE('',#1362,1.50248452502301);
#538=CIRCLE('',#1367,1.502404561188);
#539=CIRCLE('',#1368,1.502404561188);
#540=CIRCLE('',#1373,1.502451359452);
#541=CIRCLE('',#1374,1.502451359452);
#542=CIRCLE('',#1379,1.50246140159198);
#543=CIRCLE('',#1380,1.50246140159198);
#544=CIRCLE('',#1385,3.50248452502301);
#545=CIRCLE('',#1386,3.50246140159198);
#546=VERTEX_POINT('',#1768);
#547=VERTEX_POINT('',#1770);
#548=VERTEX_POINT('',#1774);
#549=VERTEX_POINT('',#1776);
#550=VERTEX_POINT('',#1780);
#551=VERTEX_POINT('',#1782);
#552=VERTEX_POINT('',#1786);
#553=VERTEX_POINT('',#1788);
#554=VERTEX_POINT('',#1792);
#555=VERTEX_POINT('',#1794);
#556=VERTEX_POINT('',#1798);
#557=VERTEX_POINT('',#1800);
#558=VERTEX_POINT('',#1804);
#559=VERTEX_POINT('',#1806);
#560=VERTEX_POINT('',#1811);
#561=VERTEX_POINT('',#1813);
#562=VERTEX_POINT('',#1818);
#563=VERTEX_POINT('',#1820);
#564=VERTEX_POINT('',#1825);
#565=VERTEX_POINT('',#1827);
#566=VERTEX_POINT('',#1832);
#567=VERTEX_POINT('',#1834);
#568=VERTEX_POINT('',#1839);
#569=VERTEX_POINT('',#1841);
#570=VERTEX_POINT('',#1846);
#571=VERTEX_POINT('',#1847);
#572=VERTEX_POINT('',#1849);
#573=VERTEX_POINT('',#1851);
#574=VERTEX_POINT('',#1858);
#575=VERTEX_POINT('',#1860);
#576=VERTEX_POINT('',#1867);
#577=VERTEX_POINT('',#1868);
#578=VERTEX_POINT('',#1870);
#579=VERTEX_POINT('',#1875);
#580=VERTEX_POINT('',#1882);
#581=VERTEX_POINT('',#1884);
#582=VERTEX_POINT('',#1888);
#583=VERTEX_POINT('',#1890);
#584=VERTEX_POINT('',#1894);
#585=VERTEX_POINT('',#1895);
#586=VERTEX_POINT('',#1897);
#587=VERTEX_POINT('',#1899);
#588=VERTEX_POINT('',#1906);
#589=VERTEX_POINT('',#1908);
#590=VERTEX_POINT('',#1915);
#591=VERTEX_POINT('',#1916);
#592=VERTEX_POINT('',#1918);
#593=VERTEX_POINT('',#1920);
#594=VERTEX_POINT('',#1927);
#595=VERTEX_POINT('',#1928);
#596=VERTEX_POINT('',#1936);
#597=VERTEX_POINT('',#1938);
#598=VERTEX_POINT('',#1948);
#599=VERTEX_POINT('',#1949);
#600=VERTEX_POINT('',#1957);
#601=VERTEX_POINT('',#1958);
#602=VERTEX_POINT('',#1966);
#603=VERTEX_POINT('',#1968);
#604=VERTEX_POINT('',#1972);
#605=VERTEX_POINT('',#1976);
#606=VERTEX_POINT('',#1980);
#607=VERTEX_POINT('',#1984);
#608=VERTEX_POINT('',#1988);
#609=VERTEX_POINT('',#1992);
#610=VERTEX_POINT('',#1996);
#611=VERTEX_POINT('',#2001);
#612=VERTEX_POINT('',#2003);
#613=VERTEX_POINT('',#2008);
#614=VERTEX_POINT('',#2010);
#615=VERTEX_POINT('',#2015);
#616=VERTEX_POINT('',#2016);
#617=VERTEX_POINT('',#2018);
#618=VERTEX_POINT('',#2020);
#619=VERTEX_POINT('',#2024);
#620=VERTEX_POINT('',#2026);
#621=VERTEX_POINT('',#2030);
#622=VERTEX_POINT('',#2032);
#623=VERTEX_POINT('',#2036);
#624=VERTEX_POINT('',#2038);
#625=VERTEX_POINT('',#2042);
#626=VERTEX_POINT('',#2044);
#627=VERTEX_POINT('',#2048);
#628=VERTEX_POINT('',#2050);
#629=VERTEX_POINT('',#2054);
#630=VERTEX_POINT('',#2056);
#631=VERTEX_POINT('',#2060);
#632=VERTEX_POINT('',#2062);
#633=VERTEX_POINT('',#2066);
#634=VERTEX_POINT('',#2068);
#635=VERTEX_POINT('',#2072);
#636=VERTEX_POINT('',#2074);
#637=VERTEX_POINT('',#2078);
#638=VERTEX_POINT('',#2080);
#639=VERTEX_POINT('',#2084);
#640=VERTEX_POINT('',#2086);
#641=VERTEX_POINT('',#2090);
#642=VERTEX_POINT('',#2092);
#643=VERTEX_POINT('',#2096);
#644=VERTEX_POINT('',#2098);
#645=VERTEX_POINT('',#2102);
#646=VERTEX_POINT('',#2104);
#647=VERTEX_POINT('',#2111);
#648=VERTEX_POINT('',#2112);
#649=VERTEX_POINT('',#2114);
#650=VERTEX_POINT('',#2116);
#651=VERTEX_POINT('',#2118);
#652=VERTEX_POINT('',#2121);
#653=VERTEX_POINT('',#2123);
#654=EDGE_CURVE('',#546,#546,#498,.T.);
#655=EDGE_CURVE('',#546,#547,#270,.T.);
#656=EDGE_CURVE('',#547,#547,#499,.T.);
#657=EDGE_CURVE('',#548,#548,#500,.T.);
#658=EDGE_CURVE('',#548,#549,#271,.T.);
#659=EDGE_CURVE('',#549,#549,#501,.T.);
#660=EDGE_CURVE('',#550,#550,#502,.T.);
#661=EDGE_CURVE('',#550,#551,#272,.T.);
#662=EDGE_CURVE('',#551,#551,#503,.T.);
#663=EDGE_CURVE('',#552,#552,#504,.T.);
#664=EDGE_CURVE('',#552,#553,#273,.T.);
#665=EDGE_CURVE('',#553,#553,#505,.T.);
#666=EDGE_CURVE('',#554,#554,#506,.T.);
#667=EDGE_CURVE('',#554,#555,#274,.T.);
#668=EDGE_CURVE('',#555,#555,#507,.T.);
#669=EDGE_CURVE('',#556,#556,#508,.T.);
#670=EDGE_CURVE('',#556,#557,#275,.T.);
#671=EDGE_CURVE('',#557,#557,#509,.T.);
#672=EDGE_CURVE('',#558,#558,#510,.T.);
#673=EDGE_CURVE('',#558,#559,#276,.T.);
#674=EDGE_CURVE('',#559,#559,#511,.T.);
#675=EDGE_CURVE('',#560,#560,#512,.T.);
#676=EDGE_CURVE('',#560,#561,#277,.T.);
#677=EDGE_CURVE('',#561,#561,#513,.T.);
#678=EDGE_CURVE('',#562,#562,#514,.T.);
#679=EDGE_CURVE('',#562,#563,#278,.T.);
#680=EDGE_CURVE('',#563,#563,#515,.T.);
#681=EDGE_CURVE('',#564,#564,#516,.T.);
#682=EDGE_CURVE('',#564,#565,#279,.T.);
#683=EDGE_CURVE('',#565,#565,#517,.T.);
#684=EDGE_CURVE('',#566,#566,#518,.T.);
#685=EDGE_CURVE('',#566,#567,#280,.T.);
#686=EDGE_CURVE('',#567,#567,#519,.T.);
#687=EDGE_CURVE('',#568,#568,#520,.T.);
#688=EDGE_CURVE('',#568,#569,#281,.T.);
#689=EDGE_CURVE('',#569,#569,#521,.T.);
#690=EDGE_CURVE('',#570,#571,#282,.T.);
#691=EDGE_CURVE('',#571,#572,#283,.T.);
#692=EDGE_CURVE('',#572,#573,#27,.T.);
#693=EDGE_CURVE('',#573,#570,#284,.T.);
#694=EDGE_CURVE('',#572,#574,#522,.T.);
#695=EDGE_CURVE('',#574,#575,#28,.T.);
#696=EDGE_CURVE('',#575,#573,#523,.T.);
#697=EDGE_CURVE('',#576,#577,#524,.T.);
#698=EDGE_CURVE('',#577,#578,#29,.T.);
#699=EDGE_CURVE('',#578,#579,#525,.T.);
#700=EDGE_CURVE('',#579,#576,#30,.T.);
#701=EDGE_CURVE('',#577,#580,#285,.T.);
#702=EDGE_CURVE('',#580,#581,#286,.T.);
#703=EDGE_CURVE('',#581,#578,#287,.T.);
#704=EDGE_CURVE('',#580,#582,#288,.T.);
#705=EDGE_CURVE('',#582,#583,#289,.T.);
#706=EDGE_CURVE('',#583,#581,#290,.T.);
#707=EDGE_CURVE('',#584,#585,#291,.T.);
#708=EDGE_CURVE('',#585,#586,#292,.T.);
#709=EDGE_CURVE('',#586,#587,#31,.T.);
#710=EDGE_CURVE('',#587,#584,#293,.T.);
#711=EDGE_CURVE('',#586,#588,#526,.T.);
#712=EDGE_CURVE('',#588,#589,#32,.T.);
#713=EDGE_CURVE('',#589,#587,#527,.T.);
#714=EDGE_CURVE('',#590,#591,#294,.T.);
#715=EDGE_CURVE('',#591,#592,#295,.T.);
#716=EDGE_CURVE('',#592,#593,#296,.T.);
#717=EDGE_CURVE('',#593,#590,#33,.T.);
#718=EDGE_CURVE('',#594,#595,#297,.T.);
#719=EDGE_CURVE('',#595,#592,#298,.T.);
#720=EDGE_CURVE('',#591,#594,#299,.T.);
#721=EDGE_CURVE('',#588,#595,#300,.T.);
#722=EDGE_CURVE('',#594,#589,#301,.T.);
#723=EDGE_CURVE('',#596,#590,#528,.T.);
#724=EDGE_CURVE('',#593,#597,#529,.T.);
#725=EDGE_CURVE('',#597,#596,#34,.T.);
#726=EDGE_CURVE('',#582,#596,#302,.T.);
#727=EDGE_CURVE('',#597,#583,#303,.T.);
#728=EDGE_CURVE('',#598,#599,#304,.T.);
#729=EDGE_CURVE('',#599,#585,#305,.T.);
#730=EDGE_CURVE('',#584,#598,#306,.T.);
#731=EDGE_CURVE('',#574,#599,#307,.T.);
#732=EDGE_CURVE('',#598,#575,#308,.T.);
#733=EDGE_CURVE('',#600,#601,#309,.T.);
#734=EDGE_CURVE('',#600,#576,#310,.T.);
#735=EDGE_CURVE('',#579,#601,#311,.T.);
#736=EDGE_CURVE('',#601,#571,#312,.T.);
#737=EDGE_CURVE('',#570,#600,#313,.T.);
#738=EDGE_CURVE('',#575,#602,#314,.T.);
#739=EDGE_CURVE('',#603,#602,#530,.T.);
#740=EDGE_CURVE('',#573,#603,#315,.T.);
#741=EDGE_CURVE('',#598,#604,#316,.T.);
#742=EDGE_CURVE('',#602,#604,#317,.T.);
#743=EDGE_CURVE('',#584,#605,#318,.T.);
#744=EDGE_CURVE('',#604,#605,#319,.T.);
#745=EDGE_CURVE('',#587,#606,#320,.T.);
#746=EDGE_CURVE('',#605,#606,#321,.T.);
#747=EDGE_CURVE('',#589,#607,#322,.T.);
#748=EDGE_CURVE('',#606,#607,#531,.T.);
#749=EDGE_CURVE('',#594,#608,#323,.T.);
#750=EDGE_CURVE('',#607,#608,#324,.T.);
#751=EDGE_CURVE('',#591,#609,#325,.T.);
#752=EDGE_CURVE('',#608,#609,#326,.T.);
#753=EDGE_CURVE('',#590,#610,#327,.T.);
#754=EDGE_CURVE('',#609,#610,#328,.T.);
#755=EDGE_CURVE('',#611,#611,#532,.T.);
#756=EDGE_CURVE('',#611,#612,#329,.T.);
#757=EDGE_CURVE('',#612,#612,#533,.T.);
#758=EDGE_CURVE('',#613,#613,#534,.T.);
#759=EDGE_CURVE('',#613,#614,#330,.T.);
#760=EDGE_CURVE('',#614,#614,#535,.T.);
#761=EDGE_CURVE('',#615,#616,#536,.T.);
#762=EDGE_CURVE('',#615,#617,#331,.T.);
#763=EDGE_CURVE('',#618,#617,#537,.T.);
#764=EDGE_CURVE('',#616,#618,#332,.T.);
#765=EDGE_CURVE('',#616,#619,#333,.T.);
#766=EDGE_CURVE('',#620,#618,#334,.T.);
#767=EDGE_CURVE('',#619,#620,#335,.T.);
#768=EDGE_CURVE('',#619,#621,#336,.T.);
#769=EDGE_CURVE('',#622,#620,#337,.T.);
#770=EDGE_CURVE('',#621,#622,#338,.T.);
#771=EDGE_CURVE('',#621,#623,#339,.T.);
#772=EDGE_CURVE('',#624,#622,#340,.T.);
#773=EDGE_CURVE('',#623,#624,#341,.T.);
#774=EDGE_CURVE('',#623,#625,#538,.T.);
#775=EDGE_CURVE('',#626,#624,#539,.T.);
#776=EDGE_CURVE('',#625,#626,#342,.T.);
#777=EDGE_CURVE('',#625,#627,#343,.T.);
#778=EDGE_CURVE('',#628,#626,#344,.T.);
#779=EDGE_CURVE('',#627,#628,#345,.T.);
#780=EDGE_CURVE('',#627,#629,#346,.T.);
#781=EDGE_CURVE('',#630,#628,#347,.T.);
#782=EDGE_CURVE('',#629,#630,#348,.T.);
#783=EDGE_CURVE('',#629,#631,#349,.T.);
#784=EDGE_CURVE('',#632,#630,#350,.T.);
#785=EDGE_CURVE('',#631,#632,#351,.T.);
#786=EDGE_CURVE('',#631,#633,#540,.T.);
#787=EDGE_CURVE('',#634,#632,#541,.T.);
#788=EDGE_CURVE('',#633,#634,#352,.T.);
#789=EDGE_CURVE('',#633,#635,#353,.T.);
#790=EDGE_CURVE('',#636,#634,#354,.T.);
#791=EDGE_CURVE('',#635,#636,#355,.T.);
#792=EDGE_CURVE('',#635,#637,#356,.T.);
#793=EDGE_CURVE('',#638,#636,#357,.T.);
#794=EDGE_CURVE('',#637,#638,#358,.T.);
#795=EDGE_CURVE('',#637,#639,#359,.T.);
#796=EDGE_CURVE('',#640,#638,#360,.T.);
#797=EDGE_CURVE('',#639,#640,#361,.T.);
#798=EDGE_CURVE('',#639,#641,#542,.T.);
#799=EDGE_CURVE('',#642,#640,#543,.T.);
#800=EDGE_CURVE('',#641,#642,#362,.T.);
#801=EDGE_CURVE('',#641,#643,#363,.T.);
#802=EDGE_CURVE('',#644,#642,#364,.T.);
#803=EDGE_CURVE('',#643,#644,#365,.T.);
#804=EDGE_CURVE('',#643,#645,#366,.T.);
#805=EDGE_CURVE('',#646,#644,#367,.T.);
#806=EDGE_CURVE('',#645,#646,#368,.T.);
#807=EDGE_CURVE('',#645,#615,#369,.T.);
#808=EDGE_CURVE('',#617,#646,#370,.T.);
#809=EDGE_CURVE('',#647,#648,#371,.T.);
#810=EDGE_CURVE('',#648,#649,#544,.T.);
#811=EDGE_CURVE('',#649,#650,#372,.T.);
#812=EDGE_CURVE('',#650,#651,#373,.T.);
#813=EDGE_CURVE('',#651,#603,#374,.T.);
#814=EDGE_CURVE('',#610,#652,#545,.T.);
#815=EDGE_CURVE('',#652,#653,#375,.T.);
#816=EDGE_CURVE('',#653,#647,#376,.T.);
#817=EDGE_CURVE('',#577,#648,#377,.T.);
#818=EDGE_CURVE('',#580,#647,#378,.T.);
#819=EDGE_CURVE('',#582,#653,#379,.T.);
#820=EDGE_CURVE('',#596,#652,#380,.T.);
#821=EDGE_CURVE('',#570,#651,#381,.T.);
#822=EDGE_CURVE('',#600,#650,#382,.T.);
#823=EDGE_CURVE('',#576,#649,#383,.T.);
#824=ORIENTED_EDGE('',*,*,#654,.F.);
#825=ORIENTED_EDGE('',*,*,#655,.T.);
#826=ORIENTED_EDGE('',*,*,#656,.F.);
#827=ORIENTED_EDGE('',*,*,#655,.F.);
#828=ORIENTED_EDGE('',*,*,#657,.F.);
#829=ORIENTED_EDGE('',*,*,#658,.T.);
#830=ORIENTED_EDGE('',*,*,#659,.F.);
#831=ORIENTED_EDGE('',*,*,#658,.F.);
#832=ORIENTED_EDGE('',*,*,#660,.F.);
#833=ORIENTED_EDGE('',*,*,#661,.T.);
#834=ORIENTED_EDGE('',*,*,#662,.F.);
#835=ORIENTED_EDGE('',*,*,#661,.F.);
#836=ORIENTED_EDGE('',*,*,#663,.F.);
#837=ORIENTED_EDGE('',*,*,#664,.T.);
#838=ORIENTED_EDGE('',*,*,#665,.F.);
#839=ORIENTED_EDGE('',*,*,#664,.F.);
#840=ORIENTED_EDGE('',*,*,#666,.F.);
#841=ORIENTED_EDGE('',*,*,#667,.T.);
#842=ORIENTED_EDGE('',*,*,#668,.F.);
#843=ORIENTED_EDGE('',*,*,#667,.F.);
#844=ORIENTED_EDGE('',*,*,#669,.F.);
#845=ORIENTED_EDGE('',*,*,#670,.T.);
#846=ORIENTED_EDGE('',*,*,#671,.F.);
#847=ORIENTED_EDGE('',*,*,#670,.F.);
#848=ORIENTED_EDGE('',*,*,#672,.F.);
#849=ORIENTED_EDGE('',*,*,#673,.T.);
#850=ORIENTED_EDGE('',*,*,#674,.T.);
#851=ORIENTED_EDGE('',*,*,#673,.F.);
#852=ORIENTED_EDGE('',*,*,#674,.F.);
#853=ORIENTED_EDGE('',*,*,#665,.T.);
#854=ORIENTED_EDGE('',*,*,#675,.F.);
#855=ORIENTED_EDGE('',*,*,#676,.T.);
#856=ORIENTED_EDGE('',*,*,#677,.T.);
#857=ORIENTED_EDGE('',*,*,#676,.F.);
#858=ORIENTED_EDGE('',*,*,#677,.F.);
#859=ORIENTED_EDGE('',*,*,#654,.T.);
#860=ORIENTED_EDGE('',*,*,#678,.F.);
#861=ORIENTED_EDGE('',*,*,#679,.T.);
#862=ORIENTED_EDGE('',*,*,#680,.T.);
#863=ORIENTED_EDGE('',*,*,#679,.F.);
#864=ORIENTED_EDGE('',*,*,#680,.F.);
#865=ORIENTED_EDGE('',*,*,#668,.T.);
#866=ORIENTED_EDGE('',*,*,#681,.F.);
#867=ORIENTED_EDGE('',*,*,#682,.T.);
#868=ORIENTED_EDGE('',*,*,#683,.T.);
#869=ORIENTED_EDGE('',*,*,#682,.F.);
#870=ORIENTED_EDGE('',*,*,#683,.F.);
#871=ORIENTED_EDGE('',*,*,#671,.T.);
#872=ORIENTED_EDGE('',*,*,#684,.F.);
#873=ORIENTED_EDGE('',*,*,#685,.T.);
#874=ORIENTED_EDGE('',*,*,#686,.T.);
#875=ORIENTED_EDGE('',*,*,#685,.F.);
#876=ORIENTED_EDGE('',*,*,#686,.F.);
#877=ORIENTED_EDGE('',*,*,#657,.T.);
#878=ORIENTED_EDGE('',*,*,#687,.F.);
#879=ORIENTED_EDGE('',*,*,#688,.T.);
#880=ORIENTED_EDGE('',*,*,#689,.T.);
#881=ORIENTED_EDGE('',*,*,#688,.F.);
#882=ORIENTED_EDGE('',*,*,#689,.F.);
#883=ORIENTED_EDGE('',*,*,#662,.T.);
#884=ORIENTED_EDGE('',*,*,#690,.T.);
#885=ORIENTED_EDGE('',*,*,#691,.T.);
#886=ORIENTED_EDGE('',*,*,#692,.T.);
#887=ORIENTED_EDGE('',*,*,#693,.T.);
#888=ORIENTED_EDGE('',*,*,#694,.T.);
#889=ORIENTED_EDGE('',*,*,#695,.T.);
#890=ORIENTED_EDGE('',*,*,#696,.T.);
#891=ORIENTED_EDGE('',*,*,#692,.F.);
#892=ORIENTED_EDGE('',*,*,#697,.T.);
#893=ORIENTED_EDGE('',*,*,#698,.T.);
#894=ORIENTED_EDGE('',*,*,#699,.T.);
#895=ORIENTED_EDGE('',*,*,#700,.T.);
#896=ORIENTED_EDGE('',*,*,#701,.T.);
#897=ORIENTED_EDGE('',*,*,#702,.T.);
#898=ORIENTED_EDGE('',*,*,#703,.T.);
#899=ORIENTED_EDGE('',*,*,#698,.F.);
#900=ORIENTED_EDGE('',*,*,#702,.F.);
#901=ORIENTED_EDGE('',*,*,#704,.T.);
#902=ORIENTED_EDGE('',*,*,#705,.T.);
#903=ORIENTED_EDGE('',*,*,#706,.T.);
#904=ORIENTED_EDGE('',*,*,#707,.T.);
#905=ORIENTED_EDGE('',*,*,#708,.T.);
#906=ORIENTED_EDGE('',*,*,#709,.T.);
#907=ORIENTED_EDGE('',*,*,#710,.T.);
#908=ORIENTED_EDGE('',*,*,#711,.T.);
#909=ORIENTED_EDGE('',*,*,#712,.T.);
#910=ORIENTED_EDGE('',*,*,#713,.T.);
#911=ORIENTED_EDGE('',*,*,#709,.F.);
#912=ORIENTED_EDGE('',*,*,#714,.T.);
#913=ORIENTED_EDGE('',*,*,#715,.T.);
#914=ORIENTED_EDGE('',*,*,#716,.T.);
#915=ORIENTED_EDGE('',*,*,#717,.T.);
#916=ORIENTED_EDGE('',*,*,#718,.T.);
#917=ORIENTED_EDGE('',*,*,#719,.T.);
#918=ORIENTED_EDGE('',*,*,#715,.F.);
#919=ORIENTED_EDGE('',*,*,#720,.T.);
#920=ORIENTED_EDGE('',*,*,#721,.T.);
#921=ORIENTED_EDGE('',*,*,#718,.F.);
#922=ORIENTED_EDGE('',*,*,#722,.T.);
#923=ORIENTED_EDGE('',*,*,#712,.F.);
#924=ORIENTED_EDGE('',*,*,#723,.T.);
#925=ORIENTED_EDGE('',*,*,#717,.F.);
#926=ORIENTED_EDGE('',*,*,#724,.T.);
#927=ORIENTED_EDGE('',*,*,#725,.T.);
#928=ORIENTED_EDGE('',*,*,#705,.F.);
#929=ORIENTED_EDGE('',*,*,#726,.T.);
#930=ORIENTED_EDGE('',*,*,#725,.F.);
#931=ORIENTED_EDGE('',*,*,#727,.T.);
#932=ORIENTED_EDGE('',*,*,#728,.T.);
#933=ORIENTED_EDGE('',*,*,#729,.T.);
#934=ORIENTED_EDGE('',*,*,#707,.F.);
#935=ORIENTED_EDGE('',*,*,#730,.T.);
#936=ORIENTED_EDGE('',*,*,#731,.T.);
#937=ORIENTED_EDGE('',*,*,#728,.F.);
#938=ORIENTED_EDGE('',*,*,#732,.T.);
#939=ORIENTED_EDGE('',*,*,#695,.F.);
#940=ORIENTED_EDGE('',*,*,#733,.F.);
#941=ORIENTED_EDGE('',*,*,#734,.T.);
#942=ORIENTED_EDGE('',*,*,#700,.F.);
#943=ORIENTED_EDGE('',*,*,#735,.T.);
#944=ORIENTED_EDGE('',*,*,#733,.T.);
#945=ORIENTED_EDGE('',*,*,#736,.T.);
#946=ORIENTED_EDGE('',*,*,#690,.F.);
#947=ORIENTED_EDGE('',*,*,#737,.T.);
#948=ORIENTED_EDGE('',*,*,#696,.F.);
#949=ORIENTED_EDGE('',*,*,#738,.T.);
#950=ORIENTED_EDGE('',*,*,#739,.F.);
#951=ORIENTED_EDGE('',*,*,#740,.F.);
#952=ORIENTED_EDGE('',*,*,#732,.F.);
#953=ORIENTED_EDGE('',*,*,#741,.T.);
#954=ORIENTED_EDGE('',*,*,#742,.F.);
#955=ORIENTED_EDGE('',*,*,#738,.F.);
#956=ORIENTED_EDGE('',*,*,#730,.F.);
#957=ORIENTED_EDGE('',*,*,#743,.T.);
#958=ORIENTED_EDGE('',*,*,#744,.F.);
#959=ORIENTED_EDGE('',*,*,#741,.F.);
#960=ORIENTED_EDGE('',*,*,#710,.F.);
#961=ORIENTED_EDGE('',*,*,#745,.T.);
#962=ORIENTED_EDGE('',*,*,#746,.F.);
#963=ORIENTED_EDGE('',*,*,#743,.F.);
#964=ORIENTED_EDGE('',*,*,#713,.F.);
#965=ORIENTED_EDGE('',*,*,#747,.T.);
#966=ORIENTED_EDGE('',*,*,#748,.F.);
#967=ORIENTED_EDGE('',*,*,#745,.F.);
#968=ORIENTED_EDGE('',*,*,#722,.F.);
#969=ORIENTED_EDGE('',*,*,#749,.T.);
#970=ORIENTED_EDGE('',*,*,#750,.F.);
#971=ORIENTED_EDGE('',*,*,#747,.F.);
#972=ORIENTED_EDGE('',*,*,#720,.F.);
#973=ORIENTED_EDGE('',*,*,#751,.T.);
#974=ORIENTED_EDGE('',*,*,#752,.F.);
#975=ORIENTED_EDGE('',*,*,#749,.F.);
#976=ORIENTED_EDGE('',*,*,#714,.F.);
#977=ORIENTED_EDGE('',*,*,#753,.T.);
#978=ORIENTED_EDGE('',*,*,#754,.F.);
#979=ORIENTED_EDGE('',*,*,#751,.F.);
#980=ORIENTED_EDGE('',*,*,#716,.F.);
#981=ORIENTED_EDGE('',*,*,#719,.F.);
#982=ORIENTED_EDGE('',*,*,#721,.F.);
#983=ORIENTED_EDGE('',*,*,#711,.F.);
#984=ORIENTED_EDGE('',*,*,#708,.F.);
#985=ORIENTED_EDGE('',*,*,#729,.F.);
#986=ORIENTED_EDGE('',*,*,#731,.F.);
#987=ORIENTED_EDGE('',*,*,#694,.F.);
#988=ORIENTED_EDGE('',*,*,#691,.F.);
#989=ORIENTED_EDGE('',*,*,#736,.F.);
#990=ORIENTED_EDGE('',*,*,#735,.F.);
#991=ORIENTED_EDGE('',*,*,#699,.F.);
#992=ORIENTED_EDGE('',*,*,#703,.F.);
#993=ORIENTED_EDGE('',*,*,#706,.F.);
#994=ORIENTED_EDGE('',*,*,#727,.F.);
#995=ORIENTED_EDGE('',*,*,#724,.F.);
#996=ORIENTED_EDGE('',*,*,#687,.T.);
#997=ORIENTED_EDGE('',*,*,#684,.T.);
#998=ORIENTED_EDGE('',*,*,#681,.T.);
#999=ORIENTED_EDGE('',*,*,#678,.T.);
#1000=ORIENTED_EDGE('',*,*,#675,.T.);
#1001=ORIENTED_EDGE('',*,*,#672,.T.);
#1002=ORIENTED_EDGE('',*,*,#755,.F.);
#1003=ORIENTED_EDGE('',*,*,#756,.T.);
#1004=ORIENTED_EDGE('',*,*,#757,.F.);
#1005=ORIENTED_EDGE('',*,*,#756,.F.);
#1006=ORIENTED_EDGE('',*,*,#755,.T.);
#1007=ORIENTED_EDGE('',*,*,#758,.F.);
#1008=ORIENTED_EDGE('',*,*,#759,.T.);
#1009=ORIENTED_EDGE('',*,*,#760,.F.);
#1010=ORIENTED_EDGE('',*,*,#759,.F.);
#1011=ORIENTED_EDGE('',*,*,#758,.T.);
#1012=ORIENTED_EDGE('',*,*,#761,.F.);
#1013=ORIENTED_EDGE('',*,*,#762,.T.);
#1014=ORIENTED_EDGE('',*,*,#763,.F.);
#1015=ORIENTED_EDGE('',*,*,#764,.F.);
#1016=ORIENTED_EDGE('',*,*,#765,.F.);
#1017=ORIENTED_EDGE('',*,*,#764,.T.);
#1018=ORIENTED_EDGE('',*,*,#766,.F.);
#1019=ORIENTED_EDGE('',*,*,#767,.F.);
#1020=ORIENTED_EDGE('',*,*,#768,.F.);
#1021=ORIENTED_EDGE('',*,*,#767,.T.);
#1022=ORIENTED_EDGE('',*,*,#769,.F.);
#1023=ORIENTED_EDGE('',*,*,#770,.F.);
#1024=ORIENTED_EDGE('',*,*,#771,.F.);
#1025=ORIENTED_EDGE('',*,*,#770,.T.);
#1026=ORIENTED_EDGE('',*,*,#772,.F.);
#1027=ORIENTED_EDGE('',*,*,#773,.F.);
#1028=ORIENTED_EDGE('',*,*,#774,.F.);
#1029=ORIENTED_EDGE('',*,*,#773,.T.);
#1030=ORIENTED_EDGE('',*,*,#775,.F.);
#1031=ORIENTED_EDGE('',*,*,#776,.F.);
#1032=ORIENTED_EDGE('',*,*,#777,.F.);
#1033=ORIENTED_EDGE('',*,*,#776,.T.);
#1034=ORIENTED_EDGE('',*,*,#778,.F.);
#1035=ORIENTED_EDGE('',*,*,#779,.F.);
#1036=ORIENTED_EDGE('',*,*,#780,.F.);
#1037=ORIENTED_EDGE('',*,*,#779,.T.);
#1038=ORIENTED_EDGE('',*,*,#781,.F.);
#1039=ORIENTED_EDGE('',*,*,#782,.F.);
#1040=ORIENTED_EDGE('',*,*,#783,.F.);
#1041=ORIENTED_EDGE('',*,*,#782,.T.);
#1042=ORIENTED_EDGE('',*,*,#784,.F.);
#1043=ORIENTED_EDGE('',*,*,#785,.F.);
#1044=ORIENTED_EDGE('',*,*,#786,.F.);
#1045=ORIENTED_EDGE('',*,*,#785,.T.);
#1046=ORIENTED_EDGE('',*,*,#787,.F.);
#1047=ORIENTED_EDGE('',*,*,#788,.F.);
#1048=ORIENTED_EDGE('',*,*,#789,.F.);
#1049=ORIENTED_EDGE('',*,*,#788,.T.);
#1050=ORIENTED_EDGE('',*,*,#790,.F.);
#1051=ORIENTED_EDGE('',*,*,#791,.F.);
#1052=ORIENTED_EDGE('',*,*,#792,.F.);
#1053=ORIENTED_EDGE('',*,*,#791,.T.);
#1054=ORIENTED_EDGE('',*,*,#793,.F.);
#1055=ORIENTED_EDGE('',*,*,#794,.F.);
#1056=ORIENTED_EDGE('',*,*,#795,.F.);
#1057=ORIENTED_EDGE('',*,*,#794,.T.);
#1058=ORIENTED_EDGE('',*,*,#796,.F.);
#1059=ORIENTED_EDGE('',*,*,#797,.F.);
#1060=ORIENTED_EDGE('',*,*,#798,.F.);
#1061=ORIENTED_EDGE('',*,*,#797,.T.);
#1062=ORIENTED_EDGE('',*,*,#799,.F.);
#1063=ORIENTED_EDGE('',*,*,#800,.F.);
#1064=ORIENTED_EDGE('',*,*,#801,.F.);
#1065=ORIENTED_EDGE('',*,*,#800,.T.);
#1066=ORIENTED_EDGE('',*,*,#802,.F.);
#1067=ORIENTED_EDGE('',*,*,#803,.F.);
#1068=ORIENTED_EDGE('',*,*,#804,.F.);
#1069=ORIENTED_EDGE('',*,*,#803,.T.);
#1070=ORIENTED_EDGE('',*,*,#805,.F.);
#1071=ORIENTED_EDGE('',*,*,#806,.F.);
#1072=ORIENTED_EDGE('',*,*,#807,.F.);
#1073=ORIENTED_EDGE('',*,*,#806,.T.);
#1074=ORIENTED_EDGE('',*,*,#808,.F.);
#1075=ORIENTED_EDGE('',*,*,#762,.F.);
#1076=ORIENTED_EDGE('',*,*,#809,.T.);
#1077=ORIENTED_EDGE('',*,*,#810,.T.);
#1078=ORIENTED_EDGE('',*,*,#811,.T.);
#1079=ORIENTED_EDGE('',*,*,#812,.T.);
#1080=ORIENTED_EDGE('',*,*,#813,.T.);
#1081=ORIENTED_EDGE('',*,*,#739,.T.);
#1082=ORIENTED_EDGE('',*,*,#742,.T.);
#1083=ORIENTED_EDGE('',*,*,#744,.T.);
#1084=ORIENTED_EDGE('',*,*,#746,.T.);
#1085=ORIENTED_EDGE('',*,*,#748,.T.);
#1086=ORIENTED_EDGE('',*,*,#750,.T.);
#1087=ORIENTED_EDGE('',*,*,#752,.T.);
#1088=ORIENTED_EDGE('',*,*,#754,.T.);
#1089=ORIENTED_EDGE('',*,*,#814,.T.);
#1090=ORIENTED_EDGE('',*,*,#815,.T.);
#1091=ORIENTED_EDGE('',*,*,#816,.T.);
#1092=ORIENTED_EDGE('',*,*,#808,.T.);
#1093=ORIENTED_EDGE('',*,*,#805,.T.);
#1094=ORIENTED_EDGE('',*,*,#802,.T.);
#1095=ORIENTED_EDGE('',*,*,#799,.T.);
#1096=ORIENTED_EDGE('',*,*,#796,.T.);
#1097=ORIENTED_EDGE('',*,*,#793,.T.);
#1098=ORIENTED_EDGE('',*,*,#790,.T.);
#1099=ORIENTED_EDGE('',*,*,#787,.T.);
#1100=ORIENTED_EDGE('',*,*,#784,.T.);
#1101=ORIENTED_EDGE('',*,*,#781,.T.);
#1102=ORIENTED_EDGE('',*,*,#778,.T.);
#1103=ORIENTED_EDGE('',*,*,#775,.T.);
#1104=ORIENTED_EDGE('',*,*,#772,.T.);
#1105=ORIENTED_EDGE('',*,*,#769,.T.);
#1106=ORIENTED_EDGE('',*,*,#766,.T.);
#1107=ORIENTED_EDGE('',*,*,#763,.T.);
#1108=ORIENTED_EDGE('',*,*,#701,.F.);
#1109=ORIENTED_EDGE('',*,*,#817,.T.);
#1110=ORIENTED_EDGE('',*,*,#809,.F.);
#1111=ORIENTED_EDGE('',*,*,#818,.F.);
#1112=ORIENTED_EDGE('',*,*,#704,.F.);
#1113=ORIENTED_EDGE('',*,*,#818,.T.);
#1114=ORIENTED_EDGE('',*,*,#816,.F.);
#1115=ORIENTED_EDGE('',*,*,#819,.F.);
#1116=ORIENTED_EDGE('',*,*,#726,.F.);
#1117=ORIENTED_EDGE('',*,*,#819,.T.);
#1118=ORIENTED_EDGE('',*,*,#815,.F.);
#1119=ORIENTED_EDGE('',*,*,#820,.F.);
#1120=ORIENTED_EDGE('',*,*,#723,.F.);
#1121=ORIENTED_EDGE('',*,*,#820,.T.);
#1122=ORIENTED_EDGE('',*,*,#814,.F.);
#1123=ORIENTED_EDGE('',*,*,#753,.F.);
#1124=ORIENTED_EDGE('',*,*,#693,.F.);
#1125=ORIENTED_EDGE('',*,*,#740,.T.);
#1126=ORIENTED_EDGE('',*,*,#813,.F.);
#1127=ORIENTED_EDGE('',*,*,#821,.F.);
#1128=ORIENTED_EDGE('',*,*,#737,.F.);
#1129=ORIENTED_EDGE('',*,*,#821,.T.);
#1130=ORIENTED_EDGE('',*,*,#812,.F.);
#1131=ORIENTED_EDGE('',*,*,#822,.F.);
#1132=ORIENTED_EDGE('',*,*,#734,.F.);
#1133=ORIENTED_EDGE('',*,*,#822,.T.);
#1134=ORIENTED_EDGE('',*,*,#811,.F.);
#1135=ORIENTED_EDGE('',*,*,#823,.F.);
#1136=ORIENTED_EDGE('',*,*,#697,.F.);
#1137=ORIENTED_EDGE('',*,*,#823,.T.);
#1138=ORIENTED_EDGE('',*,*,#810,.F.);
#1139=ORIENTED_EDGE('',*,*,#817,.F.);
#1140=ORIENTED_EDGE('',*,*,#761,.T.);
#1141=ORIENTED_EDGE('',*,*,#765,.T.);
#1142=ORIENTED_EDGE('',*,*,#768,.T.);
#1143=ORIENTED_EDGE('',*,*,#771,.T.);
#1144=ORIENTED_EDGE('',*,*,#774,.T.);
#1145=ORIENTED_EDGE('',*,*,#777,.T.);
#1146=ORIENTED_EDGE('',*,*,#780,.T.);
#1147=ORIENTED_EDGE('',*,*,#783,.T.);
#1148=ORIENTED_EDGE('',*,*,#786,.T.);
#1149=ORIENTED_EDGE('',*,*,#789,.T.);
#1150=ORIENTED_EDGE('',*,*,#792,.T.);
#1151=ORIENTED_EDGE('',*,*,#795,.T.);
#1152=ORIENTED_EDGE('',*,*,#798,.T.);
#1153=ORIENTED_EDGE('',*,*,#801,.T.);
#1154=ORIENTED_EDGE('',*,*,#804,.T.);
#1155=ORIENTED_EDGE('',*,*,#807,.T.);
#1156=ORIENTED_EDGE('',*,*,#660,.T.);
#1157=ORIENTED_EDGE('',*,*,#663,.T.);
#1158=ORIENTED_EDGE('',*,*,#666,.T.);
#1159=ORIENTED_EDGE('',*,*,#669,.T.);
#1160=ORIENTED_EDGE('',*,*,#757,.T.);
#1161=ORIENTED_EDGE('',*,*,#760,.T.);
#1162=ORIENTED_EDGE('',*,*,#659,.T.);
#1163=ORIENTED_EDGE('',*,*,#656,.T.);
#1164=CYLINDRICAL_SURFACE('',#1275,1.7);
#1165=CYLINDRICAL_SURFACE('',#1278,1.7);
#1166=CYLINDRICAL_SURFACE('',#1281,1.587462);
#1167=CYLINDRICAL_SURFACE('',#1284,1.587462);
#1168=CYLINDRICAL_SURFACE('',#1287,1.587462);
#1169=CYLINDRICAL_SURFACE('',#1290,1.587462);
#1170=CYLINDRICAL_SURFACE('',#1293,2.35);
#1171=CYLINDRICAL_SURFACE('',#1297,2.35);
#1172=CYLINDRICAL_SURFACE('',#1301,2.35);
#1173=CYLINDRICAL_SURFACE('',#1305,2.35);
#1174=CYLINDRICAL_SURFACE('',#1309,2.35);
#1175=CYLINDRICAL_SURFACE('',#1313,2.35);
#1176=CYLINDRICAL_SURFACE('',#1341,3.502404561188);
#1177=CYLINDRICAL_SURFACE('',#1346,3.502451359452);
#1178=CYLINDRICAL_SURFACE('',#1352,1.49999999999999);
#1179=CYLINDRICAL_SURFACE('',#1356,1.49999999999999);
#1180=CYLINDRICAL_SURFACE('',#1360,1.50248452502301);
#1181=CYLINDRICAL_SURFACE('',#1366,1.502404561188);
#1182=CYLINDRICAL_SURFACE('',#1372,1.502451359452);
#1183=CYLINDRICAL_SURFACE('',#1378,1.50246140159198);
#1184=CYLINDRICAL_SURFACE('',#1390,3.50246140159198);
#1185=CYLINDRICAL_SURFACE('',#1394,3.50248452502301);
#1186=ADVANCED_FACE('',(#103),#1164,.F.);
#1187=ADVANCED_FACE('',(#104),#1165,.F.);
#1188=ADVANCED_FACE('',(#105),#1166,.F.);
#1189=ADVANCED_FACE('',(#106),#1167,.F.);
#1190=ADVANCED_FACE('',(#107),#1168,.F.);
#1191=ADVANCED_FACE('',(#108),#1169,.F.);
#1192=ADVANCED_FACE('',(#109),#1170,.F.);
#1193=ADVANCED_FACE('',(#110,#35),#56,.T.);
#1194=ADVANCED_FACE('',(#111),#1171,.F.);
#1195=ADVANCED_FACE('',(#112,#36),#57,.T.);
#1196=ADVANCED_FACE('',(#113),#1172,.F.);
#1197=ADVANCED_FACE('',(#114,#37),#58,.T.);
#1198=ADVANCED_FACE('',(#115),#1173,.F.);
#1199=ADVANCED_FACE('',(#116,#38),#59,.T.);
#1200=ADVANCED_FACE('',(#117),#1174,.F.);
#1201=ADVANCED_FACE('',(#118,#39),#60,.T.);
#1202=ADVANCED_FACE('',(#119),#1175,.F.);
#1203=ADVANCED_FACE('',(#120,#40),#61,.T.);
#1204=ADVANCED_FACE('',(#121),#62,.T.);
#1205=ADVANCED_FACE('',(#122),#23,.T.);
#1206=ADVANCED_FACE('',(#123),#24,.T.);
#1207=ADVANCED_FACE('',(#124),#63,.T.);
#1208=ADVANCED_FACE('',(#125),#64,.T.);
#1209=ADVANCED_FACE('',(#126),#65,.T.);
#1210=ADVANCED_FACE('',(#127),#25,.T.);
#1211=ADVANCED_FACE('',(#128),#66,.T.);
#1212=ADVANCED_FACE('',(#129),#67,.T.);
#1213=ADVANCED_FACE('',(#130),#68,.T.);
#1214=ADVANCED_FACE('',(#131),#26,.T.);
#1215=ADVANCED_FACE('',(#132),#69,.T.);
#1216=ADVANCED_FACE('',(#133),#70,.T.);
#1217=ADVANCED_FACE('',(#134),#71,.T.);
#1218=ADVANCED_FACE('',(#135),#72,.T.);
#1219=ADVANCED_FACE('',(#136),#73,.T.);
#1220=ADVANCED_FACE('',(#137),#1176,.T.);
#1221=ADVANCED_FACE('',(#138),#74,.T.);
#1222=ADVANCED_FACE('',(#139),#75,.T.);
#1223=ADVANCED_FACE('',(#140),#76,.T.);
#1224=ADVANCED_FACE('',(#141),#1177,.T.);
#1225=ADVANCED_FACE('',(#142),#77,.T.);
#1226=ADVANCED_FACE('',(#143),#78,.T.);
#1227=ADVANCED_FACE('',(#144),#79,.T.);
#1228=ADVANCED_FACE('',(#145,#41,#42,#43,#44,#45,#46),#80,.F.);
#1229=ADVANCED_FACE('',(#146),#1178,.T.);
#1230=ADVANCED_FACE('',(#147),#81,.T.);
#1231=ADVANCED_FACE('',(#148),#1179,.T.);
#1232=ADVANCED_FACE('',(#149),#82,.T.);
#1233=ADVANCED_FACE('',(#150),#1180,.F.);
#1234=ADVANCED_FACE('',(#151),#83,.T.);
#1235=ADVANCED_FACE('',(#152),#84,.T.);
#1236=ADVANCED_FACE('',(#153),#85,.T.);
#1237=ADVANCED_FACE('',(#154),#1181,.F.);
#1238=ADVANCED_FACE('',(#155),#86,.T.);
#1239=ADVANCED_FACE('',(#156),#87,.T.);
#1240=ADVANCED_FACE('',(#157),#88,.T.);
#1241=ADVANCED_FACE('',(#158),#1182,.F.);
#1242=ADVANCED_FACE('',(#159),#89,.T.);
#1243=ADVANCED_FACE('',(#160),#90,.T.);
#1244=ADVANCED_FACE('',(#161),#91,.T.);
#1245=ADVANCED_FACE('',(#162),#1183,.F.);
#1246=ADVANCED_FACE('',(#163),#92,.T.);
#1247=ADVANCED_FACE('',(#164),#93,.T.);
#1248=ADVANCED_FACE('',(#165),#94,.T.);
#1249=ADVANCED_FACE('',(#166,#47),#95,.T.);
#1250=ADVANCED_FACE('',(#167),#96,.T.);
#1251=ADVANCED_FACE('',(#168),#97,.T.);
#1252=ADVANCED_FACE('',(#169),#98,.T.);
#1253=ADVANCED_FACE('',(#170),#1184,.T.);
#1254=ADVANCED_FACE('',(#171),#99,.T.);
#1255=ADVANCED_FACE('',(#172),#100,.T.);
#1256=ADVANCED_FACE('',(#173),#101,.T.);
#1257=ADVANCED_FACE('',(#174),#1185,.T.);
#1258=ADVANCED_FACE('',(#175,#48,#49,#50,#51,#52,#53,#54,#55),#102,.T.);
#1259=CLOSED_SHELL('',(#1186,#1187,#1188,#1189,#1190,#1191,#1192,#1193,
#1194,#1195,#1196,#1197,#1198,#1199,#1200,#1201,#1202,#1203,#1204,#1205,
#1206,#1207,#1208,#1209,#1210,#1211,#1212,#1213,#1214,#1215,#1216,#1217,
#1218,#1219,#1220,#1221,#1222,#1223,#1224,#1225,#1226,#1227,#1228,#1229,
#1230,#1231,#1232,#1233,#1234,#1235,#1236,#1237,#1238,#1239,#1240,#1241,
#1242,#1243,#1244,#1245,#1246,#1247,#1248,#1249,#1250,#1251,#1252,#1253,
#1254,#1255,#1256,#1257,#1258));
#1260=DERIVED_UNIT_ELEMENT(#1262,1.);
#1261=DERIVED_UNIT_ELEMENT(#2153,-3.);
#1262=(
MASS_UNIT()
NAMED_UNIT(*)
SI_UNIT(.KILO.,.GRAM.)
);
#1263=DERIVED_UNIT((#1260,#1261));
#1264=MEASURE_REPRESENTATION_ITEM('density measure',
POSITIVE_RATIO_MEASURE(7850.),#1263);
#1265=PROPERTY_DEFINITION_REPRESENTATION(#1270,#1267);
#1266=PROPERTY_DEFINITION_REPRESENTATION(#1271,#1268);
#1267=REPRESENTATION('material name',(#1269),#2150);
#1268=REPRESENTATION('density',(#1264),#2150);
#1269=DESCRIPTIVE_REPRESENTATION_ITEM('Steel','Steel');
#1270=PROPERTY_DEFINITION('material property','material name',#2170);
#1271=PROPERTY_DEFINITION('material property','density of part',#2170);
#1272=AXIS2_PLACEMENT_3D('',#1764,#1398,#1399);
#1273=AXIS2_PLACEMENT_3D('',#1765,#1400,#1401);
#1274=AXIS2_PLACEMENT_3D('',#1766,#1402,#1403);
#1275=AXIS2_PLACEMENT_3D('',#1767,#1404,#1405);
#1276=AXIS2_PLACEMENT_3D('',#1769,#1406,#1407);
#1277=AXIS2_PLACEMENT_3D('',#1772,#1409,#1410);
#1278=AXIS2_PLACEMENT_3D('',#1773,#1411,#1412);
#1279=AXIS2_PLACEMENT_3D('',#1775,#1413,#1414);
#1280=AXIS2_PLACEMENT_3D('',#1778,#1416,#1417);
#1281=AXIS2_PLACEMENT_3D('',#1779,#1418,#1419);
#1282=AXIS2_PLACEMENT_3D('',#1781,#1420,#1421);
#1283=AXIS2_PLACEMENT_3D('',#1784,#1423,#1424);
#1284=AXIS2_PLACEMENT_3D('',#1785,#1425,#1426);
#1285=AXIS2_PLACEMENT_3D('',#1787,#1427,#1428);
#1286=AXIS2_PLACEMENT_3D('',#1790,#1430,#1431);
#1287=AXIS2_PLACEMENT_3D('',#1791,#1432,#1433);
#1288=AXIS2_PLACEMENT_3D('',#1793,#1434,#1435);
#1289=AXIS2_PLACEMENT_3D('',#1796,#1437,#1438);
#1290=AXIS2_PLACEMENT_3D('',#1797,#1439,#1440);
#1291=AXIS2_PLACEMENT_3D('',#1799,#1441,#1442);
#1292=AXIS2_PLACEMENT_3D('',#1802,#1444,#1445);
#1293=AXIS2_PLACEMENT_3D('',#1803,#1446,#1447);
#1294=AXIS2_PLACEMENT_3D('',#1805,#1448,#1449);
#1295=AXIS2_PLACEMENT_3D('',#1808,#1451,#1452);
#1296=AXIS2_PLACEMENT_3D('',#1809,#1453,#1454);
#1297=AXIS2_PLACEMENT_3D('',#1810,#1455,#1456);
#1298=AXIS2_PLACEMENT_3D('',#1812,#1457,#1458);
#1299=AXIS2_PLACEMENT_3D('',#1815,#1460,#1461);
#1300=AXIS2_PLACEMENT_3D('',#1816,#1462,#1463);
#1301=AXIS2_PLACEMENT_3D('',#1817,#1464,#1465);
#1302=AXIS2_PLACEMENT_3D('',#1819,#1466,#1467);
#1303=AXIS2_PLACEMENT_3D('',#1822,#1469,#1470);
#1304=AXIS2_PLACEMENT_3D('',#1823,#1471,#1472);
#1305=AXIS2_PLACEMENT_3D('',#1824,#1473,#1474);
#1306=AXIS2_PLACEMENT_3D('',#1826,#1475,#1476);
#1307=AXIS2_PLACEMENT_3D('',#1829,#1478,#1479);
#1308=AXIS2_PLACEMENT_3D('',#1830,#1480,#1481);
#1309=AXIS2_PLACEMENT_3D('',#1831,#1482,#1483);
#1310=AXIS2_PLACEMENT_3D('',#1833,#1484,#1485);
#1311=AXIS2_PLACEMENT_3D('',#1836,#1487,#1488);
#1312=AXIS2_PLACEMENT_3D('',#1837,#1489,#1490);
#1313=AXIS2_PLACEMENT_3D('',#1838,#1491,#1492);
#1314=AXIS2_PLACEMENT_3D('',#1840,#1493,#1494);
#1315=AXIS2_PLACEMENT_3D('',#1843,#1496,#1497);
#1316=AXIS2_PLACEMENT_3D('',#1844,#1498,#1499);
#1317=AXIS2_PLACEMENT_3D('',#1845,#1500,#1501);
#1318=AXIS2_PLACEMENT_3D('',#1857,#1505,#1506);
#1319=AXIS2_PLACEMENT_3D('',#1859,#1507,#1508);
#1320=AXIS2_PLACEMENT_3D('',#1865,#1509,#1510);
#1321=AXIS2_PLACEMENT_3D('',#1866,#1511,#1512);
#1322=AXIS2_PLACEMENT_3D('',#1869,#1513,#1514);
#1323=AXIS2_PLACEMENT_3D('',#1876,#1515,#1516);
#1324=AXIS2_PLACEMENT_3D('',#1881,#1517,#1518);
#1325=AXIS2_PLACEMENT_3D('',#1887,#1522,#1523);
#1326=AXIS2_PLACEMENT_3D('',#1893,#1527,#1528);
#1327=AXIS2_PLACEMENT_3D('',#1905,#1532,#1533);
#1328=AXIS2_PLACEMENT_3D('',#1907,#1534,#1535);
#1329=AXIS2_PLACEMENT_3D('',#1913,#1536,#1537);
#1330=AXIS2_PLACEMENT_3D('',#1914,#1538,#1539);
#1331=AXIS2_PLACEMENT_3D('',#1926,#1543,#1544);
#1332=AXIS2_PLACEMENT_3D('',#1932,#1548,#1549);
#1333=AXIS2_PLACEMENT_3D('',#1935,#1552,#1553);
#1334=AXIS2_PLACEMENT_3D('',#1937,#1554,#1555);
#1335=AXIS2_PLACEMENT_3D('',#1939,#1556,#1557);
#1336=AXIS2_PLACEMENT_3D('',#1944,#1558,#1559);
#1337=AXIS2_PLACEMENT_3D('',#1947,#1562,#1563);
#1338=AXIS2_PLACEMENT_3D('',#1953,#1567,#1568);
#1339=AXIS2_PLACEMENT_3D('',#1956,#1571,#1572);
#1340=AXIS2_PLACEMENT_3D('',#1962,#1576,#1577);
#1341=AXIS2_PLACEMENT_3D('',#1965,#1580,#1581);
#1342=AXIS2_PLACEMENT_3D('',#1969,#1583,#1584);
#1343=AXIS2_PLACEMENT_3D('',#1971,#1586,#1587);
#1344=AXIS2_PLACEMENT_3D('',#1975,#1590,#1591);
#1345=AXIS2_PLACEMENT_3D('',#1979,#1594,#1595);
#1346=AXIS2_PLACEMENT_3D('',#1983,#1598,#1599);
#1347=AXIS2_PLACEMENT_3D('',#1986,#1601,#1602);
#1348=AXIS2_PLACEMENT_3D('',#1987,#1603,#1604);
#1349=AXIS2_PLACEMENT_3D('',#1991,#1607,#1608);
#1350=AXIS2_PLACEMENT_3D('',#1995,#1611,#1612);
#1351=AXIS2_PLACEMENT_3D('',#1999,#1615,#1616);
#1352=AXIS2_PLACEMENT_3D('',#2000,#1617,#1618);
#1353=AXIS2_PLACEMENT_3D('',#2002,#1619,#1620);
#1354=AXIS2_PLACEMENT_3D('',#2005,#1622,#1623);
#1355=AXIS2_PLACEMENT_3D('',#2006,#1624,#1625);
#1356=AXIS2_PLACEMENT_3D('',#2007,#1626,#1627);
#1357=AXIS2_PLACEMENT_3D('',#2009,#1628,#1629);
#1358=AXIS2_PLACEMENT_3D('',#2012,#1631,#1632);
#1359=AXIS2_PLACEMENT_3D('',#2013,#1633,#1634);
#1360=AXIS2_PLACEMENT_3D('',#2014,#1635,#1636);
#1361=AXIS2_PLACEMENT_3D('',#2017,#1637,#1638);
#1362=AXIS2_PLACEMENT_3D('',#2021,#1640,#1641);
#1363=AXIS2_PLACEMENT_3D('',#2023,#1643,#1644);
#1364=AXIS2_PLACEMENT_3D('',#2029,#1648,#1649);
#1365=AXIS2_PLACEMENT_3D('',#2035,#1653,#1654);
#1366=AXIS2_PLACEMENT_3D('',#2041,#1658,#1659);
#1367=AXIS2_PLACEMENT_3D('',#2043,#1660,#1661);
#1368=AXIS2_PLACEMENT_3D('',#2045,#1662,#1663);
#1369=AXIS2_PLACEMENT_3D('',#2047,#1665,#1666);
#1370=AXIS2_PLACEMENT_3D('',#2053,#1670,#1671);
#1371=AXIS2_PLACEMENT_3D('',#2059,#1675,#1676);
#1372=AXIS2_PLACEMENT_3D('',#2065,#1680,#1681);
#1373=AXIS2_PLACEMENT_3D('',#2067,#1682,#1683);
#1374=AXIS2_PLACEMENT_3D('',#2069,#1684,#1685);
#1375=AXIS2_PLACEMENT_3D('',#2071,#1687,#1688);
#1376=AXIS2_PLACEMENT_3D('',#2077,#1692,#1693);
#1377=AXIS2_PLACEMENT_3D('',#2083,#1697,#1698);
#1378=AXIS2_PLACEMENT_3D('',#2089,#1702,#1703);
#1379=AXIS2_PLACEMENT_3D('',#2091,#1704,#1705);
#1380=AXIS2_PLACEMENT_3D('',#2093,#1706,#1707);
#1381=AXIS2_PLACEMENT_3D('',#2095,#1709,#1710);
#1382=AXIS2_PLACEMENT_3D('',#2101,#1714,#1715);
#1383=AXIS2_PLACEMENT_3D('',#2107,#1719,#1720);
#1384=AXIS2_PLACEMENT_3D('',#2110,#1723,#1724);
#1385=AXIS2_PLACEMENT_3D('',#2115,#1726,#1727);
#1386=AXIS2_PLACEMENT_3D('',#2122,#1731,#1732);
#1387=AXIS2_PLACEMENT_3D('',#2126,#1735,#1736);
#1388=AXIS2_PLACEMENT_3D('',#2129,#1739,#1740);
#1389=AXIS2_PLACEMENT_3D('',#2131,#1742,#1743);
#1390=AXIS2_PLACEMENT_3D('',#2133,#1745,#1746);
#1391=AXIS2_PLACEMENT_3D('',#2134,#1747,#1748);
#1392=AXIS2_PLACEMENT_3D('',#2136,#1750,#1751);
#1393=AXIS2_PLACEMENT_3D('',#2138,#1753,#1754);
#1394=AXIS2_PLACEMENT_3D('',#2140,#1756,#1757);
#1395=AXIS2_PLACEMENT_3D('',#2141,#1758,#1759);
#1396=AXIS2_PLACEMENT_3D('',#2142,#1760,#1761);
#1397=AXIS2_PLACEMENT_3D('',#2143,#1762,#1763);
#1398=DIRECTION('axis',(0.,0.,1.));
#1399=DIRECTION('refdir',(1.,0.,0.));
#1400=DIRECTION('axis',(0.,0.,1.));
#1401=DIRECTION('refdir',(1.,0.,0.));
#1402=DIRECTION('axis',(0.,0.,1.));
#1403=DIRECTION('refdir',(1.,0.,0.));
#1404=DIRECTION('center_axis',(0.,0.,1.));
#1405=DIRECTION('ref_axis',(1.,0.,0.));
#1406=DIRECTION('center_axis',(0.,0.,1.));
#1407=DIRECTION('ref_axis',(1.,0.,0.));
#1408=DIRECTION('',(0.,0.,1.));
#1409=DIRECTION('center_axis',(0.,0.,-1.));
#1410=DIRECTION('ref_axis',(1.,0.,0.));
#1411=DIRECTION('center_axis',(0.,0.,1.));
#1412=DIRECTION('ref_axis',(1.,0.,0.));
#1413=DIRECTION('center_axis',(0.,0.,1.));
#1414=DIRECTION('ref_axis',(1.,0.,0.));
#1415=DIRECTION('',(0.,0.,1.));
#1416=DIRECTION('center_axis',(0.,0.,-1.));
#1417=DIRECTION('ref_axis',(1.,0.,0.));
#1418=DIRECTION('center_axis',(0.,0.,-1.));
#1419=DIRECTION('ref_axis',(-1.,0.,0.));
#1420=DIRECTION('center_axis',(0.,0.,-1.));
#1421=DIRECTION('ref_axis',(-1.,0.,0.));
#1422=DIRECTION('',(0.,0.,-1.));
#1423=DIRECTION('center_axis',(0.,0.,1.));
#1424=DIRECTION('ref_axis',(-1.,0.,0.));
#1425=DIRECTION('center_axis',(0.,0.,-1.));
#1426=DIRECTION('ref_axis',(-1.,0.,0.));
#1427=DIRECTION('center_axis',(0.,0.,-1.));
#1428=DIRECTION('ref_axis',(-1.,0.,0.));
#1429=DIRECTION('',(0.,0.,-1.));
#1430=DIRECTION('center_axis',(0.,0.,1.));
#1431=DIRECTION('ref_axis',(-1.,0.,0.));
#1432=DIRECTION('center_axis',(0.,0.,-1.));
#1433=DIRECTION('ref_axis',(-1.,0.,0.));
#1434=DIRECTION('center_axis',(0.,0.,-1.));
#1435=DIRECTION('ref_axis',(-1.,0.,0.));
#1436=DIRECTION('',(0.,0.,-1.));
#1437=DIRECTION('center_axis',(0.,0.,1.));
#1438=DIRECTION('ref_axis',(-1.,0.,0.));
#1439=DIRECTION('center_axis',(0.,0.,-1.));
#1440=DIRECTION('ref_axis',(-1.,0.,0.));
#1441=DIRECTION('center_axis',(0.,0.,-1.));
#1442=DIRECTION('ref_axis',(-1.,0.,0.));
#1443=DIRECTION('',(0.,0.,-1.));
#1444=DIRECTION('center_axis',(0.,0.,1.));
#1445=DIRECTION('ref_axis',(-1.,0.,0.));
#1446=DIRECTION('center_axis',(0.,0.,1.));
#1447=DIRECTION('ref_axis',(1.,0.,0.));
#1448=DIRECTION('center_axis',(0.,0.,1.));
#1449=DIRECTION('ref_axis',(1.,0.,0.));
#1450=DIRECTION('',(0.,0.,1.));
#1451=DIRECTION('center_axis',(0.,0.,1.));
#1452=DIRECTION('ref_axis',(1.,0.,0.));
#1453=DIRECTION('center_axis',(0.,0.,-1.));
#1454=DIRECTION('ref_axis',(1.,0.,0.));
#1455=DIRECTION('center_axis',(0.,0.,1.));
#1456=DIRECTION('ref_axis',(1.,0.,0.));
#1457=DIRECTION('center_axis',(0.,0.,1.));
#1458=DIRECTION('ref_axis',(1.,0.,0.));
#1459=DIRECTION('',(0.,0.,1.));
#1460=DIRECTION('center_axis',(0.,0.,1.));
#1461=DIRECTION('ref_axis',(1.,0.,0.));
#1462=DIRECTION('center_axis',(0.,0.,-1.));
#1463=DIRECTION('ref_axis',(1.,0.,0.));
#1464=DIRECTION('center_axis',(0.,0.,1.));
#1465=DIRECTION('ref_axis',(1.,0.,0.));
#1466=DIRECTION('center_axis',(0.,0.,1.));
#1467=DIRECTION('ref_axis',(1.,0.,0.));
#1468=DIRECTION('',(0.,0.,1.));
#1469=DIRECTION('center_axis',(0.,0.,1.));
#1470=DIRECTION('ref_axis',(1.,0.,0.));
#1471=DIRECTION('center_axis',(0.,0.,-1.));
#1472=DIRECTION('ref_axis',(1.,0.,0.));
#1473=DIRECTION('center_axis',(0.,0.,1.));
#1474=DIRECTION('ref_axis',(1.,0.,0.));
#1475=DIRECTION('center_axis',(0.,0.,1.));
#1476=DIRECTION('ref_axis',(1.,0.,0.));
#1477=DIRECTION('',(0.,0.,1.));
#1478=DIRECTION('center_axis',(0.,0.,1.));
#1479=DIRECTION('ref_axis',(1.,0.,0.));
#1480=DIRECTION('center_axis',(0.,0.,-1.));
#1481=DIRECTION('ref_axis',(1.,0.,0.));
#1482=DIRECTION('center_axis',(0.,0.,1.));
#1483=DIRECTION('ref_axis',(1.,0.,0.));
#1484=DIRECTION('center_axis',(0.,0.,1.));
#1485=DIRECTION('ref_axis',(1.,0.,0.));
#1486=DIRECTION('',(0.,0.,1.));
#1487=DIRECTION('center_axis',(0.,0.,1.));
#1488=DIRECTION('ref_axis',(1.,0.,0.));
#1489=DIRECTION('center_axis',(0.,0.,-1.));
#1490=DIRECTION('ref_axis',(1.,0.,0.));
#1491=DIRECTION('center_axis',(0.,0.,1.));
#1492=DIRECTION('ref_axis',(1.,0.,0.));
#1493=DIRECTION('center_axis',(0.,0.,1.));
#1494=DIRECTION('ref_axis',(1.,0.,0.));
#1495=DIRECTION('',(0.,0.,1.));
#1496=DIRECTION('center_axis',(0.,0.,1.));
#1497=DIRECTION('ref_axis',(1.,0.,0.));
#1498=DIRECTION('center_axis',(0.,0.,-1.));
#1499=DIRECTION('ref_axis',(1.,0.,0.));
#1500=DIRECTION('center_axis',(-0.707046330536856,-0.00924588959300986,
-0.707106781186548));
#1501=DIRECTION('ref_axis',(-0.707137007157358,0.,0.707076553923643));
#1502=DIRECTION('',(0.707099222715504,0.00462329060931217,-0.707099225299443));
#1503=DIRECTION('',(0.0130756624586388,-0.999914509871353,0.));
#1504=DIRECTION('',(-0.0130756624586388,0.999914509871353,0.));
#1505=DIRECTION('center_axis',(0.,0.,1.));
#1506=DIRECTION('ref_axis',(-0.998629492086658,-0.0523367703889215,0.));
#1507=DIRECTION('center_axis',(0.,0.,1.));
#1508=DIRECTION('ref_axis',(-0.998629492086658,-0.0523367703889215,0.));
#1509=DIRECTION('center_axis',(0.,0.,-1.));
#1510=DIRECTION('ref_axis',(-0.998629492086658,-0.0523367703889215,0.));
#1511=DIRECTION('center_axis',(0.,0.,1.));
#1512=DIRECTION('ref_axis',(-0.0523364831314443,0.998629507141378,0.));
#1513=DIRECTION('center_axis',(0.,0.,-1.));
#1514=DIRECTION('ref_axis',(-0.0523364831314443,0.998629507141378,0.));
#1515=DIRECTION('center_axis',(0.,0.,1.));
#1516=DIRECTION('ref_axis',(-0.0523364831314443,0.998629507141378,0.));
#1517=DIRECTION('center_axis',(-0.00883684271041354,0.707051561210999,-0.707106781186548));
#1518=DIRECTION('ref_axis',(-0.999921919356744,0.,0.012496207021552));
#1519=DIRECTION('',(0.999921907161666,0.0124971828096247,0.));
#1520=DIRECTION('',(0.00441872327033612,-0.707099876904058,-0.707099879060184));
#1521=DIRECTION('',(-0.999921907161666,-0.0124971828096247,0.));
#1522=DIRECTION('center_axis',(0.,0.707106781186549,-0.707106781186546));
#1523=DIRECTION('ref_axis',(-1.,0.,0.));
#1524=DIRECTION('',(1.,0.,0.));
#1525=DIRECTION('',(-0.00446272766891954,-0.707099739803993,-0.707099739803996));
#1526=DIRECTION('',(-1.,0.,0.));
#1527=DIRECTION('center_axis',(0.00906447940295134,-0.70704867952154,-0.707106781186548));
#1528=DIRECTION('ref_axis',(-0.999917845338345,0.,-0.0128180565578846));
#1529=DIRECTION('',(-0.0045325655553615,0.707099516501656,-0.707099518888685));
#1530=DIRECTION('',(0.99991783183735,0.0128191097075054,0.));
#1531=DIRECTION('',(-0.99991783183735,-0.0128191097075054,0.));
#1532=DIRECTION('center_axis',(0.,0.,1.));
#1533=DIRECTION('ref_axis',(0.05232682714819,-0.998630013148315,0.));
#1534=DIRECTION('center_axis',(0.,0.,1.));
#1535=DIRECTION('ref_axis',(0.05232682714819,-0.998630013148315,0.));
#1536=DIRECTION('center_axis',(0.,0.,-1.));
#1537=DIRECTION('ref_axis',(0.05232682714819,-0.998630013148315,0.));
#1538=DIRECTION('center_axis',(0.707050835839911,0.00889469156815647,-0.707106781186541));
#1539=DIRECTION('ref_axis',(-0.70713475441313,0.,-0.707078806853297));
#1540=DIRECTION('',(0.0125789934488124,-0.999920881332026,0.));
#1541=DIRECTION('',(-0.707099786185452,-0.00444765366755417,-0.707099788398597));
#1542=DIRECTION('',(-0.0125789934488124,0.999920881332026,0.));
#1543=DIRECTION('center_axis',(0.707106781186549,0.,-0.707106781186546));
#1544=DIRECTION('ref_axis',(-0.707106781186546,0.,-0.707106781186549));
#1545=DIRECTION('',(-0.707099727475165,0.00446663285820918,-0.707099727475168));
#1546=DIRECTION('',(0.,1.,0.));
#1547=DIRECTION('',(0.,-1.,0.));
#1548=DIRECTION('center_axis',(0.70705034839923,-0.00893335483069081,-0.707106781186545));
#1549=DIRECTION('ref_axis',(-0.707134998143156,0.,-0.707078563103902));
#1550=DIRECTION('',(0.0126336715590541,0.99992019198681,0.));
#1551=DIRECTION('',(-0.0126336715590541,-0.99992019198681,0.));
#1552=DIRECTION('center_axis',(0.,0.,1.));
#1553=DIRECTION('ref_axis',(0.998629845035674,0.0523300353910239,0.));
#1554=DIRECTION('center_axis',(0.,0.,-1.));
#1555=DIRECTION('ref_axis',(0.998629845035674,0.0523300353910239,0.));
#1556=DIRECTION('center_axis',(0.,0.,1.));
#1557=DIRECTION('ref_axis',(0.998629845035674,0.0523300353910239,0.));
#1558=DIRECTION('center_axis',(0.00892554421856589,0.70705044704066,-0.707106781186551));
#1559=DIRECTION('ref_axis',(-0.999920344178988,0.,-0.0126216202198443));
#1560=DIRECTION('',(0.999920331486866,-0.0126226256854567,0.));
#1561=DIRECTION('',(-0.999920331486866,0.0126226256854567,0.));
#1562=DIRECTION('center_axis',(0.,-0.707106781186547,-0.707106781186548));
#1563=DIRECTION('ref_axis',(-1.,0.,0.));
#1564=DIRECTION('',(0.00462482364339305,0.707099218994855,-0.707099218994855));
#1565=DIRECTION('',(1.,0.,0.));
#1566=DIRECTION('',(-1.,0.,0.));
#1567=DIRECTION('center_axis',(-0.0092497462086973,-0.70704628009422,-0.707106781186548));
#1568=DIRECTION('ref_axis',(-0.999914453173716,0.,0.0130799974888448));
#1569=DIRECTION('',(0.999914438534693,-0.0130811165368489,0.));
#1570=DIRECTION('',(-0.999914438534693,0.0130811165368489,0.));
#1571=DIRECTION('center_axis',(-0.707050398346067,0.00892940080104165,-0.707106781186549));
#1572=DIRECTION('ref_axis',(-0.707134973168743,0.,0.707078588080307));
#1573=DIRECTION('',(0.707099733717837,-0.00446465590252505,-0.707099733717837));
#1574=DIRECTION('',(0.0126280797166983,0.99992026262231,0.));
#1575=DIRECTION('',(-0.0126280797166983,-0.99992026262231,0.));
#1576=DIRECTION('center_axis',(-0.707106781186547,0.,-0.707106781186548));
#1577=DIRECTION('ref_axis',(-0.707106781186548,0.,0.707106781186547));
#1578=DIRECTION('',(0.,-1.,0.));
#1579=DIRECTION('',(0.,1.,0.));
#1580=DIRECTION('center_axis',(0.,0.,1.));
#1581=DIRECTION('ref_axis',(-0.998629492086658,-0.0523367703889215,0.));
#1582=DIRECTION('',(0.,0.,1.));
#1583=DIRECTION('center_axis',(0.,0.,1.));
#1584=DIRECTION('ref_axis',(-0.998629492086658,-0.0523367703889212,0.));
#1585=DIRECTION('',(0.,0.,1.));
#1586=DIRECTION('center_axis',(-0.0130811165368488,-0.999914438534693,0.));
#1587=DIRECTION('ref_axis',(0.999914438534693,-0.0130811165368489,0.));
#1588=DIRECTION('',(0.,0.,1.));
#1589=DIRECTION('',(0.999914438534693,-0.0130811165368125,0.));
#1590=DIRECTION('center_axis',(0.,-1.,0.));
#1591=DIRECTION('ref_axis',(1.,0.,0.));
#1592=DIRECTION('',(0.,0.,1.));
#1593=DIRECTION('',(1.,0.,0.));
#1594=DIRECTION('center_axis',(0.0128191097075054,-0.99991783183735,0.));
#1595=DIRECTION('ref_axis',(0.99991783183735,0.0128191097075054,0.));
#1596=DIRECTION('',(0.,0.,1.));
#1597=DIRECTION('',(0.999917831837351,0.0128191097074509,0.));
#1598=DIRECTION('center_axis',(0.,0.,1.));
#1599=DIRECTION('ref_axis',(0.05232682714819,-0.998630013148315,0.));
#1600=DIRECTION('',(0.,0.,1.));
#1601=DIRECTION('center_axis',(0.,0.,1.));
#1602=DIRECTION('ref_axis',(0.05232682714819,-0.998630013148315,0.));
#1603=DIRECTION('center_axis',(0.999920191986809,-0.0126336715590541,0.));
#1604=DIRECTION('ref_axis',(0.0126336715590541,0.99992019198681,0.));
#1605=DIRECTION('',(0.,0.,1.));
#1606=DIRECTION('',(0.012633671559151,0.999920191986808,0.));
#1607=DIRECTION('center_axis',(1.,0.,0.));
#1608=DIRECTION('ref_axis',(0.,1.,0.));
#1609=DIRECTION('',(0.,0.,1.));
#1610=DIRECTION('',(0.,1.,0.));
#1611=DIRECTION('center_axis',(0.999920881332026,0.0125789934488124,0.));
#1612=DIRECTION('ref_axis',(-0.0125789934488124,0.999920881332026,0.));
#1613=DIRECTION('',(0.,0.,1.));
#1614=DIRECTION('',(-0.0125789934488124,0.999920881332026,0.));
#1615=DIRECTION('center_axis',(0.,0.,1.));
#1616=DIRECTION('ref_axis',(1.,0.,0.));
#1617=DIRECTION('center_axis',(0.,0.,1.));
#1618=DIRECTION('ref_axis',(-1.,0.,0.));
#1619=DIRECTION('center_axis',(0.,0.,1.));
#1620=DIRECTION('ref_axis',(-1.,0.,0.));
#1621=DIRECTION('',(0.,0.,-1.));
#1622=DIRECTION('center_axis',(0.,0.,-1.));
#1623=DIRECTION('ref_axis',(-1.,0.,0.));
#1624=DIRECTION('center_axis',(0.,0.,1.));
#1625=DIRECTION('ref_axis',(-1.,0.,0.));
#1626=DIRECTION('center_axis',(0.,0.,1.));
#1627=DIRECTION('ref_axis',(-1.,0.,0.));
#1628=DIRECTION('center_axis',(0.,0.,1.));
#1629=DIRECTION('ref_axis',(-1.,0.,0.));
#1630=DIRECTION('',(0.,0.,-1.));
#1631=DIRECTION('center_axis',(0.,0.,-1.));
#1632=DIRECTION('ref_axis',(-1.,0.,0.));
#1633=DIRECTION('center_axis',(0.,0.,1.));
#1634=DIRECTION('ref_axis',(-1.,0.,0.));
#1635=DIRECTION('center_axis',(0.,0.,1.));
#1636=DIRECTION('ref_axis',(-0.0732998820619378,0.997309945448107,0.));
#1637=DIRECTION('center_axis',(0.,0.,1.));
#1638=DIRECTION('ref_axis',(-0.0732998820619378,0.997309945448107,0.));
#1639=DIRECTION('',(0.,0.,1.));
#1640=DIRECTION('center_axis',(0.,0.,-1.));
#1641=DIRECTION('ref_axis',(-0.0732998820619378,0.997309945448107,0.));
#1642=DIRECTION('',(0.,0.,1.));
#1643=DIRECTION('center_axis',(0.99992026262231,-0.0126280797166983,0.));
#1644=DIRECTION('ref_axis',(0.0126280797166983,0.99992026262231,0.));
#1645=DIRECTION('',(-0.0126280797166983,-0.99992026262231,0.));
#1646=DIRECTION('',(0.0126280797166983,0.99992026262231,0.));
#1647=DIRECTION('',(0.,0.,1.));
#1648=DIRECTION('center_axis',(1.,0.,0.));
#1649=DIRECTION('ref_axis',(0.,1.,0.));
#1650=DIRECTION('',(0.,-1.,0.));
#1651=DIRECTION('',(0.,1.,0.));
#1652=DIRECTION('',(0.,0.,1.));
#1653=DIRECTION('center_axis',(0.999914509871353,0.0130756624586397,0.));
#1654=DIRECTION('ref_axis',(-0.0130756624586397,0.999914509871353,0.));
#1655=DIRECTION('',(0.0130756624586397,-0.999914509871353,0.));
#1656=DIRECTION('',(-0.0130756624586397,0.999914509871353,0.));
#1657=DIRECTION('',(0.,0.,1.));
#1658=DIRECTION('center_axis',(0.,0.,1.));
#1659=DIRECTION('ref_axis',(-0.997332156918485,-0.0729970463534154,0.));
#1660=DIRECTION('center_axis',(0.,0.,1.));
#1661=DIRECTION('ref_axis',(-0.997332156918485,-0.0729970463534154,0.));
#1662=DIRECTION('center_axis',(0.,0.,-1.));
#1663=DIRECTION('ref_axis',(-0.997332156918485,-0.0729970463534154,0.));
#1664=DIRECTION('',(0.,0.,1.));
#1665=DIRECTION('center_axis',(0.0130811165368125,0.999914438534693,0.));
#1666=DIRECTION('ref_axis',(-0.999914438534693,0.0130811165368125,0.));
#1667=DIRECTION('',(0.999914438534693,-0.0130811165368125,0.));
#1668=DIRECTION('',(-0.999914438534693,0.0130811165368125,0.));
#1669=DIRECTION('',(0.,0.,1.));
#1670=DIRECTION('center_axis',(0.,1.,0.));
#1671=DIRECTION('ref_axis',(-1.,0.,0.));
#1672=DIRECTION('',(1.,0.,0.));
#1673=DIRECTION('',(-1.,0.,0.));
#1674=DIRECTION('',(0.,0.,1.));
#1675=DIRECTION('center_axis',(-0.0128191097074508,0.999917831837351,0.));
#1676=DIRECTION('ref_axis',(-0.999917831837351,-0.0128191097074508,0.));
#1677=DIRECTION('',(0.999917831837351,0.0128191097074508,0.));
#1678=DIRECTION('',(-0.999917831837351,-0.0128191097074508,0.));
#1679=DIRECTION('',(0.,0.,1.));
#1680=DIRECTION('center_axis',(0.,0.,1.));
#1681=DIRECTION('ref_axis',(0.0731162550295615,-0.997323424597283,0.));
#1682=DIRECTION('center_axis',(0.,0.,1.));
#1683=DIRECTION('ref_axis',(0.0731162550295615,-0.997323424597283,0.));
#1684=DIRECTION('center_axis',(0.,0.,-1.));
#1685=DIRECTION('ref_axis',(0.0731162550295615,-0.997323424597283,0.));
#1686=DIRECTION('',(0.,0.,1.));
#1687=DIRECTION('center_axis',(-0.999920191986809,0.0126336715590786,0.));
#1688=DIRECTION('ref_axis',(-0.0126336715590786,-0.999920191986809,0.));
#1689=DIRECTION('',(0.0126336715590786,0.999920191986809,0.));
#1690=DIRECTION('',(-0.0126336715590786,-0.999920191986809,0.));
#1691=DIRECTION('',(0.,0.,1.));
#1692=DIRECTION('center_axis',(-1.,0.,0.));
#1693=DIRECTION('ref_axis',(0.,-1.,0.));
#1694=DIRECTION('',(0.,1.,0.));
#1695=DIRECTION('',(0.,-1.,0.));
#1696=DIRECTION('',(0.,0.,1.));
#1697=DIRECTION('center_axis',(-0.999920881332026,-0.0125789934488009,0.));
#1698=DIRECTION('ref_axis',(0.0125789934488009,-0.999920881332026,0.));
#1699=DIRECTION('',(-0.0125789934488009,0.999920881332026,0.));
#1700=DIRECTION('',(0.0125789934488009,-0.999920881332026,0.));
#1701=DIRECTION('',(0.,0.,1.));
#1702=DIRECTION('center_axis',(0.,0.,1.));
#1703=DIRECTION('ref_axis',(0.997313809023541,0.0732472957245296,0.));
#1704=DIRECTION('center_axis',(0.,0.,1.));
#1705=DIRECTION('ref_axis',(0.997313809023541,0.0732472957245296,0.));
#1706=DIRECTION('center_axis',(0.,0.,-1.));
#1707=DIRECTION('ref_axis',(0.997313809023541,0.0732472957245296,0.));
#1708=DIRECTION('',(0.,0.,1.));
#1709=DIRECTION('center_axis',(-0.0126226256854565,-0.999920331486867,0.));
#1710=DIRECTION('ref_axis',(0.999920331486866,-0.0126226256854565,0.));
#1711=DIRECTION('',(-0.999920331486866,0.0126226256854565,0.));
#1712=DIRECTION('',(0.999920331486866,-0.0126226256854565,0.));
#1713=DIRECTION('',(0.,0.,1.));
#1714=DIRECTION('center_axis',(0.,-1.,0.));
#1715=DIRECTION('ref_axis',(1.,0.,0.));
#1716=DIRECTION('',(-1.,0.,0.));
#1717=DIRECTION('',(1.,0.,0.));
#1718=DIRECTION('',(0.,0.,1.));
#1719=DIRECTION('center_axis',(0.0124971828096284,-0.999921907161666,0.));
#1720=DIRECTION('ref_axis',(0.999921907161666,0.0124971828096284,0.));
#1721=DIRECTION('',(-0.999921907161666,-0.0124971828096284,0.));
#1722=DIRECTION('',(0.999921907161666,0.0124971828096284,0.));
#1723=DIRECTION('center_axis',(0.,0.,1.));
#1724=DIRECTION('ref_axis',(-1.,0.,0.));
#1725=DIRECTION('',(-0.999921907161666,-0.0124971828096247,0.));
#1726=DIRECTION('center_axis',(0.,0.,1.));
#1727=DIRECTION('ref_axis',(-0.0523364831314441,0.998629507141378,0.));
#1728=DIRECTION('',(-0.0126280797166983,-0.99992026262231,0.));
#1729=DIRECTION('',(0.,-1.,0.));
#1730=DIRECTION('',(0.0130756624586387,-0.999914509871353,0.));
#1731=DIRECTION('center_axis',(0.,0.,1.));
#1732=DIRECTION('ref_axis',(0.998629845035674,0.0523300353910239,0.));
#1733=DIRECTION('',(-0.999920331486866,0.0126226256854567,0.));
#1734=DIRECTION('',(-1.,0.,0.));
#1735=DIRECTION('center_axis',(-0.0124971828096247,0.999921907161666,0.));
#1736=DIRECTION('ref_axis',(-0.999921907161666,-0.0124971828096247,0.));
#1737=DIRECTION('',(0.,0.,1.));
#1738=DIRECTION('',(0.,0.,1.));
#1739=DIRECTION('center_axis',(0.,1.,0.));
#1740=DIRECTION('ref_axis',(-1.,0.,0.));
#1741=DIRECTION('',(0.,0.,1.));
#1742=DIRECTION('center_axis',(0.0126226256854567,0.999920331486866,0.));
#1743=DIRECTION('ref_axis',(-0.999920331486866,0.0126226256854567,0.));
#1744=DIRECTION('',(0.,0.,1.));
#1745=DIRECTION('center_axis',(0.,0.,1.));
#1746=DIRECTION('ref_axis',(0.998629845035674,0.0523300353910239,0.));
#1747=DIRECTION('center_axis',(-0.999914509871353,-0.0130756624586388,0.));
#1748=DIRECTION('ref_axis',(0.0130756624586388,-0.999914509871353,0.));
#1749=DIRECTION('',(0.,0.,1.));
#1750=DIRECTION('center_axis',(-1.,0.,0.));
#1751=DIRECTION('ref_axis',(0.,-1.,0.));
#1752=DIRECTION('',(0.,0.,1.));
#1753=DIRECTION('center_axis',(-0.99992026262231,0.0126280797166983,0.));
#1754=DIRECTION('ref_axis',(-0.0126280797166983,-0.99992026262231,0.));
#1755=DIRECTION('',(0.,0.,1.));
#1756=DIRECTION('center_axis',(0.,0.,1.));
#1757=DIRECTION('ref_axis',(-0.0523364831314443,0.998629507141378,0.));
#1758=DIRECTION('center_axis',(0.,0.,1.));
#1759=DIRECTION('ref_axis',(1.,0.,0.));
#1760=DIRECTION('',(0.,0.,1.));
#1761=DIRECTION('',(1.,0.,0.));
#1762=DIRECTION('',(0.,0.,1.));
#1763=DIRECTION('',(1.,0.,0.));
#1764=CARTESIAN_POINT('',(0.,0.,0.));
#1765=CARTESIAN_POINT('',(0.,0.,0.));
#1766=CARTESIAN_POINT('',(0.,0.,0.));
#1767=CARTESIAN_POINT('Origin',(38.1,75.009375,4.));
#1768=CARTESIAN_POINT('',(36.4,75.009375,4.));
#1769=CARTESIAN_POINT('Origin',(38.1,75.009375,4.));
#1770=CARTESIAN_POINT('',(36.4,75.009375,8.));
#1771=CARTESIAN_POINT('',(36.4,75.009375,4.));
#1772=CARTESIAN_POINT('Origin',(38.1,75.009375,8.));
#1773=CARTESIAN_POINT('Origin',(0.,75.0000011175871,4.));
#1774=CARTESIAN_POINT('',(-1.7,75.0000011175871,4.));
#1775=CARTESIAN_POINT('Origin',(0.,75.0000011175871,4.));
#1776=CARTESIAN_POINT('',(-1.7,75.0000011175871,8.));
#1777=CARTESIAN_POINT('',(-1.7,75.0000011175871,4.));
#1778=CARTESIAN_POINT('Origin',(0.,75.0000011175871,8.));
#1779=CARTESIAN_POINT('Origin',(0.,0.,18.06));
#1780=CARTESIAN_POINT('',(1.587462,-1.94408025706806E-16,8.));
#1781=CARTESIAN_POINT('Origin',(0.,0.,8.));
#1782=CARTESIAN_POINT('',(1.587462,1.94408025706806E-16,4.));
#1783=CARTESIAN_POINT('',(1.587462,-1.94408025706806E-16,18.06));
#1784=CARTESIAN_POINT('Origin',(0.,0.,4.));
#1785=CARTESIAN_POINT('Origin',(76.2,38.1,18.06));
#1786=CARTESIAN_POINT('',(77.787462,38.1,8.));
#1787=CARTESIAN_POINT('Origin',(76.2,38.1,8.));
#1788=CARTESIAN_POINT('',(77.787462,38.1,4.));
#1789=CARTESIAN_POINT('',(77.787462,38.1,18.06));
#1790=CARTESIAN_POINT('Origin',(76.2,38.1,4.));
#1791=CARTESIAN_POINT('Origin',(76.2,0.,18.06));
#1792=CARTESIAN_POINT('',(77.787462,-1.94408025706806E-16,8.));
#1793=CARTESIAN_POINT('Origin',(76.2,0.,8.));
#1794=CARTESIAN_POINT('',(77.787462,1.94408025706806E-16,4.));
#1795=CARTESIAN_POINT('',(77.787462,-1.94408025706806E-16,18.06));
#1796=CARTESIAN_POINT('Origin',(76.2,0.,4.));
#1797=CARTESIAN_POINT('Origin',(0.,38.1,18.06));
#1798=CARTESIAN_POINT('',(1.587462,38.1,8.));
#1799=CARTESIAN_POINT('Origin',(0.,38.1,8.));
#1800=CARTESIAN_POINT('',(1.587462,38.1,4.));
#1801=CARTESIAN_POINT('',(1.587462,38.1,18.06));
#1802=CARTESIAN_POINT('Origin',(0.,38.1,4.));
#1803=CARTESIAN_POINT('Origin',(76.2,38.1,0.));
#1804=CARTESIAN_POINT('',(73.85,38.1,0.));
#1805=CARTESIAN_POINT('Origin',(76.2,38.1,0.));
#1806=CARTESIAN_POINT('',(73.85,38.1,4.));
#1807=CARTESIAN_POINT('',(73.85,38.1,0.));
#1808=CARTESIAN_POINT('Origin',(76.2,38.1,4.));
#1809=CARTESIAN_POINT('Origin',(76.2,38.1,4.));
#1810=CARTESIAN_POINT('Origin',(38.1,75.009375,0.));
#1811=CARTESIAN_POINT('',(35.75,75.009375,0.));
#1812=CARTESIAN_POINT('Origin',(38.1,75.009375,0.));
#1813=CARTESIAN_POINT('',(35.75,75.009375,4.));
#1814=CARTESIAN_POINT('',(35.75,75.009375,0.));
#1815=CARTESIAN_POINT('Origin',(38.1,75.009375,4.));
#1816=CARTESIAN_POINT('Origin',(38.1,75.009375,4.));
#1817=CARTESIAN_POINT('Origin',(76.2,0.,0.));
#1818=CARTESIAN_POINT('',(73.85,2.87791997799628E-16,0.));
#1819=CARTESIAN_POINT('Origin',(76.2,0.,0.));
#1820=CARTESIAN_POINT('',(73.85,2.87791997799628E-16,4.));
#1821=CARTESIAN_POINT('',(73.85,-2.87791997799628E-16,0.));
#1822=CARTESIAN_POINT('Origin',(76.2,0.,4.));
#1823=CARTESIAN_POINT('Origin',(76.2,0.,4.));
#1824=CARTESIAN_POINT('Origin',(0.,38.1,0.));
#1825=CARTESIAN_POINT('',(-2.35,38.1,0.));
#1826=CARTESIAN_POINT('Origin',(0.,38.1,0.));
#1827=CARTESIAN_POINT('',(-2.35,38.1,4.));
#1828=CARTESIAN_POINT('',(-2.35,38.1,0.));
#1829=CARTESIAN_POINT('Origin',(0.,38.1,4.));
#1830=CARTESIAN_POINT('Origin',(0.,38.1,4.));
#1831=CARTESIAN_POINT('Origin',(0.,75.009438,0.));
#1832=CARTESIAN_POINT('',(-2.35,75.009438,0.));
#1833=CARTESIAN_POINT('Origin',(0.,75.009438,0.));
#1834=CARTESIAN_POINT('',(-2.35,75.009438,4.));
#1835=CARTESIAN_POINT('',(-2.35,75.009438,0.));
#1836=CARTESIAN_POINT('Origin',(0.,75.009438,4.));
#1837=CARTESIAN_POINT('Origin',(0.,75.009438,4.));
#1838=CARTESIAN_POINT('Origin',(0.,0.,0.));
#1839=CARTESIAN_POINT('',(-2.35,2.87791997799628E-16,0.));
#1840=CARTESIAN_POINT('Origin',(0.,0.,0.));
#1841=CARTESIAN_POINT('',(-2.35,2.87791997799628E-16,4.));
#1842=CARTESIAN_POINT('',(-2.35,-2.87791997799628E-16,0.));
#1843=CARTESIAN_POINT('Origin',(0.,0.,4.));
#1844=CARTESIAN_POINT('Origin',(0.,0.,4.));
#1845=CARTESIAN_POINT('Origin',(-4.51231125257748,17.8441114542538,0.5));
#1846=CARTESIAN_POINT('',(-4.762501,-1.262503,1.));
#1847=CARTESIAN_POINT('',(-3.76250100365428,-1.25596460985065,0.));
#1848=CARTESIAN_POINT('',(-4.762501,-1.262503,1.));
#1849=CARTESIAN_POINT('',(-3.76046790849697,-1.41143828884353,0.));
#1850=CARTESIAN_POINT('',(-4.0123539976418,17.8506492854832,0.));
#1851=CARTESIAN_POINT('',(-4.76010400000017,-1.44580500000001,1.));
#1852=CARTESIAN_POINT('Ctrl Pts',(-3.760467908497,-1.41143828884288,-8.04911692853238E-15));
#1853=CARTESIAN_POINT('Ctrl Pts',(-4.09077595354351,-1.42343855531607,0.330436718403051));
#1854=CARTESIAN_POINT('Ctrl Pts',(-4.4299067660559,-1.43499763004936,0.6696896811382));
#1855=CARTESIAN_POINT('Ctrl Pts',(-4.76010400000017,-1.44580500000001,0.999999999999999));
#1856=CARTESIAN_POINT('',(-5.01226850751316,17.8375736230245,1.));
#1857=CARTESIAN_POINT('Origin',(-1.262499511979,-1.262500456672,0.5));
#1858=CARTESIAN_POINT('',(-1.41143395702161,-3.76046905514041,0.));
#1859=CARTESIAN_POINT('Origin',(-1.262499511979,-1.262500456672,0.));
#1860=CARTESIAN_POINT('',(-1.44580300000001,-4.76010500000017,1.));
#1861=CARTESIAN_POINT('Ctrl Pts',(-1.41143395702217,-3.76046905514041,6.38378239159465E-15));
#1862=CARTESIAN_POINT('Ctrl Pts',(-1.42343489952273,-4.09077705160695,0.330436720557771));
#1863=CARTESIAN_POINT('Ctrl Pts',(-1.43499477995353,-4.42990781308348,0.669689681652476));
#1864=CARTESIAN_POINT('Ctrl Pts',(-1.44580300000002,-4.76010500000017,1.));
#1865=CARTESIAN_POINT('Origin',(-1.262499511979,-1.262500456672,1.));
#1866=CARTESIAN_POINT('Origin',(-1.26250027773799,76.271900605006,0.5));
#1867=CARTESIAN_POINT('',(-4.76018599999934,76.455183,1.));
#1868=CARTESIAN_POINT('',(-1.445808,79.769585,1.));
#1869=CARTESIAN_POINT('Origin',(-1.26250027773799,76.271900605006,1.));
#1870=CARTESIAN_POINT('',(-1.41170616127142,78.7699331112594,0.));
#1871=CARTESIAN_POINT('Ctrl Pts',(-1.44580799999985,79.769585,0.999999999999998));
#1872=CARTESIAN_POINT('Ctrl Pts',(-1.43509612105074,79.4393824653623,0.669689383505935));
#1873=CARTESIAN_POINT('Ctrl Pts',(-1.42362838076459,79.1002465421747,0.330436629958405));
#1874=CARTESIAN_POINT('Ctrl Pts',(-1.4117061612707,78.7699331112594,-7.7715611723761E-15));
#1875=CARTESIAN_POINT('',(-3.76053763810989,76.4210251977677,0.));
#1876=CARTESIAN_POINT('Origin',(-1.26250027773799,76.271900605006,0.));
#1877=CARTESIAN_POINT('Ctrl Pts',(-3.76053763810989,76.4210251977656,-2.43555176027144E-14));
#1878=CARTESIAN_POINT('Ctrl Pts',(-4.09084990557107,76.4329636420999,0.330436688853879));
#1879=CARTESIAN_POINT('Ctrl Pts',(-4.42998461479667,76.4444507194548,0.66968941609563));
#1880=CARTESIAN_POINT('Ctrl Pts',(-4.76018599999934,76.455183,1.));
#1881=CARTESIAN_POINT('Origin',(18.157851007542,79.5145555943847,0.5));
#1882=CARTESIAN_POINT('',(-1.262501,79.771876,1.));
#1883=CARTESIAN_POINT('',(18.1516024161372,80.0145165479655,1.));
#1884=CARTESIAN_POINT('',(-1.25625192062495,78.7718760030493,0.));
#1885=CARTESIAN_POINT('',(-1.262501,79.771876,1.));
#1886=CARTESIAN_POINT('',(18.1640995989468,79.0145946408039,0.));
#1887=CARTESIAN_POINT('Origin',(57.7813,79.271876,0.5));
#1888=CARTESIAN_POINT('',(77.462567,79.771876,1.));
#1889=CARTESIAN_POINT('',(57.7813,79.771876,1.));
#1890=CARTESIAN_POINT('',(77.4562556871573,78.771876,0.));
#1891=CARTESIAN_POINT('',(77.462567,79.771876,1.));
#1892=CARTESIAN_POINT('',(57.7813,78.771876,0.));
#1893=CARTESIAN_POINT('Origin',(58.0490162684814,-4.51134679959603,0.5));
#1894=CARTESIAN_POINT('',(77.462567,-4.762503,1.));
#1895=CARTESIAN_POINT('',(77.4561569184849,-3.7625030033758,0.));
#1896=CARTESIAN_POINT('',(77.462567,-4.762503,1.));
#1897=CARTESIAN_POINT('',(77.6116280935269,-3.76050983755181,0.));
#1898=CARTESIAN_POINT('',(58.0426067136277,-4.01138788367736,0.));
#1899=CARTESIAN_POINT('',(77.645872,-4.76015299999988,1.));
#1900=CARTESIAN_POINT('Ctrl Pts',(77.6116280935267,-3.76050983755181,-1.87350135405495E-15));
#1901=CARTESIAN_POINT('Ctrl Pts',(77.6235918203106,-4.09082031990608,0.330436705674982));
#1902=CARTESIAN_POINT('Ctrl Pts',(77.6351086029144,-4.42995337300194,0.669689527730644));
#1903=CARTESIAN_POINT('Ctrl Pts',(77.645872,-4.76015299999988,1.));
#1904=CARTESIAN_POINT('',(58.0554258233352,-5.01130571551471,1.));
#1905=CARTESIAN_POINT('Origin',(77.462599833119,-1.262499952859,0.5));
#1906=CARTESIAN_POINT('',(79.9606028447122,-1.41164337542477,0.));
#1907=CARTESIAN_POINT('Origin',(77.462599833119,-1.262499952859,0.));
#1908=CARTESIAN_POINT('',(80.9602509999995,-1.44580799999997,1.));
#1909=CARTESIAN_POINT('Ctrl Pts',(79.9606028447122,-1.41164337542461,-6.38378239159465E-15));
#1910=CARTESIAN_POINT('Ctrl Pts',(80.2909149738721,-1.42358411696886,0.330436623011997));
#1911=CARTESIAN_POINT('Ctrl Pts',(80.6300497464526,-1.43507350531367,0.669689483078884));
#1912=CARTESIAN_POINT('Ctrl Pts',(80.9602509999995,-1.44580799999975,1.00000000000001));
#1913=CARTESIAN_POINT('Origin',(77.462599833119,-1.262499952859,1.));
#1914=CARTESIAN_POINT('Origin',(80.7030222870701,57.1546212784174,0.5));
#1915=CARTESIAN_POINT('',(80.9602610000002,76.455183,1.));
#1916=CARTESIAN_POINT('',(80.962567,76.271876,1.));
#1917=CARTESIAN_POINT('',(81.2029827277361,57.1609107751418,1.));
#1918=CARTESIAN_POINT('',(79.9625670031299,76.265586005659,0.));
#1919=CARTESIAN_POINT('',(80.962567,76.271876,1.));
#1920=CARTESIAN_POINT('',(79.9606113028278,76.4210472178481,0.));
#1921=CARTESIAN_POINT('',(80.2030618464041,57.148331781693,0.));
#1922=CARTESIAN_POINT('Ctrl Pts',(79.9606113028278,76.4210472178479,-3.40005801291454E-15));
#1923=CARTESIAN_POINT('Ctrl Pts',(80.2909239667387,76.4329792089155,0.330436622450395));
#1924=CARTESIAN_POINT('Ctrl Pts',(80.6300592275433,76.4444586905852,0.669689451649538));
#1925=CARTESIAN_POINT('Ctrl Pts',(80.9602610000002,76.4551830000003,1.00000000000002));
#1926=CARTESIAN_POINT('Origin',(80.462567,18.12109175,0.5));
#1927=CARTESIAN_POINT('',(80.962567,-1.262503,1.));
#1928=CARTESIAN_POINT('',(79.962567,-1.25618616422047,0.));
#1929=CARTESIAN_POINT('',(80.962567,-1.262503,1.));
#1930=CARTESIAN_POINT('',(79.962567,18.12109175,0.));
#1931=CARTESIAN_POINT('',(80.962567,18.12109175,1.));
#1932=CARTESIAN_POINT('Origin',(80.7028946926727,17.761928296962,0.5));
#1933=CARTESIAN_POINT('',(80.2029345966793,17.7682451327416,0.));
#1934=CARTESIAN_POINT('',(81.2028547886661,17.7556114611825,1.));
#1935=CARTESIAN_POINT('Origin',(77.462598513285,76.271899070899,0.5));
#1936=CARTESIAN_POINT('',(77.645874,79.7695620000005,1.));
#1937=CARTESIAN_POINT('Origin',(77.462598513285,76.271899070899,1.));
#1938=CARTESIAN_POINT('',(77.6117195633897,78.769913478158,0.));
#1939=CARTESIAN_POINT('Origin',(77.462598513285,76.271899070899,0.));
#1940=CARTESIAN_POINT('Ctrl Pts',(77.6117195633903,78.769913478158,2.4980018054066E-15));
#1941=CARTESIAN_POINT('Ctrl Pts',(77.6236569627064,79.1002257540329,0.330436641710299));
#1942=CARTESIAN_POINT('Ctrl Pts',(77.6351428900308,79.4393606095457,0.66968946141469));
#1943=CARTESIAN_POINT('Ctrl Pts',(77.6458739999999,79.7695620000005,1.));
#1944=CARTESIAN_POINT('Origin',(58.1365182202247,79.5158010786177,0.5));
#1945=CARTESIAN_POINT('',(58.1428295330674,80.0157612443612,1.));
#1946=CARTESIAN_POINT('',(58.1302069073819,79.0158409128743,0.));
#1947=CARTESIAN_POINT('Origin',(18.418766,-4.262503,0.5));
#1948=CARTESIAN_POINT('',(-1.262501,-4.762503,1.));
#1949=CARTESIAN_POINT('',(-1.25596044173158,-3.762503,0.));
#1950=CARTESIAN_POINT('',(-1.262501,-4.762503,1.));
#1951=CARTESIAN_POINT('',(18.418766,-3.762503,0.));
#1952=CARTESIAN_POINT('',(18.418766,-4.762503,1.));
#1953=CARTESIAN_POINT('Origin',(18.0538604240498,-4.51516141194718,0.5));
#1954=CARTESIAN_POINT('',(18.0604009823182,-4.01520419267983,0.));
#1955=CARTESIAN_POINT('',(18.0473198657814,-5.01511863121453,1.));
#1956=CARTESIAN_POINT('Origin',(-4.5027238206641,57.2473259492519,0.5));
#1957=CARTESIAN_POINT('',(-4.762501,76.271876,1.));
#1958=CARTESIAN_POINT('',(-3.762501,76.2655619601417,0.));
#1959=CARTESIAN_POINT('',(-4.762501,76.271876,1.));
#1960=CARTESIAN_POINT('',(-5.00268395197526,57.2536399891103,1.));
#1961=CARTESIAN_POINT('',(-4.00276368935294,57.2410119093936,0.));
#1962=CARTESIAN_POINT('Origin',(-4.262501,56.88828125,0.5));
#1963=CARTESIAN_POINT('',(-3.762501,56.88828125,0.));
#1964=CARTESIAN_POINT('',(-4.762501,56.88828125,1.));
#1965=CARTESIAN_POINT('Origin',(-1.262499511979,-1.262500456672,0.));
#1966=CARTESIAN_POINT('',(-1.44580300000001,-4.76010500000016,12.));
#1967=CARTESIAN_POINT('',(-1.44580300000001,-4.76010500000017,0.));
#1968=CARTESIAN_POINT('',(-4.76010400000017,-1.44580500000001,12.));
#1969=CARTESIAN_POINT('Origin',(-1.262499511979,-1.262500456672,12.));
#1970=CARTESIAN_POINT('',(-4.76010400000017,-1.44580500000001,0.));
#1971=CARTESIAN_POINT('Origin',(-1.44580300000001,-4.76010500000017,0.));
#1972=CARTESIAN_POINT('',(-1.262501,-4.76250299999999,12.));
#1973=CARTESIAN_POINT('',(-1.262501,-4.762503,0.));
#1974=CARTESIAN_POINT('',(-1.44580300000001,-4.76010500000017,12.));
#1975=CARTESIAN_POINT('Origin',(-1.262501,-4.762503,0.));
#1976=CARTESIAN_POINT('',(77.462567,-4.76250299999999,12.));
#1977=CARTESIAN_POINT('',(77.462567,-4.762503,0.));
#1978=CARTESIAN_POINT('',(-1.262501,-4.76250299999999,12.));
#1979=CARTESIAN_POINT('Origin',(77.462567,-4.762503,0.));
#1980=CARTESIAN_POINT('',(77.645872,-4.76015299999989,12.));
#1981=CARTESIAN_POINT('',(77.645872,-4.76015299999988,0.));
#1982=CARTESIAN_POINT('',(77.462567,-4.76250299999999,12.));
#1983=CARTESIAN_POINT('Origin',(77.462599833119,-1.262499952859,0.));
#1984=CARTESIAN_POINT('',(80.9602509999995,-1.44580799999997,12.));
#1985=CARTESIAN_POINT('',(80.9602509999995,-1.44580799999997,0.));
#1986=CARTESIAN_POINT('Origin',(77.462599833119,-1.262499952859,12.));
#1987=CARTESIAN_POINT('Origin',(80.9602509999995,-1.44580799999997,0.));
#1988=CARTESIAN_POINT('',(80.962567,-1.262503,12.));
#1989=CARTESIAN_POINT('',(80.962567,-1.262503,0.));
#1990=CARTESIAN_POINT('',(80.9602509999995,-1.44580799999997,12.));
#1991=CARTESIAN_POINT('Origin',(80.962567,-1.262503,0.));
#1992=CARTESIAN_POINT('',(80.962567,76.271876,12.));
#1993=CARTESIAN_POINT('',(80.962567,76.271876,0.));
#1994=CARTESIAN_POINT('',(80.962567,-1.262503,12.));
#1995=CARTESIAN_POINT('Origin',(80.962567,76.271876,0.));
#1996=CARTESIAN_POINT('',(80.9602610000002,76.455183,12.));
#1997=CARTESIAN_POINT('',(80.9602610000002,76.455183,0.));
#1998=CARTESIAN_POINT('',(80.962567,76.271876,12.));
#1999=CARTESIAN_POINT('Origin',(38.100033,37.5046865,0.));
#2000=CARTESIAN_POINT('Origin',(68.962567,67.771876,8.));
#2001=CARTESIAN_POINT('',(70.462567,67.771876,11.8));
#2002=CARTESIAN_POINT('Origin',(68.962567,67.771876,11.8));
#2003=CARTESIAN_POINT('',(70.462567,67.771876,8.));
#2004=CARTESIAN_POINT('',(70.462567,67.771876,8.));
#2005=CARTESIAN_POINT('Origin',(68.962567,67.771876,8.));
#2006=CARTESIAN_POINT('Origin',(68.962567,67.771876,11.8));
#2007=CARTESIAN_POINT('Origin',(38.100033,37.5048120807074,8.));
#2008=CARTESIAN_POINT('',(39.600033,37.5048120807074,11.8));
#2009=CARTESIAN_POINT('Origin',(38.100033,37.5048120807074,11.8));
#2010=CARTESIAN_POINT('',(39.600033,37.5048120807074,8.));
#2011=CARTESIAN_POINT('',(39.600033,37.5048120807074,8.));
#2012=CARTESIAN_POINT('Origin',(38.100033,37.5048120807074,8.));
#2013=CARTESIAN_POINT('Origin',(38.100033,37.5048120807074,11.8));
#2014=CARTESIAN_POINT('Origin',(-1.26250027773799,76.271900605006,8.));
#2015=CARTESIAN_POINT('',(-1.37263221622206,77.7703433646933,8.));
#2016=CARTESIAN_POINT('',(-2.76095185130438,76.3819125571295,8.));
#2017=CARTESIAN_POINT('Origin',(-1.26250027773799,76.271900605006,8.));
#2018=CARTESIAN_POINT('',(-1.37263221622206,77.7703433646933,12.));
#2019=CARTESIAN_POINT('',(-1.37263221622206,77.7703433646933,8.));
#2020=CARTESIAN_POINT('',(-2.76095185130438,76.3819125571295,12.));
#2021=CARTESIAN_POINT('Origin',(-1.26250027773799,76.271900605006,12.));
#2022=CARTESIAN_POINT('',(-2.76095185130438,76.3819125571295,8.));
#2023=CARTESIAN_POINT('Origin',(-2.762501,76.2592474167983,8.));
#2024=CARTESIAN_POINT('',(-2.762501,76.2592474167983,8.));
#2025=CARTESIAN_POINT('',(-3.00392118935328,57.1430441177927,8.));
#2026=CARTESIAN_POINT('',(-2.762501,76.2592474167983,12.));
#2027=CARTESIAN_POINT('',(-2.76095185130438,76.3819125571295,12.));
#2028=CARTESIAN_POINT('',(-2.762501,76.2592474167983,8.));
#2029=CARTESIAN_POINT('Origin',(-2.762501,-1.24942677859742,8.));
#2030=CARTESIAN_POINT('',(-2.762501,-1.24942677859742,8.));
#2031=CARTESIAN_POINT('',(-2.762501,18.1276298607013,8.));
#2032=CARTESIAN_POINT('',(-2.762501,-1.24942677859742,12.));
#2033=CARTESIAN_POINT('',(-2.762501,76.2592474167983,12.));
#2034=CARTESIAN_POINT('',(-2.762501,-1.24942677859742,8.));
#2035=CARTESIAN_POINT('Origin',(-2.7608958935528,-1.37217155206663,8.));
#2036=CARTESIAN_POINT('',(-2.7608958935528,-1.37217155206663,8.));
#2037=CARTESIAN_POINT('',(-3.01155144441822,17.7958150094498,8.));
#2038=CARTESIAN_POINT('',(-2.7608958935528,-1.37217155206662,12.));
#2039=CARTESIAN_POINT('',(-2.762501,-1.24942677859742,12.));
#2040=CARTESIAN_POINT('',(-2.7608958935528,-1.37217155206663,8.));
#2041=CARTESIAN_POINT('Origin',(-1.262499511979,-1.262500456672,8.));
#2042=CARTESIAN_POINT('',(-1.37216560792025,-2.76089720415897,8.));
#2043=CARTESIAN_POINT('Origin',(-1.262499511979,-1.262500456672,8.));
#2044=CARTESIAN_POINT('',(-1.37216560792025,-2.76089720415897,12.));
#2045=CARTESIAN_POINT('Origin',(-1.262499511979,-1.262500456672,12.));
#2046=CARTESIAN_POINT('',(-1.37216560792025,-2.76089720415897,8.));
#2047=CARTESIAN_POINT('Origin',(-1.24941932381951,-2.76250299999999,8.));
#2048=CARTESIAN_POINT('',(-1.24941932381951,-2.76250299999999,8.));
#2049=CARTESIAN_POINT('',(18.1585928204092,-3.01640319267905,8.));
#2050=CARTESIAN_POINT('',(-1.24941932381951,-2.762503,12.));
#2051=CARTESIAN_POINT('',(-1.37216560792025,-2.76089720415897,12.));
#2052=CARTESIAN_POINT('',(-1.24941932381951,-2.76250299999999,8.));
#2053=CARTESIAN_POINT('Origin',(77.4497473636096,-2.76250299999999,8.));
#2054=CARTESIAN_POINT('',(77.4497473636096,-2.76250299999999,8.));
#2055=CARTESIAN_POINT('',(57.7748901818048,-2.76250299999999,8.));
#2056=CARTESIAN_POINT('',(77.4497473636096,-2.762503,12.));
#2057=CARTESIAN_POINT('',(-1.24941932381951,-2.76250299999999,12.));
#2058=CARTESIAN_POINT('',(77.4497473636096,-2.76250299999999,8.));
#2059=CARTESIAN_POINT('Origin',(77.5724534498862,-2.76092988795851,8.));
#2060=CARTESIAN_POINT('',(77.5724534498862,-2.76092988795852,8.));
#2061=CARTESIAN_POINT('',(58.0975499385696,-3.01060132765557,8.));
#2062=CARTESIAN_POINT('',(77.5724534498862,-2.76092988795852,12.));
#2063=CARTESIAN_POINT('',(77.4497473636096,-2.76250299999999,12.));
#2064=CARTESIAN_POINT('',(77.5724534498862,-2.76092988795852,8.));
#2065=CARTESIAN_POINT('Origin',(77.462599833119,-1.262499952859,8.));
#2066=CARTESIAN_POINT('',(78.9610172967929,-1.37252355067425,8.));
#2067=CARTESIAN_POINT('Origin',(77.462599833119,-1.262499952859,8.));
#2068=CARTESIAN_POINT('',(78.9610172967929,-1.37252355067425,12.));
#2069=CARTESIAN_POINT('Origin',(77.462599833119,-1.262499952859,12.));
#2070=CARTESIAN_POINT('',(78.9610172967929,-1.37252355067425,8.));
#2071=CARTESIAN_POINT('Origin',(78.962567,-1.24986882428658,8.));
#2072=CARTESIAN_POINT('',(78.962567,-1.24986882428658,8.));
#2073=CARTESIAN_POINT('',(79.20409259668,17.8662147205977,8.));
#2074=CARTESIAN_POINT('',(78.962567,-1.24986882428659,12.));
#2075=CARTESIAN_POINT('',(78.9610172967929,-1.37252355067425,12.));
#2076=CARTESIAN_POINT('',(78.962567,-1.24986882428658,8.));
#2077=CARTESIAN_POINT('Origin',(78.962567,76.2592965089154,8.));
#2078=CARTESIAN_POINT('',(78.962567,76.2592965089154,8.));
#2079=CARTESIAN_POINT('',(78.962567,56.8819915044577,8.));
#2080=CARTESIAN_POINT('',(78.962567,76.2592965089154,12.));
#2081=CARTESIAN_POINT('',(78.962567,-1.24986882428658,12.));
#2082=CARTESIAN_POINT('',(78.962567,76.2592965089154,8.));
#2083=CARTESIAN_POINT('Origin',(78.9610240166176,76.3819503054961,8.));
#2084=CARTESIAN_POINT('',(78.9610240166176,76.3819503054961,8.));
#2085=CARTESIAN_POINT('',(79.2022903547127,57.2033689344408,8.));
#2086=CARTESIAN_POINT('',(78.9610240166176,76.3819503054961,12.));
#2087=CARTESIAN_POINT('',(78.962567,76.2592965089154,12.));
#2088=CARTESIAN_POINT('',(78.9610240166176,76.3819503054961,8.));
#2089=CARTESIAN_POINT('Origin',(77.462598513285,76.271899070899,8.));
#2090=CARTESIAN_POINT('',(77.5726097525873,77.7703275111326,8.));
#2091=CARTESIAN_POINT('Origin',(77.462598513285,76.271899070899,8.));
#2092=CARTESIAN_POINT('',(77.5726097525873,77.7703275111326,12.));
#2093=CARTESIAN_POINT('Origin',(77.462598513285,76.271899070899,12.));
#2094=CARTESIAN_POINT('',(77.5726097525873,77.7703275111326,8.));
#2095=CARTESIAN_POINT('Origin',(77.4499438714815,77.771876,8.));
#2096=CARTESIAN_POINT('',(77.4499438714815,77.771876,8.));
#2097=CARTESIAN_POINT('',(58.0322418431227,78.016997912874,8.));
#2098=CARTESIAN_POINT('',(77.4499438714815,77.771876,12.));
#2099=CARTESIAN_POINT('',(77.5726097525873,77.7703275111326,12.));
#2100=CARTESIAN_POINT('',(77.4499438714815,77.771876,8.));
#2101=CARTESIAN_POINT('Origin',(-1.250003329201,77.771876,8.));
#2102=CARTESIAN_POINT('',(-1.250003329201,77.771876,8.));
#2103=CARTESIAN_POINT('',(18.4250148353995,77.771876,8.));
#2104=CARTESIAN_POINT('',(-1.250003329201,77.771876,12.));
#2105=CARTESIAN_POINT('',(77.4499438714815,77.771876,12.));
#2106=CARTESIAN_POINT('',(-1.250003329201,77.771876,8.));
#2107=CARTESIAN_POINT('Origin',(-1.37263221622206,77.7703433646933,8.));
#2108=CARTESIAN_POINT('',(18.1090339908357,78.0138283231506,8.));
#2109=CARTESIAN_POINT('',(-1.250003329201,77.771876,12.));
#2110=CARTESIAN_POINT('Origin',(38.100033,37.5046865,12.));
#2111=CARTESIAN_POINT('',(-1.262501,79.771876,12.));
#2112=CARTESIAN_POINT('',(-1.445808,79.769585,12.));
#2113=CARTESIAN_POINT('',(-1.262501,79.771876,12.));
#2114=CARTESIAN_POINT('',(-4.76018599999934,76.455183,12.));
#2115=CARTESIAN_POINT('Origin',(-1.26250027773799,76.271900605006,12.));
#2116=CARTESIAN_POINT('',(-4.762501,76.271876,12.));
#2117=CARTESIAN_POINT('',(-4.76018599999934,76.455183,12.));
#2118=CARTESIAN_POINT('',(-4.762501,-1.262503,12.));
#2119=CARTESIAN_POINT('',(-4.762501,76.271876,12.));
#2120=CARTESIAN_POINT('',(-4.762501,-1.262503,12.));
#2121=CARTESIAN_POINT('',(77.645874,79.7695620000005,12.));
#2122=CARTESIAN_POINT('Origin',(77.462598513285,76.271899070899,12.));
#2123=CARTESIAN_POINT('',(77.462567,79.771876,12.));
#2124=CARTESIAN_POINT('',(77.645874,79.7695620000005,12.));
#2125=CARTESIAN_POINT('',(77.462567,79.771876,12.));
#2126=CARTESIAN_POINT('Origin',(-1.262501,79.771876,0.));
#2127=CARTESIAN_POINT('',(-1.445808,79.769585,0.));
#2128=CARTESIAN_POINT('',(-1.262501,79.771876,0.));
#2129=CARTESIAN_POINT('Origin',(77.462567,79.771876,0.));
#2130=CARTESIAN_POINT('',(77.462567,79.771876,0.));
#2131=CARTESIAN_POINT('Origin',(77.645874,79.7695620000005,0.));
#2132=CARTESIAN_POINT('',(77.645874,79.7695620000005,0.));
#2133=CARTESIAN_POINT('Origin',(77.462598513285,76.271899070899,0.));
#2134=CARTESIAN_POINT('Origin',(-4.762501,-1.262503,0.));
#2135=CARTESIAN_POINT('',(-4.762501,-1.262503,0.));
#2136=CARTESIAN_POINT('Origin',(-4.762501,76.271876,0.));
#2137=CARTESIAN_POINT('',(-4.762501,76.271876,0.));
#2138=CARTESIAN_POINT('Origin',(-4.76018599999934,76.455183,0.));
#2139=CARTESIAN_POINT('',(-4.76018599999934,76.455183,0.));
#2140=CARTESIAN_POINT('Origin',(-1.26250027773799,76.271900605006,0.));
#2141=CARTESIAN_POINT('Origin',(38.100033,37.5046865,8.));
#2142=CARTESIAN_POINT('',(0.,0.,0.));
#2143=CARTESIAN_POINT('',(0.,0.,0.));
#2144=UNCERTAINTY_MEASURE_WITH_UNIT(LENGTH_MEASURE(0.01),#2152,
'DISTANCE_ACCURACY_VALUE',
'Maximum model space distance between geometric entities at asserted c
onnectivities');
#2145=UNCERTAINTY_MEASURE_WITH_UNIT(LENGTH_MEASURE(0.01),#2152,
'DISTANCE_ACCURACY_VALUE',
'Maximum model space distance between geometric entities at asserted c
onnectivities');
#2146=UNCERTAINTY_MEASURE_WITH_UNIT(LENGTH_MEASURE(0.01),#2152,
'DISTANCE_ACCURACY_VALUE',
'Maximum model space distance between geometric entities at asserted c
onnectivities');
#2147=UNCERTAINTY_MEASURE_WITH_UNIT(LENGTH_MEASURE(0.01),#2152,
'DISTANCE_ACCURACY_VALUE',
'Maximum model space distance between geometric entities at asserted c
onnectivities');
#2148=(
GEOMETRIC_REPRESENTATION_CONTEXT(3)
GLOBAL_UNCERTAINTY_ASSIGNED_CONTEXT((#2144))
GLOBAL_UNIT_ASSIGNED_CONTEXT((#2152,#2154,#2155))
REPRESENTATION_CONTEXT('','3D')
);
#2149=(
GEOMETRIC_REPRESENTATION_CONTEXT(3)
GLOBAL_UNCERTAINTY_ASSIGNED_CONTEXT((#2145))
GLOBAL_UNIT_ASSIGNED_CONTEXT((#2152,#2154,#2155))
REPRESENTATION_CONTEXT('','3D')
);
#2150=(
GEOMETRIC_REPRESENTATION_CONTEXT(3)
GLOBAL_UNCERTAINTY_ASSIGNED_CONTEXT((#2146))
GLOBAL_UNIT_ASSIGNED_CONTEXT((#2152,#2154,#2155))
REPRESENTATION_CONTEXT('','3D')
);
#2151=(
GEOMETRIC_REPRESENTATION_CONTEXT(3)
GLOBAL_UNCERTAINTY_ASSIGNED_CONTEXT((#2147))
GLOBAL_UNIT_ASSIGNED_CONTEXT((#2152,#2154,#2155))
REPRESENTATION_CONTEXT('','3D')
);
#2152=(
LENGTH_UNIT()
NAMED_UNIT(*)
SI_UNIT(.MILLI.,.METRE.)
);
#2153=(
LENGTH_UNIT()
NAMED_UNIT(*)
SI_UNIT($,.METRE.)
);
#2154=(
NAMED_UNIT(*)
PLANE_ANGLE_UNIT()
SI_UNIT($,.RADIAN.)
);
#2155=(
NAMED_UNIT(*)
SI_UNIT($,.STERADIAN.)
SOLID_ANGLE_UNIT()
);
#2156=SHAPE_DEFINITION_REPRESENTATION(#2159,#2164);
#2157=SHAPE_DEFINITION_REPRESENTATION(#2160,#2165);
#2158=SHAPE_DEFINITION_REPRESENTATION(#2161,#2166);
#2159=PRODUCT_DEFINITION_SHAPE('',$,#2168);
#2160=PRODUCT_DEFINITION_SHAPE('',$,#2169);
#2161=PRODUCT_DEFINITION_SHAPE('',$,#2170);
#2162=PRODUCT_DEFINITION_SHAPE($,$,#17);
#2163=PRODUCT_DEFINITION_SHAPE($,$,#18);
#2164=SHAPE_REPRESENTATION('',(#1272,#1397),#2148);
#2165=SHAPE_REPRESENTATION('',(#1273,#1396),#2149);
#2166=SHAPE_REPRESENTATION('',(#1274),#2150);
#2167=PRODUCT_DEFINITION_CONTEXT('part definition',#2178,'design');
#2168=PRODUCT_DEFINITION('.step 1','Custom Hackpad',#2171,#2167);
#2169=PRODUCT_DEFINITION('2026-06-26-00-47-23-371','Case',#2172,#2167);
#2170=PRODUCT_DEFINITION('2026-06-26-00-02-26-461','BottomCase',#2173,#2167);
#2171=PRODUCT_DEFINITION_FORMATION('',$,#2180);
#2172=PRODUCT_DEFINITION_FORMATION('',$,#2181);
#2173=PRODUCT_DEFINITION_FORMATION('',$,#2182);
#2174=PRODUCT_RELATED_PRODUCT_CATEGORY('Custom Hackpad',
'Custom Hackpad',(#2180));
#2175=PRODUCT_RELATED_PRODUCT_CATEGORY('Case','Case',(#2181));
#2176=PRODUCT_RELATED_PRODUCT_CATEGORY('BottomCase','BottomCase',(#2182));
#2177=APPLICATION_PROTOCOL_DEFINITION('international standard',
'automotive_design',2009,#2178);
#2178=APPLICATION_CONTEXT(
'Core Data for Automotive Mechanical Design Process');
#2179=PRODUCT_CONTEXT('part definition',#2178,'mechanical');
#2180=PRODUCT('.step 1','Custom Hackpad','KiCad electronic assembly',(#2179));
#2181=PRODUCT('2026-06-26-00-47-23-371','Case',$,(#2179));
#2182=PRODUCT('2026-06-26-00-02-26-461','BottomCase',$,(#2179));
#2183=PRESENTATION_STYLE_ASSIGNMENT((#2185));
#2184=PRESENTATION_STYLE_ASSIGNMENT((#2186));
#2185=SURFACE_STYLE_USAGE(.BOTH.,#2187);
#2186=SURFACE_STYLE_USAGE(.BOTH.,#2188);
#2187=SURFACE_SIDE_STYLE('',(#2189));
#2188=SURFACE_SIDE_STYLE('',(#2190));
#2189=SURFACE_STYLE_FILL_AREA(#2191);
#2190=SURFACE_STYLE_FILL_AREA(#2192);
#2191=FILL_AREA_STYLE('Steel - Satin',(#2193));
#2192=FILL_AREA_STYLE('Opaque(30,30,30)',(#2194));
#2193=FILL_AREA_STYLE_COLOUR('Steel - Satin',#2195);
#2194=FILL_AREA_STYLE_COLOUR('Opaque(30,30,30)',#2196);
#2195=COLOUR_RGB('Steel - Satin',0.627450980392157,0.627450980392157,0.627450980392157);
#2196=COLOUR_RGB('Opaque(30,30,30)',0.117647058823529,0.117647058823529,
0.117647058823529);
ENDSEC;
END-ISO-10303-21;
