ISO-10303-21;
HEADER;
/* Generated by software containing ST-Developer
 * from STEP Tools, Inc. (www.steptools.com) 
 */

FILE_DESCRIPTION(
/* description */ ('KiCad electronic assembly'),
/* implementation_level */ '2;1');

FILE_NAME(
/* name */ 'top_(to_print).step',
/* time_stamp */ '2026-06-27T23:56:53-04:00',
/* author */ (''),
/* organization */ (''),
/* preprocessor_version */ 'ST-DEVELOPER v20.1',
/* originating_system */ 'Autodesk Translation Framework v15.8.0.0',
/* authorisation */ '');

FILE_SCHEMA (('AUTOMOTIVE_DESIGN { 1 0 10303 214 3 1 1 }'));
ENDSEC;

DATA;
#10=MECHANICAL_DESIGN_GEOMETRIC_PRESENTATION_REPRESENTATION('',(#47,#48),
#6911);
#11=ITEM_DEFINED_TRANSFORMATION($,$,#4112,#4465);
#12=ITEM_DEFINED_TRANSFORMATION($,$,#4111,#4466);
#13=(
REPRESENTATION_RELATIONSHIP($,$,#6926,#6925)
REPRESENTATION_RELATIONSHIP_WITH_TRANSFORMATION(#11)
SHAPE_REPRESENTATION_RELATIONSHIP()
);
#14=(
REPRESENTATION_RELATIONSHIP($,$,#6925,#6924)
REPRESENTATION_RELATIONSHIP_WITH_TRANSFORMATION(#12)
SHAPE_REPRESENTATION_RELATIONSHIP()
);
#15=CONTEXT_DEPENDENT_SHAPE_REPRESENTATION(#13,#6922);
#16=CONTEXT_DEPENDENT_SHAPE_REPRESENTATION(#14,#6923);
#17=NEXT_ASSEMBLY_USAGE_OCCURRENCE('MiddlePlateless:1',
'MiddlePlateless:1','MiddlePlateless:1',#6929,#6930,'MiddlePlateless:1');
#18=NEXT_ASSEMBLY_USAGE_OCCURRENCE('Case:1','Case:1','Case:1',#6928,#6929,
'Case:1');
#19=SHAPE_REPRESENTATION_RELATIONSHIP('SRR','None',#6926,#20);
#20=ADVANCED_BREP_SHAPE_REPRESENTATION('',(#49,#50),#6910);
#21=B_SPLINE_SURFACE_WITH_KNOTS('',3,3,((#6541,#6542,#6543,#6544,#6545),
(#6546,#6547,#6548,#6549,#6550),(#6551,#6552,#6553,#6554,#6555),(#6556,
#6557,#6558,#6559,#6560)),.UNSPECIFIED.,.F.,.F.,.F.,(4,4),(4,1,4),(0.,1.),
(0.28146637588862,0.737790732202679,1.34622320728809),.UNSPECIFIED.);
#22=B_SPLINE_SURFACE_WITH_KNOTS('',3,3,((#6594,#6595,#6596,#6597,#6598),
(#6599,#6600,#6601,#6602,#6603),(#6604,#6605,#6606,#6607,#6608),(#6609,
#6610,#6611,#6612,#6613)),.UNSPECIFIED.,.F.,.F.,.F.,(4,4),(4,1,4),(0.,1.),
(4.9369620998915,5.54539457497691,6.00171893129097),.UNSPECIFIED.);
#23=B_SPLINE_SURFACE_WITH_KNOTS('',3,3,((#6632,#6633,#6634,#6635),(#6636,
#6637,#6638,#6639),(#6640,#6641,#6642,#6643),(#6644,#6645,#6646,#6647)),
 .UNSPECIFIED.,.F.,.F.,.F.,(4,4),(4,4),(0.,1.),(4.71238898038469,4.9369620998915),
 .UNSPECIFIED.);
#24=B_SPLINE_SURFACE_WITH_KNOTS('',3,3,((#6656,#6657,#6658,#6659),(#6660,
#6661,#6662,#6663),(#6664,#6665,#6666,#6667),(#6668,#6669,#6670,#6671)),
 .UNSPECIFIED.,.F.,.F.,.F.,(4,4),(4,4),(0.,1.),(1.34622320728809,1.5707963267949),
 .UNSPECIFIED.);
#25=B_SPLINE_CURVE_WITH_KNOTS('',3,(#6498,#6499,#6500,#6501),
 .UNSPECIFIED.,.F.,.F.,(4,4),(-0.0679699879257448,0.),.UNSPECIFIED.);
#26=B_SPLINE_CURVE_WITH_KNOTS('',3,(#6513,#6514,#6515,#6516),
 .UNSPECIFIED.,.F.,.F.,(4,4),(-0.0679699879259274,0.),.UNSPECIFIED.);
#27=B_SPLINE_CURVE_WITH_KNOTS('',3,(#6563,#6564,#6565,#6566,#6567),
 .UNSPECIFIED.,.F.,.F.,(4,1,4),(0.28146637588862,0.737790732202679,1.34622320728809),
 .UNSPECIFIED.);
#28=B_SPLINE_CURVE_WITH_KNOTS('',3,(#6571,#6572,#6573,#6574,#6575),
 .UNSPECIFIED.,.F.,.F.,(4,1,4),(-1.34622320728809,-0.737790732202679,-0.307275527688884),
 .UNSPECIFIED.);
#29=B_SPLINE_CURVE_WITH_KNOTS('',3,(#6577,#6578,#6579,#6580),
 .UNSPECIFIED.,.F.,.F.,(4,4),(-0.0372153351692731,0.),.UNSPECIFIED.);
#30=B_SPLINE_CURVE_WITH_KNOTS('',3,(#6581,#6582,#6583,#6584),
 .UNSPECIFIED.,.F.,.F.,(4,4),(-0.00570872817316295,0.),.UNSPECIFIED.);
#31=B_SPLINE_CURVE_WITH_KNOTS('',3,(#6589,#6590,#6591,#6592),
 .UNSPECIFIED.,.F.,.F.,(4,4),(0.,0.0372153241660437),.UNSPECIFIED.);
#32=B_SPLINE_CURVE_WITH_KNOTS('',3,(#6615,#6616,#6617,#6618,#6619),
 .UNSPECIFIED.,.F.,.F.,(4,1,4),(-5.97590974562305,-5.54539457497691,-4.9369620998915),
 .UNSPECIFIED.);
#33=B_SPLINE_CURVE_WITH_KNOTS('',3,(#6623,#6624,#6625,#6626,#6627),
 .UNSPECIFIED.,.F.,.F.,(4,1,4),(4.9369620998915,5.54539457497691,6.00171893129097),
 .UNSPECIFIED.);
#34=B_SPLINE_CURVE_WITH_KNOTS('',3,(#6628,#6629,#6630,#6631),
 .UNSPECIFIED.,.F.,.F.,(4,4),(-0.0899047447671176,-0.0842477878633781),
 .UNSPECIFIED.);
#35=B_SPLINE_CURVE_WITH_KNOTS('',3,(#6648,#6649,#6650,#6651),
 .UNSPECIFIED.,.F.,.F.,(4,4),(-4.9369620998915,-4.71238898038469),
 .UNSPECIFIED.);
#36=B_SPLINE_CURVE_WITH_KNOTS('',3,(#6652,#6653,#6654,#6655),
 .UNSPECIFIED.,.F.,.F.,(4,4),(4.71238898038469,4.9369620998915),
 .UNSPECIFIED.);
#37=B_SPLINE_CURVE_WITH_KNOTS('',3,(#6672,#6673,#6674,#6675),
 .UNSPECIFIED.,.F.,.F.,(4,4),(-1.5707963267949,-1.34622320728809),
 .UNSPECIFIED.);
#38=B_SPLINE_CURVE_WITH_KNOTS('',3,(#6676,#6677,#6678,#6679),
 .UNSPECIFIED.,.F.,.F.,(4,4),(1.34622320728809,1.5707963267949),
 .UNSPECIFIED.);
#39=CONICAL_SURFACE('',#4369,2.4,0.785398163397448);
#40=CONICAL_SURFACE('',#4384,2.4,0.785398163397448);
#41=CONICAL_SURFACE('',#4388,1.74,0.785398163397449);
#42=CONICAL_SURFACE('',#4395,1.74,0.785398163397445);
#43=CONICAL_SURFACE('',#4426,0.999999999999997,0.785398163397447);
#44=CONICAL_SURFACE('',#4430,0.999999999999997,0.785398163397447);
#45=CONICAL_SURFACE('',#4434,1.00000000000001,0.785398163397447);
#46=CONICAL_SURFACE('',#4438,0.999999999999997,0.785398163397447);
#47=STYLED_ITEM('',(#6944),#49);
#48=STYLED_ITEM('',(#6944),#50);
#49=MANIFOLD_SOLID_BREP('Body3',#4096);
#50=MANIFOLD_SOLID_BREP('Top cover',#4097);
#51=FACE_BOUND('',#431,.T.);
#52=FACE_BOUND('',#432,.T.);
#53=FACE_BOUND('',#433,.T.);
#54=FACE_BOUND('',#434,.T.);
#55=FACE_BOUND('',#435,.T.);
#56=FACE_BOUND('',#436,.T.);
#57=FACE_BOUND('',#437,.T.);
#58=FACE_BOUND('',#438,.T.);
#59=FACE_BOUND('',#439,.T.);
#60=FACE_BOUND('',#440,.T.);
#61=FACE_BOUND('',#441,.T.);
#62=FACE_BOUND('',#442,.T.);
#63=FACE_BOUND('',#443,.T.);
#64=FACE_BOUND('',#444,.T.);
#65=FACE_BOUND('',#445,.T.);
#66=FACE_BOUND('',#446,.T.);
#67=FACE_BOUND('',#545,.T.);
#68=FACE_BOUND('',#546,.T.);
#69=FACE_BOUND('',#547,.T.);
#70=FACE_BOUND('',#548,.T.);
#71=FACE_BOUND('',#549,.T.);
#72=FACE_BOUND('',#550,.T.);
#73=FACE_BOUND('',#551,.T.);
#74=FACE_BOUND('',#552,.T.);
#75=FACE_BOUND('',#553,.T.);
#76=FACE_BOUND('',#554,.T.);
#77=FACE_BOUND('',#555,.T.);
#78=FACE_BOUND('',#556,.T.);
#79=FACE_BOUND('',#557,.T.);
#80=FACE_BOUND('',#558,.T.);
#81=FACE_BOUND('',#559,.T.);
#82=FACE_BOUND('',#560,.T.);
#83=FACE_BOUND('',#561,.T.);
#84=FACE_BOUND('',#595,.T.);
#85=FACE_BOUND('',#598,.T.);
#86=FACE_BOUND('',#599,.T.);
#87=FACE_BOUND('',#600,.T.);
#88=FACE_BOUND('',#601,.T.);
#89=FACE_BOUND('',#602,.T.);
#90=FACE_BOUND('',#642,.T.);
#91=FACE_BOUND('',#657,.T.);
#92=PLANE('',#4125);
#93=PLANE('',#4176);
#94=PLANE('',#4179);
#95=PLANE('',#4182);
#96=PLANE('',#4185);
#97=PLANE('',#4188);
#98=PLANE('',#4191);
#99=PLANE('',#4194);
#100=PLANE('',#4197);
#101=PLANE('',#4200);
#102=PLANE('',#4203);
#103=PLANE('',#4206);
#104=PLANE('',#4209);
#105=PLANE('',#4212);
#106=PLANE('',#4215);
#107=PLANE('',#4218);
#108=PLANE('',#4221);
#109=PLANE('',#4224);
#110=PLANE('',#4227);
#111=PLANE('',#4230);
#112=PLANE('',#4233);
#113=PLANE('',#4236);
#114=PLANE('',#4239);
#115=PLANE('',#4242);
#116=PLANE('',#4245);
#117=PLANE('',#4248);
#118=PLANE('',#4251);
#119=PLANE('',#4254);
#120=PLANE('',#4257);
#121=PLANE('',#4260);
#122=PLANE('',#4263);
#123=PLANE('',#4266);
#124=PLANE('',#4269);
#125=PLANE('',#4272);
#126=PLANE('',#4273);
#127=PLANE('',#4276);
#128=PLANE('',#4279);
#129=PLANE('',#4282);
#130=PLANE('',#4285);
#131=PLANE('',#4288);
#132=PLANE('',#4291);
#133=PLANE('',#4294);
#134=PLANE('',#4297);
#135=PLANE('',#4300);
#136=PLANE('',#4303);
#137=PLANE('',#4306);
#138=PLANE('',#4309);
#139=PLANE('',#4312);
#140=PLANE('',#4315);
#141=PLANE('',#4318);
#142=PLANE('',#4321);
#143=PLANE('',#4328);
#144=PLANE('',#4329);
#145=PLANE('',#4330);
#146=PLANE('',#4333);
#147=PLANE('',#4334);
#148=PLANE('',#4335);
#149=PLANE('',#4338);
#150=PLANE('',#4339);
#151=PLANE('',#4340);
#152=PLANE('',#4343);
#153=PLANE('',#4344);
#154=PLANE('',#4345);
#155=PLANE('',#4350);
#156=PLANE('',#4351);
#157=PLANE('',#4352);
#158=PLANE('',#4355);
#159=PLANE('',#4356);
#160=PLANE('',#4357);
#161=PLANE('',#4360);
#162=PLANE('',#4361);
#163=PLANE('',#4362);
#164=PLANE('',#4365);
#165=PLANE('',#4366);
#166=PLANE('',#4367);
#167=PLANE('',#4368);
#168=PLANE('',#4372);
#169=PLANE('',#4386);
#170=PLANE('',#4387);
#171=PLANE('',#4391);
#172=PLANE('',#4392);
#173=PLANE('',#4393);
#174=PLANE('',#4394);
#175=PLANE('',#4398);
#176=PLANE('',#4399);
#177=PLANE('',#4401);
#178=PLANE('',#4403);
#179=PLANE('',#4405);
#180=PLANE('',#4406);
#181=PLANE('',#4407);
#182=PLANE('',#4408);
#183=PLANE('',#4409);
#184=PLANE('',#4410);
#185=PLANE('',#4411);
#186=PLANE('',#4412);
#187=PLANE('',#4413);
#188=PLANE('',#4414);
#189=PLANE('',#4415);
#190=PLANE('',#4416);
#191=PLANE('',#4417);
#192=PLANE('',#4418);
#193=PLANE('',#4419);
#194=PLANE('',#4420);
#195=PLANE('',#4421);
#196=PLANE('',#4422);
#197=PLANE('',#4423);
#198=PLANE('',#4424);
#199=PLANE('',#4425);
#200=PLANE('',#4429);
#201=PLANE('',#4433);
#202=PLANE('',#4437);
#203=PLANE('',#4442);
#204=PLANE('',#4444);
#205=PLANE('',#4445);
#206=PLANE('',#4448);
#207=PLANE('',#4449);
#208=PLANE('',#4451);
#209=PLANE('',#4453);
#210=PLANE('',#4454);
#211=PLANE('',#4456);
#212=PLANE('',#4457);
#213=PLANE('',#4458);
#214=PLANE('',#4460);
#215=PLANE('',#4461);
#216=PLANE('',#4462);
#217=PLANE('',#4464);
#218=FACE_OUTER_BOUND('',#426,.T.);
#219=FACE_OUTER_BOUND('',#427,.T.);
#220=FACE_OUTER_BOUND('',#428,.T.);
#221=FACE_OUTER_BOUND('',#429,.T.);
#222=FACE_OUTER_BOUND('',#430,.T.);
#223=FACE_OUTER_BOUND('',#447,.T.);
#224=FACE_OUTER_BOUND('',#448,.T.);
#225=FACE_OUTER_BOUND('',#449,.T.);
#226=FACE_OUTER_BOUND('',#450,.T.);
#227=FACE_OUTER_BOUND('',#451,.T.);
#228=FACE_OUTER_BOUND('',#452,.T.);
#229=FACE_OUTER_BOUND('',#453,.T.);
#230=FACE_OUTER_BOUND('',#454,.T.);
#231=FACE_OUTER_BOUND('',#455,.T.);
#232=FACE_OUTER_BOUND('',#456,.T.);
#233=FACE_OUTER_BOUND('',#457,.T.);
#234=FACE_OUTER_BOUND('',#458,.T.);
#235=FACE_OUTER_BOUND('',#459,.T.);
#236=FACE_OUTER_BOUND('',#460,.T.);
#237=FACE_OUTER_BOUND('',#461,.T.);
#238=FACE_OUTER_BOUND('',#462,.T.);
#239=FACE_OUTER_BOUND('',#463,.T.);
#240=FACE_OUTER_BOUND('',#464,.T.);
#241=FACE_OUTER_BOUND('',#465,.T.);
#242=FACE_OUTER_BOUND('',#466,.T.);
#243=FACE_OUTER_BOUND('',#467,.T.);
#244=FACE_OUTER_BOUND('',#468,.T.);
#245=FACE_OUTER_BOUND('',#469,.T.);
#246=FACE_OUTER_BOUND('',#470,.T.);
#247=FACE_OUTER_BOUND('',#471,.T.);
#248=FACE_OUTER_BOUND('',#472,.T.);
#249=FACE_OUTER_BOUND('',#473,.T.);
#250=FACE_OUTER_BOUND('',#474,.T.);
#251=FACE_OUTER_BOUND('',#475,.T.);
#252=FACE_OUTER_BOUND('',#476,.T.);
#253=FACE_OUTER_BOUND('',#477,.T.);
#254=FACE_OUTER_BOUND('',#478,.T.);
#255=FACE_OUTER_BOUND('',#479,.T.);
#256=FACE_OUTER_BOUND('',#480,.T.);
#257=FACE_OUTER_BOUND('',#481,.T.);
#258=FACE_OUTER_BOUND('',#482,.T.);
#259=FACE_OUTER_BOUND('',#483,.T.);
#260=FACE_OUTER_BOUND('',#484,.T.);
#261=FACE_OUTER_BOUND('',#485,.T.);
#262=FACE_OUTER_BOUND('',#486,.T.);
#263=FACE_OUTER_BOUND('',#487,.T.);
#264=FACE_OUTER_BOUND('',#488,.T.);
#265=FACE_OUTER_BOUND('',#489,.T.);
#266=FACE_OUTER_BOUND('',#490,.T.);
#267=FACE_OUTER_BOUND('',#491,.T.);
#268=FACE_OUTER_BOUND('',#492,.T.);
#269=FACE_OUTER_BOUND('',#493,.T.);
#270=FACE_OUTER_BOUND('',#494,.T.);
#271=FACE_OUTER_BOUND('',#495,.T.);
#272=FACE_OUTER_BOUND('',#496,.T.);
#273=FACE_OUTER_BOUND('',#497,.T.);
#274=FACE_OUTER_BOUND('',#498,.T.);
#275=FACE_OUTER_BOUND('',#499,.T.);
#276=FACE_OUTER_BOUND('',#500,.T.);
#277=FACE_OUTER_BOUND('',#501,.T.);
#278=FACE_OUTER_BOUND('',#502,.T.);
#279=FACE_OUTER_BOUND('',#503,.T.);
#280=FACE_OUTER_BOUND('',#504,.T.);
#281=FACE_OUTER_BOUND('',#505,.T.);
#282=FACE_OUTER_BOUND('',#506,.T.);
#283=FACE_OUTER_BOUND('',#507,.T.);
#284=FACE_OUTER_BOUND('',#508,.T.);
#285=FACE_OUTER_BOUND('',#509,.T.);
#286=FACE_OUTER_BOUND('',#510,.T.);
#287=FACE_OUTER_BOUND('',#511,.T.);
#288=FACE_OUTER_BOUND('',#512,.T.);
#289=FACE_OUTER_BOUND('',#513,.T.);
#290=FACE_OUTER_BOUND('',#514,.T.);
#291=FACE_OUTER_BOUND('',#515,.T.);
#292=FACE_OUTER_BOUND('',#516,.T.);
#293=FACE_OUTER_BOUND('',#517,.T.);
#294=FACE_OUTER_BOUND('',#518,.T.);
#295=FACE_OUTER_BOUND('',#519,.T.);
#296=FACE_OUTER_BOUND('',#520,.T.);
#297=FACE_OUTER_BOUND('',#521,.T.);
#298=FACE_OUTER_BOUND('',#522,.T.);
#299=FACE_OUTER_BOUND('',#523,.T.);
#300=FACE_OUTER_BOUND('',#524,.T.);
#301=FACE_OUTER_BOUND('',#525,.T.);
#302=FACE_OUTER_BOUND('',#526,.T.);
#303=FACE_OUTER_BOUND('',#527,.T.);
#304=FACE_OUTER_BOUND('',#528,.T.);
#305=FACE_OUTER_BOUND('',#529,.T.);
#306=FACE_OUTER_BOUND('',#530,.T.);
#307=FACE_OUTER_BOUND('',#531,.T.);
#308=FACE_OUTER_BOUND('',#532,.T.);
#309=FACE_OUTER_BOUND('',#533,.T.);
#310=FACE_OUTER_BOUND('',#534,.T.);
#311=FACE_OUTER_BOUND('',#535,.T.);
#312=FACE_OUTER_BOUND('',#536,.T.);
#313=FACE_OUTER_BOUND('',#537,.T.);
#314=FACE_OUTER_BOUND('',#538,.T.);
#315=FACE_OUTER_BOUND('',#539,.T.);
#316=FACE_OUTER_BOUND('',#540,.T.);
#317=FACE_OUTER_BOUND('',#541,.T.);
#318=FACE_OUTER_BOUND('',#542,.T.);
#319=FACE_OUTER_BOUND('',#543,.T.);
#320=FACE_OUTER_BOUND('',#544,.T.);
#321=FACE_OUTER_BOUND('',#562,.T.);
#322=FACE_OUTER_BOUND('',#563,.T.);
#323=FACE_OUTER_BOUND('',#564,.T.);
#324=FACE_OUTER_BOUND('',#565,.T.);
#325=FACE_OUTER_BOUND('',#566,.T.);
#326=FACE_OUTER_BOUND('',#567,.T.);
#327=FACE_OUTER_BOUND('',#568,.T.);
#328=FACE_OUTER_BOUND('',#569,.T.);
#329=FACE_OUTER_BOUND('',#570,.T.);
#330=FACE_OUTER_BOUND('',#571,.T.);
#331=FACE_OUTER_BOUND('',#572,.T.);
#332=FACE_OUTER_BOUND('',#573,.T.);
#333=FACE_OUTER_BOUND('',#574,.T.);
#334=FACE_OUTER_BOUND('',#575,.T.);
#335=FACE_OUTER_BOUND('',#576,.T.);
#336=FACE_OUTER_BOUND('',#577,.T.);
#337=FACE_OUTER_BOUND('',#578,.T.);
#338=FACE_OUTER_BOUND('',#579,.T.);
#339=FACE_OUTER_BOUND('',#580,.T.);
#340=FACE_OUTER_BOUND('',#581,.T.);
#341=FACE_OUTER_BOUND('',#582,.T.);
#342=FACE_OUTER_BOUND('',#583,.T.);
#343=FACE_OUTER_BOUND('',#584,.T.);
#344=FACE_OUTER_BOUND('',#585,.T.);
#345=FACE_OUTER_BOUND('',#586,.T.);
#346=FACE_OUTER_BOUND('',#587,.T.);
#347=FACE_OUTER_BOUND('',#588,.T.);
#348=FACE_OUTER_BOUND('',#589,.T.);
#349=FACE_OUTER_BOUND('',#590,.T.);
#350=FACE_OUTER_BOUND('',#591,.T.);
#351=FACE_OUTER_BOUND('',#592,.T.);
#352=FACE_OUTER_BOUND('',#593,.T.);
#353=FACE_OUTER_BOUND('',#594,.T.);
#354=FACE_OUTER_BOUND('',#596,.T.);
#355=FACE_OUTER_BOUND('',#597,.T.);
#356=FACE_OUTER_BOUND('',#603,.T.);
#357=FACE_OUTER_BOUND('',#604,.T.);
#358=FACE_OUTER_BOUND('',#605,.T.);
#359=FACE_OUTER_BOUND('',#606,.T.);
#360=FACE_OUTER_BOUND('',#607,.T.);
#361=FACE_OUTER_BOUND('',#608,.T.);
#362=FACE_OUTER_BOUND('',#609,.T.);
#363=FACE_OUTER_BOUND('',#610,.T.);
#364=FACE_OUTER_BOUND('',#611,.T.);
#365=FACE_OUTER_BOUND('',#612,.T.);
#366=FACE_OUTER_BOUND('',#613,.T.);
#367=FACE_OUTER_BOUND('',#614,.T.);
#368=FACE_OUTER_BOUND('',#615,.T.);
#369=FACE_OUTER_BOUND('',#616,.T.);
#370=FACE_OUTER_BOUND('',#617,.T.);
#371=FACE_OUTER_BOUND('',#618,.T.);
#372=FACE_OUTER_BOUND('',#619,.T.);
#373=FACE_OUTER_BOUND('',#620,.T.);
#374=FACE_OUTER_BOUND('',#621,.T.);
#375=FACE_OUTER_BOUND('',#622,.T.);
#376=FACE_OUTER_BOUND('',#623,.T.);
#377=FACE_OUTER_BOUND('',#624,.T.);
#378=FACE_OUTER_BOUND('',#625,.T.);
#379=FACE_OUTER_BOUND('',#626,.T.);
#380=FACE_OUTER_BOUND('',#627,.T.);
#381=FACE_OUTER_BOUND('',#628,.T.);
#382=FACE_OUTER_BOUND('',#629,.T.);
#383=FACE_OUTER_BOUND('',#630,.T.);
#384=FACE_OUTER_BOUND('',#631,.T.);
#385=FACE_OUTER_BOUND('',#632,.T.);
#386=FACE_OUTER_BOUND('',#633,.T.);
#387=FACE_OUTER_BOUND('',#634,.T.);
#388=FACE_OUTER_BOUND('',#635,.T.);
#389=FACE_OUTER_BOUND('',#636,.T.);
#390=FACE_OUTER_BOUND('',#637,.T.);
#391=FACE_OUTER_BOUND('',#638,.T.);
#392=FACE_OUTER_BOUND('',#639,.T.);
#393=FACE_OUTER_BOUND('',#640,.T.);
#394=FACE_OUTER_BOUND('',#641,.T.);
#395=FACE_OUTER_BOUND('',#643,.T.);
#396=FACE_OUTER_BOUND('',#644,.T.);
#397=FACE_OUTER_BOUND('',#645,.T.);
#398=FACE_OUTER_BOUND('',#646,.T.);
#399=FACE_OUTER_BOUND('',#647,.T.);
#400=FACE_OUTER_BOUND('',#648,.T.);
#401=FACE_OUTER_BOUND('',#649,.T.);
#402=FACE_OUTER_BOUND('',#650,.T.);
#403=FACE_OUTER_BOUND('',#651,.T.);
#404=FACE_OUTER_BOUND('',#652,.T.);
#405=FACE_OUTER_BOUND('',#653,.T.);
#406=FACE_OUTER_BOUND('',#654,.T.);
#407=FACE_OUTER_BOUND('',#655,.T.);
#408=FACE_OUTER_BOUND('',#656,.T.);
#409=FACE_OUTER_BOUND('',#658,.T.);
#410=FACE_OUTER_BOUND('',#659,.T.);
#411=FACE_OUTER_BOUND('',#660,.T.);
#412=FACE_OUTER_BOUND('',#661,.T.);
#413=FACE_OUTER_BOUND('',#662,.T.);
#414=FACE_OUTER_BOUND('',#663,.T.);
#415=FACE_OUTER_BOUND('',#664,.T.);
#416=FACE_OUTER_BOUND('',#665,.T.);
#417=FACE_OUTER_BOUND('',#666,.T.);
#418=FACE_OUTER_BOUND('',#667,.T.);
#419=FACE_OUTER_BOUND('',#668,.T.);
#420=FACE_OUTER_BOUND('',#669,.T.);
#421=FACE_OUTER_BOUND('',#670,.T.);
#422=FACE_OUTER_BOUND('',#671,.T.);
#423=FACE_OUTER_BOUND('',#672,.T.);
#424=FACE_OUTER_BOUND('',#673,.T.);
#425=FACE_OUTER_BOUND('',#674,.T.);
#426=EDGE_LOOP('',(#2644,#2645,#2646,#2647));
#427=EDGE_LOOP('',(#2648,#2649,#2650,#2651));
#428=EDGE_LOOP('',(#2652,#2653,#2654,#2655));
#429=EDGE_LOOP('',(#2656,#2657,#2658,#2659));
#430=EDGE_LOOP('',(#2660,#2661,#2662,#2663,#2664,#2665,#2666,#2667,#2668,
#2669));
#431=EDGE_LOOP('',(#2670,#2671,#2672,#2673,#2674,#2675,#2676,#2677));
#432=EDGE_LOOP('',(#2678,#2679,#2680,#2681,#2682,#2683,#2684,#2685));
#433=EDGE_LOOP('',(#2686,#2687,#2688,#2689,#2690,#2691,#2692,#2693));
#434=EDGE_LOOP('',(#2694,#2695,#2696,#2697,#2698,#2699,#2700,#2701));
#435=EDGE_LOOP('',(#2702,#2703,#2704,#2705,#2706,#2707,#2708,#2709));
#436=EDGE_LOOP('',(#2710,#2711,#2712,#2713,#2714,#2715,#2716,#2717));
#437=EDGE_LOOP('',(#2718,#2719,#2720,#2721,#2722,#2723,#2724,#2725));
#438=EDGE_LOOP('',(#2726,#2727,#2728,#2729,#2730,#2731,#2732,#2733));
#439=EDGE_LOOP('',(#2734,#2735,#2736,#2737,#2738,#2739,#2740,#2741));
#440=EDGE_LOOP('',(#2742,#2743,#2744,#2745,#2746,#2747,#2748,#2749));
#441=EDGE_LOOP('',(#2750,#2751,#2752,#2753,#2754,#2755,#2756,#2757));
#442=EDGE_LOOP('',(#2758,#2759,#2760,#2761,#2762,#2763,#2764,#2765));
#443=EDGE_LOOP('',(#2766));
#444=EDGE_LOOP('',(#2767));
#445=EDGE_LOOP('',(#2768));
#446=EDGE_LOOP('',(#2769));
#447=EDGE_LOOP('',(#2770,#2771,#2772,#2773));
#448=EDGE_LOOP('',(#2774,#2775,#2776,#2777));
#449=EDGE_LOOP('',(#2778,#2779,#2780,#2781));
#450=EDGE_LOOP('',(#2782,#2783,#2784,#2785));
#451=EDGE_LOOP('',(#2786,#2787,#2788,#2789));
#452=EDGE_LOOP('',(#2790,#2791,#2792,#2793));
#453=EDGE_LOOP('',(#2794,#2795,#2796,#2797));
#454=EDGE_LOOP('',(#2798,#2799,#2800,#2801));
#455=EDGE_LOOP('',(#2802,#2803,#2804,#2805));
#456=EDGE_LOOP('',(#2806,#2807,#2808,#2809));
#457=EDGE_LOOP('',(#2810,#2811,#2812,#2813));
#458=EDGE_LOOP('',(#2814,#2815,#2816,#2817));
#459=EDGE_LOOP('',(#2818,#2819,#2820,#2821));
#460=EDGE_LOOP('',(#2822,#2823,#2824,#2825));
#461=EDGE_LOOP('',(#2826,#2827,#2828,#2829));
#462=EDGE_LOOP('',(#2830,#2831,#2832,#2833));
#463=EDGE_LOOP('',(#2834,#2835,#2836,#2837));
#464=EDGE_LOOP('',(#2838,#2839,#2840,#2841));
#465=EDGE_LOOP('',(#2842,#2843,#2844,#2845));
#466=EDGE_LOOP('',(#2846,#2847,#2848,#2849));
#467=EDGE_LOOP('',(#2850,#2851,#2852,#2853));
#468=EDGE_LOOP('',(#2854,#2855,#2856,#2857));
#469=EDGE_LOOP('',(#2858,#2859,#2860,#2861));
#470=EDGE_LOOP('',(#2862,#2863,#2864,#2865));
#471=EDGE_LOOP('',(#2866,#2867,#2868,#2869));
#472=EDGE_LOOP('',(#2870,#2871,#2872,#2873));
#473=EDGE_LOOP('',(#2874,#2875,#2876,#2877));
#474=EDGE_LOOP('',(#2878,#2879,#2880,#2881));
#475=EDGE_LOOP('',(#2882,#2883,#2884,#2885));
#476=EDGE_LOOP('',(#2886,#2887,#2888,#2889));
#477=EDGE_LOOP('',(#2890,#2891,#2892,#2893));
#478=EDGE_LOOP('',(#2894,#2895,#2896,#2897));
#479=EDGE_LOOP('',(#2898,#2899,#2900,#2901));
#480=EDGE_LOOP('',(#2902,#2903,#2904,#2905));
#481=EDGE_LOOP('',(#2906,#2907,#2908,#2909));
#482=EDGE_LOOP('',(#2910,#2911,#2912,#2913));
#483=EDGE_LOOP('',(#2914,#2915,#2916,#2917));
#484=EDGE_LOOP('',(#2918,#2919,#2920,#2921));
#485=EDGE_LOOP('',(#2922,#2923,#2924,#2925));
#486=EDGE_LOOP('',(#2926,#2927,#2928,#2929));
#487=EDGE_LOOP('',(#2930,#2931,#2932,#2933));
#488=EDGE_LOOP('',(#2934,#2935,#2936,#2937));
#489=EDGE_LOOP('',(#2938,#2939,#2940,#2941));
#490=EDGE_LOOP('',(#2942,#2943,#2944,#2945));
#491=EDGE_LOOP('',(#2946,#2947,#2948,#2949));
#492=EDGE_LOOP('',(#2950,#2951,#2952,#2953));
#493=EDGE_LOOP('',(#2954,#2955,#2956,#2957));
#494=EDGE_LOOP('',(#2958,#2959,#2960,#2961));
#495=EDGE_LOOP('',(#2962,#2963,#2964,#2965));
#496=EDGE_LOOP('',(#2966,#2967,#2968,#2969));
#497=EDGE_LOOP('',(#2970,#2971,#2972,#2973));
#498=EDGE_LOOP('',(#2974,#2975,#2976,#2977));
#499=EDGE_LOOP('',(#2978,#2979,#2980,#2981));
#500=EDGE_LOOP('',(#2982,#2983,#2984,#2985));
#501=EDGE_LOOP('',(#2986,#2987,#2988,#2989));
#502=EDGE_LOOP('',(#2990,#2991,#2992,#2993));
#503=EDGE_LOOP('',(#2994,#2995,#2996,#2997));
#504=EDGE_LOOP('',(#2998,#2999,#3000,#3001));
#505=EDGE_LOOP('',(#3002,#3003,#3004,#3005));
#506=EDGE_LOOP('',(#3006,#3007,#3008,#3009));
#507=EDGE_LOOP('',(#3010,#3011,#3012,#3013));
#508=EDGE_LOOP('',(#3014,#3015,#3016,#3017));
#509=EDGE_LOOP('',(#3018,#3019,#3020,#3021));
#510=EDGE_LOOP('',(#3022,#3023,#3024,#3025));
#511=EDGE_LOOP('',(#3026,#3027,#3028,#3029));
#512=EDGE_LOOP('',(#3030,#3031,#3032,#3033));
#513=EDGE_LOOP('',(#3034,#3035,#3036,#3037));
#514=EDGE_LOOP('',(#3038,#3039,#3040,#3041));
#515=EDGE_LOOP('',(#3042,#3043,#3044,#3045));
#516=EDGE_LOOP('',(#3046,#3047,#3048,#3049));
#517=EDGE_LOOP('',(#3050,#3051,#3052,#3053));
#518=EDGE_LOOP('',(#3054,#3055,#3056,#3057));
#519=EDGE_LOOP('',(#3058,#3059,#3060,#3061));
#520=EDGE_LOOP('',(#3062,#3063,#3064,#3065));
#521=EDGE_LOOP('',(#3066,#3067,#3068,#3069));
#522=EDGE_LOOP('',(#3070,#3071,#3072,#3073));
#523=EDGE_LOOP('',(#3074,#3075,#3076,#3077));
#524=EDGE_LOOP('',(#3078,#3079,#3080,#3081));
#525=EDGE_LOOP('',(#3082,#3083,#3084,#3085));
#526=EDGE_LOOP('',(#3086,#3087,#3088,#3089));
#527=EDGE_LOOP('',(#3090,#3091,#3092,#3093));
#528=EDGE_LOOP('',(#3094,#3095,#3096,#3097));
#529=EDGE_LOOP('',(#3098,#3099,#3100,#3101));
#530=EDGE_LOOP('',(#3102,#3103,#3104,#3105));
#531=EDGE_LOOP('',(#3106,#3107,#3108,#3109));
#532=EDGE_LOOP('',(#3110,#3111,#3112,#3113));
#533=EDGE_LOOP('',(#3114,#3115,#3116,#3117));
#534=EDGE_LOOP('',(#3118,#3119,#3120,#3121));
#535=EDGE_LOOP('',(#3122,#3123,#3124,#3125));
#536=EDGE_LOOP('',(#3126,#3127,#3128,#3129));
#537=EDGE_LOOP('',(#3130,#3131,#3132,#3133));
#538=EDGE_LOOP('',(#3134,#3135,#3136,#3137));
#539=EDGE_LOOP('',(#3138,#3139,#3140,#3141));
#540=EDGE_LOOP('',(#3142,#3143,#3144,#3145));
#541=EDGE_LOOP('',(#3146,#3147,#3148,#3149));
#542=EDGE_LOOP('',(#3150,#3151,#3152,#3153));
#543=EDGE_LOOP('',(#3154,#3155,#3156,#3157));
#544=EDGE_LOOP('',(#3158,#3159,#3160,#3161,#3162,#3163,#3164,#3165,#3166,
#3167,#3168,#3169,#3170,#3171,#3172,#3173));
#545=EDGE_LOOP('',(#3174,#3175,#3176,#3177,#3178,#3179,#3180,#3181));
#546=EDGE_LOOP('',(#3182,#3183,#3184,#3185,#3186,#3187,#3188,#3189));
#547=EDGE_LOOP('',(#3190,#3191,#3192,#3193,#3194,#3195,#3196,#3197));
#548=EDGE_LOOP('',(#3198,#3199,#3200,#3201,#3202,#3203,#3204,#3205));
#549=EDGE_LOOP('',(#3206,#3207,#3208,#3209,#3210,#3211,#3212,#3213));
#550=EDGE_LOOP('',(#3214,#3215,#3216,#3217,#3218,#3219,#3220,#3221));
#551=EDGE_LOOP('',(#3222,#3223,#3224,#3225,#3226,#3227,#3228,#3229));
#552=EDGE_LOOP('',(#3230,#3231,#3232,#3233,#3234,#3235,#3236,#3237));
#553=EDGE_LOOP('',(#3238,#3239,#3240,#3241,#3242,#3243,#3244,#3245,#3246,
#3247));
#554=EDGE_LOOP('',(#3248,#3249,#3250,#3251,#3252,#3253,#3254,#3255));
#555=EDGE_LOOP('',(#3256,#3257,#3258,#3259,#3260,#3261,#3262,#3263));
#556=EDGE_LOOP('',(#3264,#3265,#3266,#3267,#3268,#3269,#3270,#3271));
#557=EDGE_LOOP('',(#3272,#3273,#3274,#3275,#3276,#3277,#3278,#3279));
#558=EDGE_LOOP('',(#3280));
#559=EDGE_LOOP('',(#3281));
#560=EDGE_LOOP('',(#3282));
#561=EDGE_LOOP('',(#3283));
#562=EDGE_LOOP('',(#3284,#3285,#3286,#3287));
#563=EDGE_LOOP('',(#3288,#3289,#3290,#3291,#3292,#3293));
#564=EDGE_LOOP('',(#3294,#3295,#3296,#3297));
#565=EDGE_LOOP('',(#3298,#3299,#3300,#3301));
#566=EDGE_LOOP('',(#3302,#3303,#3304,#3305));
#567=EDGE_LOOP('',(#3306,#3307,#3308,#3309));
#568=EDGE_LOOP('',(#3310,#3311,#3312,#3313));
#569=EDGE_LOOP('',(#3314,#3315,#3316,#3317));
#570=EDGE_LOOP('',(#3318,#3319,#3320,#3321));
#571=EDGE_LOOP('',(#3322,#3323,#3324,#3325,#3326,#3327));
#572=EDGE_LOOP('',(#3328,#3329,#3330,#3331));
#573=EDGE_LOOP('',(#3332,#3333,#3334,#3335));
#574=EDGE_LOOP('',(#3336,#3337,#3338,#3339));
#575=EDGE_LOOP('',(#3340,#3341,#3342,#3343));
#576=EDGE_LOOP('',(#3344,#3345,#3346,#3347));
#577=EDGE_LOOP('',(#3348,#3349,#3350,#3351));
#578=EDGE_LOOP('',(#3352,#3353,#3354,#3355));
#579=EDGE_LOOP('',(#3356,#3357,#3358,#3359));
#580=EDGE_LOOP('',(#3360,#3361,#3362,#3363));
#581=EDGE_LOOP('',(#3364,#3365,#3366,#3367));
#582=EDGE_LOOP('',(#3368,#3369,#3370,#3371));
#583=EDGE_LOOP('',(#3372,#3373,#3374,#3375));
#584=EDGE_LOOP('',(#3376,#3377,#3378,#3379));
#585=EDGE_LOOP('',(#3380,#3381,#3382,#3383));
#586=EDGE_LOOP('',(#3384,#3385,#3386,#3387));
#587=EDGE_LOOP('',(#3388,#3389,#3390,#3391));
#588=EDGE_LOOP('',(#3392,#3393,#3394,#3395));
#589=EDGE_LOOP('',(#3396,#3397,#3398,#3399));
#590=EDGE_LOOP('',(#3400,#3401,#3402,#3403));
#591=EDGE_LOOP('',(#3404,#3405,#3406,#3407));
#592=EDGE_LOOP('',(#3408,#3409,#3410,#3411));
#593=EDGE_LOOP('',(#3412,#3413,#3414,#3415));
#594=EDGE_LOOP('',(#3416,#3417,#3418,#3419,#3420,#3421,#3422,#3423,#3424,
#3425,#3426,#3427,#3428,#3429,#3430,#3431));
#595=EDGE_LOOP('',(#3432,#3433,#3434,#3435,#3436,#3437,#3438,#3439,#3440,
#3441,#3442,#3443,#3444,#3445,#3446,#3447));
#596=EDGE_LOOP('',(#3448,#3449,#3450,#3451));
#597=EDGE_LOOP('',(#3452,#3453,#3454,#3455,#3456,#3457,#3458,#3459,#3460,
#3461));
#598=EDGE_LOOP('',(#3462));
#599=EDGE_LOOP('',(#3463,#3464,#3465,#3466,#3467,#3468,#3469,#3470));
#600=EDGE_LOOP('',(#3471,#3472,#3473,#3474,#3475,#3476,#3477,#3478));
#601=EDGE_LOOP('',(#3479,#3480,#3481,#3482));
#602=EDGE_LOOP('',(#3483));
#603=EDGE_LOOP('',(#3484,#3485,#3486,#3487));
#604=EDGE_LOOP('',(#3488));
#605=EDGE_LOOP('',(#3489));
#606=EDGE_LOOP('',(#3490,#3491,#3492,#3493));
#607=EDGE_LOOP('',(#3494,#3495,#3496,#3497));
#608=EDGE_LOOP('',(#3498,#3499,#3500,#3501));
#609=EDGE_LOOP('',(#3502,#3503,#3504,#3505));
#610=EDGE_LOOP('',(#3506,#3507,#3508,#3509));
#611=EDGE_LOOP('',(#3510,#3511,#3512,#3513));
#612=EDGE_LOOP('',(#3514,#3515,#3516,#3517));
#613=EDGE_LOOP('',(#3518,#3519,#3520,#3521,#3522));
#614=EDGE_LOOP('',(#3523,#3524,#3525,#3526));
#615=EDGE_LOOP('',(#3527,#3528,#3529,#3530,#3531));
#616=EDGE_LOOP('',(#3532,#3533,#3534,#3535));
#617=EDGE_LOOP('',(#3536,#3537,#3538,#3539));
#618=EDGE_LOOP('',(#3540,#3541,#3542,#3543));
#619=EDGE_LOOP('',(#3544,#3545,#3546,#3547));
#620=EDGE_LOOP('',(#3548,#3549,#3550,#3551));
#621=EDGE_LOOP('',(#3552,#3553,#3554,#3555,#3556,#3557));
#622=EDGE_LOOP('',(#3558,#3559,#3560,#3561));
#623=EDGE_LOOP('',(#3562,#3563,#3564,#3565,#3566,#3567,#3568,#3569,#3570,
#3571,#3572,#3573,#3574,#3575,#3576,#3577,#3578,#3579,#3580,#3581,#3582,
#3583));
#624=EDGE_LOOP('',(#3584,#3585,#3586,#3587));
#625=EDGE_LOOP('',(#3588,#3589,#3590,#3591));
#626=EDGE_LOOP('',(#3592,#3593,#3594,#3595));
#627=EDGE_LOOP('',(#3596,#3597,#3598,#3599,#3600,#3601,#3602,#3603));
#628=EDGE_LOOP('',(#3604,#3605,#3606,#3607));
#629=EDGE_LOOP('',(#3608,#3609,#3610,#3611));
#630=EDGE_LOOP('',(#3612,#3613,#3614,#3615));
#631=EDGE_LOOP('',(#3616,#3617,#3618,#3619,#3620));
#632=EDGE_LOOP('',(#3621,#3622,#3623,#3624,#3625));
#633=EDGE_LOOP('',(#3626,#3627,#3628,#3629));
#634=EDGE_LOOP('',(#3630,#3631,#3632,#3633));
#635=EDGE_LOOP('',(#3634,#3635,#3636,#3637));
#636=EDGE_LOOP('',(#3638,#3639,#3640,#3641));
#637=EDGE_LOOP('',(#3642,#3643,#3644,#3645));
#638=EDGE_LOOP('',(#3646,#3647,#3648,#3649));
#639=EDGE_LOOP('',(#3650,#3651,#3652,#3653));
#640=EDGE_LOOP('',(#3654,#3655,#3656,#3657));
#641=EDGE_LOOP('',(#3658,#3659,#3660,#3661));
#642=EDGE_LOOP('',(#3662,#3663,#3664,#3665));
#643=EDGE_LOOP('',(#3666,#3667,#3668,#3669));
#644=EDGE_LOOP('',(#3670,#3671,#3672,#3673));
#645=EDGE_LOOP('',(#3674,#3675,#3676,#3677));
#646=EDGE_LOOP('',(#3678,#3679,#3680,#3681));
#647=EDGE_LOOP('',(#3682,#3683,#3684,#3685));
#648=EDGE_LOOP('',(#3686,#3687,#3688,#3689));
#649=EDGE_LOOP('',(#3690,#3691,#3692,#3693));
#650=EDGE_LOOP('',(#3694,#3695,#3696,#3697));
#651=EDGE_LOOP('',(#3698,#3699,#3700,#3701));
#652=EDGE_LOOP('',(#3702,#3703,#3704,#3705));
#653=EDGE_LOOP('',(#3706,#3707,#3708,#3709));
#654=EDGE_LOOP('',(#3710,#3711,#3712,#3713));
#655=EDGE_LOOP('',(#3714,#3715,#3716,#3717));
#656=EDGE_LOOP('',(#3718,#3719,#3720,#3721,#3722,#3723,#3724,#3725,#3726,
#3727,#3728,#3729,#3730,#3731,#3732,#3733,#3734,#3735,#3736,#3737));
#657=EDGE_LOOP('',(#3738,#3739,#3740,#3741,#3742,#3743,#3744,#3745));
#658=EDGE_LOOP('',(#3746,#3747,#3748,#3749,#3750,#3751));
#659=EDGE_LOOP('',(#3752,#3753,#3754,#3755));
#660=EDGE_LOOP('',(#3756,#3757,#3758,#3759));
#661=EDGE_LOOP('',(#3760,#3761,#3762,#3763));
#662=EDGE_LOOP('',(#3764,#3765,#3766,#3767));
#663=EDGE_LOOP('',(#3768,#3769,#3770,#3771));
#664=EDGE_LOOP('',(#3772,#3773,#3774,#3775,#3776,#3777));
#665=EDGE_LOOP('',(#3778,#3779,#3780,#3781));
#666=EDGE_LOOP('',(#3782,#3783,#3784,#3785));
#667=EDGE_LOOP('',(#3786,#3787,#3788,#3789));
#668=EDGE_LOOP('',(#3790,#3791,#3792,#3793));
#669=EDGE_LOOP('',(#3794,#3795,#3796,#3797));
#670=EDGE_LOOP('',(#3798,#3799,#3800,#3801));
#671=EDGE_LOOP('',(#3802,#3803,#3804,#3805));
#672=EDGE_LOOP('',(#3806,#3807,#3808,#3809));
#673=EDGE_LOOP('',(#3810,#3811,#3812,#3813));
#674=EDGE_LOOP('',(#3814,#3815,#3816,#3817));
#675=LINE('',#5613,#1100);
#676=LINE('',#5619,#1101);
#677=LINE('',#5625,#1102);
#678=LINE('',#5631,#1103);
#679=LINE('',#5636,#1104);
#680=LINE('',#5638,#1105);
#681=LINE('',#5640,#1106);
#682=LINE('',#5642,#1107);
#683=LINE('',#5646,#1108);
#684=LINE('',#5648,#1109);
#685=LINE('',#5650,#1110);
#686=LINE('',#5653,#1111);
#687=LINE('',#5658,#1112);
#688=LINE('',#5662,#1113);
#689=LINE('',#5666,#1114);
#690=LINE('',#5669,#1115);
#691=LINE('',#5674,#1116);
#692=LINE('',#5678,#1117);
#693=LINE('',#5682,#1118);
#694=LINE('',#5685,#1119);
#695=LINE('',#5690,#1120);
#696=LINE('',#5694,#1121);
#697=LINE('',#5698,#1122);
#698=LINE('',#5701,#1123);
#699=LINE('',#5706,#1124);
#700=LINE('',#5710,#1125);
#701=LINE('',#5714,#1126);
#702=LINE('',#5717,#1127);
#703=LINE('',#5722,#1128);
#704=LINE('',#5726,#1129);
#705=LINE('',#5730,#1130);
#706=LINE('',#5733,#1131);
#707=LINE('',#5738,#1132);
#708=LINE('',#5742,#1133);
#709=LINE('',#5746,#1134);
#710=LINE('',#5749,#1135);
#711=LINE('',#5754,#1136);
#712=LINE('',#5758,#1137);
#713=LINE('',#5762,#1138);
#714=LINE('',#5765,#1139);
#715=LINE('',#5770,#1140);
#716=LINE('',#5774,#1141);
#717=LINE('',#5778,#1142);
#718=LINE('',#5781,#1143);
#719=LINE('',#5786,#1144);
#720=LINE('',#5790,#1145);
#721=LINE('',#5794,#1146);
#722=LINE('',#5797,#1147);
#723=LINE('',#5802,#1148);
#724=LINE('',#5806,#1149);
#725=LINE('',#5810,#1150);
#726=LINE('',#5813,#1151);
#727=LINE('',#5818,#1152);
#728=LINE('',#5822,#1153);
#729=LINE('',#5826,#1154);
#730=LINE('',#5829,#1155);
#731=LINE('',#5834,#1156);
#732=LINE('',#5838,#1157);
#733=LINE('',#5842,#1158);
#734=LINE('',#5845,#1159);
#735=LINE('',#5848,#1160);
#736=LINE('',#5850,#1161);
#737=LINE('',#5851,#1162);
#738=LINE('',#5855,#1163);
#739=LINE('',#5858,#1164);
#740=LINE('',#5859,#1165);
#741=LINE('',#5863,#1166);
#742=LINE('',#5866,#1167);
#743=LINE('',#5867,#1168);
#744=LINE('',#5871,#1169);
#745=LINE('',#5874,#1170);
#746=LINE('',#5875,#1171);
#747=LINE('',#5880,#1172);
#748=LINE('',#5882,#1173);
#749=LINE('',#5883,#1174);
#750=LINE('',#5887,#1175);
#751=LINE('',#5890,#1176);
#752=LINE('',#5891,#1177);
#753=LINE('',#5895,#1178);
#754=LINE('',#5898,#1179);
#755=LINE('',#5899,#1180);
#756=LINE('',#5903,#1181);
#757=LINE('',#5906,#1182);
#758=LINE('',#5907,#1183);
#759=LINE('',#5912,#1184);
#760=LINE('',#5914,#1185);
#761=LINE('',#5915,#1186);
#762=LINE('',#5919,#1187);
#763=LINE('',#5922,#1188);
#764=LINE('',#5923,#1189);
#765=LINE('',#5927,#1190);
#766=LINE('',#5930,#1191);
#767=LINE('',#5931,#1192);
#768=LINE('',#5935,#1193);
#769=LINE('',#5938,#1194);
#770=LINE('',#5939,#1195);
#771=LINE('',#5944,#1196);
#772=LINE('',#5946,#1197);
#773=LINE('',#5947,#1198);
#774=LINE('',#5951,#1199);
#775=LINE('',#5954,#1200);
#776=LINE('',#5955,#1201);
#777=LINE('',#5959,#1202);
#778=LINE('',#5962,#1203);
#779=LINE('',#5963,#1204);
#780=LINE('',#5967,#1205);
#781=LINE('',#5970,#1206);
#782=LINE('',#5971,#1207);
#783=LINE('',#5976,#1208);
#784=LINE('',#5978,#1209);
#785=LINE('',#5979,#1210);
#786=LINE('',#5983,#1211);
#787=LINE('',#5986,#1212);
#788=LINE('',#5987,#1213);
#789=LINE('',#5991,#1214);
#790=LINE('',#5994,#1215);
#791=LINE('',#5995,#1216);
#792=LINE('',#5999,#1217);
#793=LINE('',#6002,#1218);
#794=LINE('',#6003,#1219);
#795=LINE('',#6008,#1220);
#796=LINE('',#6010,#1221);
#797=LINE('',#6011,#1222);
#798=LINE('',#6015,#1223);
#799=LINE('',#6018,#1224);
#800=LINE('',#6019,#1225);
#801=LINE('',#6023,#1226);
#802=LINE('',#6026,#1227);
#803=LINE('',#6027,#1228);
#804=LINE('',#6031,#1229);
#805=LINE('',#6034,#1230);
#806=LINE('',#6035,#1231);
#807=LINE('',#6040,#1232);
#808=LINE('',#6042,#1233);
#809=LINE('',#6043,#1234);
#810=LINE('',#6047,#1235);
#811=LINE('',#6050,#1236);
#812=LINE('',#6051,#1237);
#813=LINE('',#6055,#1238);
#814=LINE('',#6058,#1239);
#815=LINE('',#6059,#1240);
#816=LINE('',#6063,#1241);
#817=LINE('',#6066,#1242);
#818=LINE('',#6067,#1243);
#819=LINE('',#6072,#1244);
#820=LINE('',#6074,#1245);
#821=LINE('',#6075,#1246);
#822=LINE('',#6079,#1247);
#823=LINE('',#6082,#1248);
#824=LINE('',#6083,#1249);
#825=LINE('',#6087,#1250);
#826=LINE('',#6090,#1251);
#827=LINE('',#6091,#1252);
#828=LINE('',#6095,#1253);
#829=LINE('',#6098,#1254);
#830=LINE('',#6099,#1255);
#831=LINE('',#6104,#1256);
#832=LINE('',#6106,#1257);
#833=LINE('',#6107,#1258);
#834=LINE('',#6110,#1259);
#835=LINE('',#6112,#1260);
#836=LINE('',#6113,#1261);
#837=LINE('',#6117,#1262);
#838=LINE('',#6120,#1263);
#839=LINE('',#6121,#1264);
#840=LINE('',#6125,#1265);
#841=LINE('',#6128,#1266);
#842=LINE('',#6129,#1267);
#843=LINE('',#6133,#1268);
#844=LINE('',#6136,#1269);
#845=LINE('',#6137,#1270);
#846=LINE('',#6142,#1271);
#847=LINE('',#6144,#1272);
#848=LINE('',#6145,#1273);
#849=LINE('',#6149,#1274);
#850=LINE('',#6152,#1275);
#851=LINE('',#6153,#1276);
#852=LINE('',#6157,#1277);
#853=LINE('',#6160,#1278);
#854=LINE('',#6161,#1279);
#855=LINE('',#6165,#1280);
#856=LINE('',#6168,#1281);
#857=LINE('',#6169,#1282);
#858=LINE('',#6174,#1283);
#859=LINE('',#6176,#1284);
#860=LINE('',#6177,#1285);
#861=LINE('',#6181,#1286);
#862=LINE('',#6184,#1287);
#863=LINE('',#6185,#1288);
#864=LINE('',#6189,#1289);
#865=LINE('',#6192,#1290);
#866=LINE('',#6193,#1291);
#867=LINE('',#6197,#1292);
#868=LINE('',#6200,#1293);
#869=LINE('',#6201,#1294);
#870=LINE('',#6206,#1295);
#871=LINE('',#6208,#1296);
#872=LINE('',#6209,#1297);
#873=LINE('',#6213,#1298);
#874=LINE('',#6216,#1299);
#875=LINE('',#6217,#1300);
#876=LINE('',#6221,#1301);
#877=LINE('',#6224,#1302);
#878=LINE('',#6225,#1303);
#879=LINE('',#6229,#1304);
#880=LINE('',#6232,#1305);
#881=LINE('',#6233,#1306);
#882=LINE('',#6241,#1307);
#883=LINE('',#6243,#1308);
#884=LINE('',#6245,#1309);
#885=LINE('',#6249,#1310);
#886=LINE('',#6251,#1311);
#887=LINE('',#6253,#1312);
#888=LINE('',#6257,#1313);
#889=LINE('',#6259,#1314);
#890=LINE('',#6261,#1315);
#891=LINE('',#6265,#1316);
#892=LINE('',#6267,#1317);
#893=LINE('',#6268,#1318);
#894=LINE('',#6270,#1319);
#895=LINE('',#6272,#1320);
#896=LINE('',#6276,#1321);
#897=LINE('',#6278,#1322);
#898=LINE('',#6280,#1323);
#899=LINE('',#6284,#1324);
#900=LINE('',#6285,#1325);
#901=LINE('',#6289,#1326);
#902=LINE('',#6290,#1327);
#903=LINE('',#6291,#1328);
#904=LINE('',#6294,#1329);
#905=LINE('',#6295,#1330);
#906=LINE('',#6298,#1331);
#907=LINE('',#6299,#1332);
#908=LINE('',#6303,#1333);
#909=LINE('',#6306,#1334);
#910=LINE('',#6307,#1335);
#911=LINE('',#6310,#1336);
#912=LINE('',#6311,#1337);
#913=LINE('',#6314,#1338);
#914=LINE('',#6315,#1339);
#915=LINE('',#6319,#1340);
#916=LINE('',#6322,#1341);
#917=LINE('',#6323,#1342);
#918=LINE('',#6326,#1343);
#919=LINE('',#6327,#1344);
#920=LINE('',#6330,#1345);
#921=LINE('',#6331,#1346);
#922=LINE('',#6335,#1347);
#923=LINE('',#6338,#1348);
#924=LINE('',#6339,#1349);
#925=LINE('',#6342,#1350);
#926=LINE('',#6343,#1351);
#927=LINE('',#6346,#1352);
#928=LINE('',#6347,#1353);
#929=LINE('',#6354,#1354);
#930=LINE('',#6355,#1355);
#931=LINE('',#6358,#1356);
#932=LINE('',#6359,#1357);
#933=LINE('',#6362,#1358);
#934=LINE('',#6363,#1359);
#935=LINE('',#6366,#1360);
#936=LINE('',#6367,#1361);
#937=LINE('',#6371,#1362);
#938=LINE('',#6374,#1363);
#939=LINE('',#6375,#1364);
#940=LINE('',#6378,#1365);
#941=LINE('',#6379,#1366);
#942=LINE('',#6382,#1367);
#943=LINE('',#6383,#1368);
#944=LINE('',#6387,#1369);
#945=LINE('',#6390,#1370);
#946=LINE('',#6391,#1371);
#947=LINE('',#6394,#1372);
#948=LINE('',#6395,#1373);
#949=LINE('',#6398,#1374);
#950=LINE('',#6399,#1375);
#951=LINE('',#6403,#1376);
#952=LINE('',#6406,#1377);
#953=LINE('',#6407,#1378);
#954=LINE('',#6410,#1379);
#955=LINE('',#6411,#1380);
#956=LINE('',#6413,#1381);
#957=LINE('',#6419,#1382);
#958=LINE('',#6424,#1383);
#959=LINE('',#6426,#1384);
#960=LINE('',#6428,#1385);
#961=LINE('',#6432,#1386);
#962=LINE('',#6434,#1387);
#963=LINE('',#6436,#1388);
#964=LINE('',#6440,#1389);
#965=LINE('',#6441,#1390);
#966=LINE('',#6448,#1391);
#967=LINE('',#6452,#1392);
#968=LINE('',#6456,#1393);
#969=LINE('',#6459,#1394);
#970=LINE('',#6462,#1395);
#971=LINE('',#6466,#1396);
#972=LINE('',#6470,#1397);
#973=LINE('',#6474,#1398);
#974=LINE('',#6478,#1399);
#975=LINE('',#6480,#1400);
#976=LINE('',#6482,#1401);
#977=LINE('',#6483,#1402);
#978=LINE('',#6486,#1403);
#979=LINE('',#6495,#1404);
#980=LINE('',#6504,#1405);
#981=LINE('',#6506,#1406);
#982=LINE('',#6507,#1407);
#983=LINE('',#6510,#1408);
#984=LINE('',#6512,#1409);
#985=LINE('',#6519,#1410);
#986=LINE('',#6521,#1411);
#987=LINE('',#6522,#1412);
#988=LINE('',#6526,#1413);
#989=LINE('',#6528,#1414);
#990=LINE('',#6530,#1415);
#991=LINE('',#6531,#1416);
#992=LINE('',#6537,#1417);
#993=LINE('',#6539,#1418);
#994=LINE('',#6540,#1419);
#995=LINE('',#6569,#1420);
#996=LINE('',#6587,#1421);
#997=LINE('',#6593,#1422);
#998=LINE('',#6621,#1423);
#999=LINE('',#6681,#1424);
#1000=LINE('',#6682,#1425);
#1001=LINE('',#6684,#1426);
#1002=LINE('',#6686,#1427);
#1003=LINE('',#6688,#1428);
#1004=LINE('',#6690,#1429);
#1005=LINE('',#6693,#1430);
#1006=LINE('',#6694,#1431);
#1007=LINE('',#6696,#1432);
#1008=LINE('',#6698,#1433);
#1009=LINE('',#6700,#1434);
#1010=LINE('',#6702,#1435);
#1011=LINE('',#6704,#1436);
#1012=LINE('',#6706,#1437);
#1013=LINE('',#6708,#1438);
#1014=LINE('',#6710,#1439);
#1015=LINE('',#6712,#1440);
#1016=LINE('',#6714,#1441);
#1017=LINE('',#6716,#1442);
#1018=LINE('',#6717,#1443);
#1019=LINE('',#6720,#1444);
#1020=LINE('',#6722,#1445);
#1021=LINE('',#6723,#1446);
#1022=LINE('',#6726,#1447);
#1023=LINE('',#6728,#1448);
#1024=LINE('',#6729,#1449);
#1025=LINE('',#6731,#1450);
#1026=LINE('',#6732,#1451);
#1027=LINE('',#6735,#1452);
#1028=LINE('',#6737,#1453);
#1029=LINE('',#6738,#1454);
#1030=LINE('',#6741,#1455);
#1031=LINE('',#6742,#1456);
#1032=LINE('',#6745,#1457);
#1033=LINE('',#6746,#1458);
#1034=LINE('',#6748,#1459);
#1035=LINE('',#6751,#1460);
#1036=LINE('',#6753,#1461);
#1037=LINE('',#6754,#1462);
#1038=LINE('',#6757,#1463);
#1039=LINE('',#6759,#1464);
#1040=LINE('',#6760,#1465);
#1041=LINE('',#6763,#1466);
#1042=LINE('',#6765,#1467);
#1043=LINE('',#6766,#1468);
#1044=LINE('',#6769,#1469);
#1045=LINE('',#6770,#1470);
#1046=LINE('',#6773,#1471);
#1047=LINE('',#6774,#1472);
#1048=LINE('',#6776,#1473);
#1049=LINE('',#6779,#1474);
#1050=LINE('',#6781,#1475);
#1051=LINE('',#6782,#1476);
#1052=LINE('',#6785,#1477);
#1053=LINE('',#6786,#1478);
#1054=LINE('',#6789,#1479);
#1055=LINE('',#6790,#1480);
#1056=LINE('',#6792,#1481);
#1057=LINE('',#6794,#1482);
#1058=LINE('',#6795,#1483);
#1059=LINE('',#6800,#1484);
#1060=LINE('',#6802,#1485);
#1061=LINE('',#6804,#1486);
#1062=LINE('',#6805,#1487);
#1063=LINE('',#6809,#1488);
#1064=LINE('',#6815,#1489);
#1065=LINE('',#6816,#1490);
#1066=LINE('',#6817,#1491);
#1067=LINE('',#6821,#1492);
#1068=LINE('',#6827,#1493);
#1069=LINE('',#6828,#1494);
#1070=LINE('',#6829,#1495);
#1071=LINE('',#6833,#1496);
#1072=LINE('',#6839,#1497);
#1073=LINE('',#6840,#1498);
#1074=LINE('',#6841,#1499);
#1075=LINE('',#6846,#1500);
#1076=LINE('',#6847,#1501);
#1077=LINE('',#6849,#1502);
#1078=LINE('',#6851,#1503);
#1079=LINE('',#6853,#1504);
#1080=LINE('',#6856,#1505);
#1081=LINE('',#6858,#1506);
#1082=LINE('',#6862,#1507);
#1083=LINE('',#6864,#1508);
#1084=LINE('',#6866,#1509);
#1085=LINE('',#6870,#1510);
#1086=LINE('',#6871,#1511);
#1087=LINE('',#6873,#1512);
#1088=LINE('',#6875,#1513);
#1089=LINE('',#6877,#1514);
#1090=LINE('',#6879,#1515);
#1091=LINE('',#6881,#1516);
#1092=LINE('',#6884,#1517);
#1093=LINE('',#6888,#1518);
#1094=LINE('',#6890,#1519);
#1095=LINE('',#6892,#1520);
#1096=LINE('',#6894,#1521);
#1097=LINE('',#6896,#1522);
#1098=LINE('',#6898,#1523);
#1099=LINE('',#6900,#1524);
#1100=VECTOR('',#4477,1.587462);
#1101=VECTOR('',#4484,1.587462);
#1102=VECTOR('',#4491,1.587462);
#1103=VECTOR('',#4498,1.587462);
#1104=VECTOR('',#4503,10.);
#1105=VECTOR('',#4504,10.);
#1106=VECTOR('',#4505,10.);
#1107=VECTOR('',#4506,10.);
#1108=VECTOR('',#4509,10.);
#1109=VECTOR('',#4510,10.);
#1110=VECTOR('',#4511,10.);
#1111=VECTOR('',#4514,10.);
#1112=VECTOR('',#4517,10.);
#1113=VECTOR('',#4520,10.);
#1114=VECTOR('',#4523,10.);
#1115=VECTOR('',#4526,10.);
#1116=VECTOR('',#4529,10.);
#1117=VECTOR('',#4532,10.);
#1118=VECTOR('',#4535,10.);
#1119=VECTOR('',#4538,10.);
#1120=VECTOR('',#4541,10.);
#1121=VECTOR('',#4544,10.);
#1122=VECTOR('',#4547,10.);
#1123=VECTOR('',#4550,10.);
#1124=VECTOR('',#4553,10.);
#1125=VECTOR('',#4556,10.);
#1126=VECTOR('',#4559,10.);
#1127=VECTOR('',#4562,10.);
#1128=VECTOR('',#4565,10.);
#1129=VECTOR('',#4568,10.);
#1130=VECTOR('',#4571,10.);
#1131=VECTOR('',#4574,10.);
#1132=VECTOR('',#4577,10.);
#1133=VECTOR('',#4580,10.);
#1134=VECTOR('',#4583,10.);
#1135=VECTOR('',#4586,10.);
#1136=VECTOR('',#4589,10.);
#1137=VECTOR('',#4592,10.);
#1138=VECTOR('',#4595,10.);
#1139=VECTOR('',#4598,10.);
#1140=VECTOR('',#4601,10.);
#1141=VECTOR('',#4604,10.);
#1142=VECTOR('',#4607,10.);
#1143=VECTOR('',#4610,10.);
#1144=VECTOR('',#4613,10.);
#1145=VECTOR('',#4616,10.);
#1146=VECTOR('',#4619,10.);
#1147=VECTOR('',#4622,10.);
#1148=VECTOR('',#4625,10.);
#1149=VECTOR('',#4628,10.);
#1150=VECTOR('',#4631,10.);
#1151=VECTOR('',#4634,10.);
#1152=VECTOR('',#4637,10.);
#1153=VECTOR('',#4640,10.);
#1154=VECTOR('',#4643,10.);
#1155=VECTOR('',#4646,10.);
#1156=VECTOR('',#4649,10.);
#1157=VECTOR('',#4652,10.);
#1158=VECTOR('',#4655,10.);
#1159=VECTOR('',#4658,10.);
#1160=VECTOR('',#4661,10.);
#1161=VECTOR('',#4662,10.);
#1162=VECTOR('',#4663,10.);
#1163=VECTOR('',#4668,10.);
#1164=VECTOR('',#4671,10.);
#1165=VECTOR('',#4672,10.);
#1166=VECTOR('',#4677,10.);
#1167=VECTOR('',#4680,10.);
#1168=VECTOR('',#4681,10.);
#1169=VECTOR('',#4686,10.);
#1170=VECTOR('',#4689,10.);
#1171=VECTOR('',#4690,10.);
#1172=VECTOR('',#4697,10.);
#1173=VECTOR('',#4698,10.);
#1174=VECTOR('',#4699,10.);
#1175=VECTOR('',#4704,10.);
#1176=VECTOR('',#4707,10.);
#1177=VECTOR('',#4708,10.);
#1178=VECTOR('',#4713,10.);
#1179=VECTOR('',#4716,10.);
#1180=VECTOR('',#4717,10.);
#1181=VECTOR('',#4722,10.);
#1182=VECTOR('',#4725,10.);
#1183=VECTOR('',#4726,10.);
#1184=VECTOR('',#4733,10.);
#1185=VECTOR('',#4734,10.);
#1186=VECTOR('',#4735,10.);
#1187=VECTOR('',#4740,10.);
#1188=VECTOR('',#4743,10.);
#1189=VECTOR('',#4744,10.);
#1190=VECTOR('',#4749,10.);
#1191=VECTOR('',#4752,10.);
#1192=VECTOR('',#4753,10.);
#1193=VECTOR('',#4758,10.);
#1194=VECTOR('',#4761,10.);
#1195=VECTOR('',#4762,10.);
#1196=VECTOR('',#4769,10.);
#1197=VECTOR('',#4770,10.);
#1198=VECTOR('',#4771,10.);
#1199=VECTOR('',#4776,10.);
#1200=VECTOR('',#4779,10.);
#1201=VECTOR('',#4780,10.);
#1202=VECTOR('',#4785,10.);
#1203=VECTOR('',#4788,10.);
#1204=VECTOR('',#4789,10.);
#1205=VECTOR('',#4794,10.);
#1206=VECTOR('',#4797,10.);
#1207=VECTOR('',#4798,10.);
#1208=VECTOR('',#4805,10.);
#1209=VECTOR('',#4806,10.);
#1210=VECTOR('',#4807,10.);
#1211=VECTOR('',#4812,10.);
#1212=VECTOR('',#4815,10.);
#1213=VECTOR('',#4816,10.);
#1214=VECTOR('',#4821,10.);
#1215=VECTOR('',#4824,10.);
#1216=VECTOR('',#4825,10.);
#1217=VECTOR('',#4830,10.);
#1218=VECTOR('',#4833,10.);
#1219=VECTOR('',#4834,10.);
#1220=VECTOR('',#4841,10.);
#1221=VECTOR('',#4842,10.);
#1222=VECTOR('',#4843,10.);
#1223=VECTOR('',#4848,10.);
#1224=VECTOR('',#4851,10.);
#1225=VECTOR('',#4852,10.);
#1226=VECTOR('',#4857,10.);
#1227=VECTOR('',#4860,10.);
#1228=VECTOR('',#4861,10.);
#1229=VECTOR('',#4866,10.);
#1230=VECTOR('',#4869,10.);
#1231=VECTOR('',#4870,10.);
#1232=VECTOR('',#4877,10.);
#1233=VECTOR('',#4878,10.);
#1234=VECTOR('',#4879,10.);
#1235=VECTOR('',#4884,10.);
#1236=VECTOR('',#4887,10.);
#1237=VECTOR('',#4888,10.);
#1238=VECTOR('',#4893,10.);
#1239=VECTOR('',#4896,10.);
#1240=VECTOR('',#4897,10.);
#1241=VECTOR('',#4902,10.);
#1242=VECTOR('',#4905,10.);
#1243=VECTOR('',#4906,10.);
#1244=VECTOR('',#4913,10.);
#1245=VECTOR('',#4914,10.);
#1246=VECTOR('',#4915,10.);
#1247=VECTOR('',#4920,10.);
#1248=VECTOR('',#4923,10.);
#1249=VECTOR('',#4924,10.);
#1250=VECTOR('',#4929,10.);
#1251=VECTOR('',#4932,10.);
#1252=VECTOR('',#4933,10.);
#1253=VECTOR('',#4938,10.);
#1254=VECTOR('',#4941,10.);
#1255=VECTOR('',#4942,10.);
#1256=VECTOR('',#4949,10.);
#1257=VECTOR('',#4950,10.);
#1258=VECTOR('',#4951,10.);
#1259=VECTOR('',#4954,10.);
#1260=VECTOR('',#4955,10.);
#1261=VECTOR('',#4956,10.);
#1262=VECTOR('',#4961,10.);
#1263=VECTOR('',#4964,10.);
#1264=VECTOR('',#4965,10.);
#1265=VECTOR('',#4970,10.);
#1266=VECTOR('',#4973,10.);
#1267=VECTOR('',#4974,10.);
#1268=VECTOR('',#4979,10.);
#1269=VECTOR('',#4982,10.);
#1270=VECTOR('',#4983,10.);
#1271=VECTOR('',#4990,10.);
#1272=VECTOR('',#4991,10.);
#1273=VECTOR('',#4992,10.);
#1274=VECTOR('',#4997,10.);
#1275=VECTOR('',#5000,10.);
#1276=VECTOR('',#5001,10.);
#1277=VECTOR('',#5006,10.);
#1278=VECTOR('',#5009,10.);
#1279=VECTOR('',#5010,10.);
#1280=VECTOR('',#5015,10.);
#1281=VECTOR('',#5018,10.);
#1282=VECTOR('',#5019,10.);
#1283=VECTOR('',#5026,10.);
#1284=VECTOR('',#5027,10.);
#1285=VECTOR('',#5028,10.);
#1286=VECTOR('',#5033,10.);
#1287=VECTOR('',#5036,10.);
#1288=VECTOR('',#5037,10.);
#1289=VECTOR('',#5042,10.);
#1290=VECTOR('',#5045,10.);
#1291=VECTOR('',#5046,10.);
#1292=VECTOR('',#5051,10.);
#1293=VECTOR('',#5054,10.);
#1294=VECTOR('',#5055,10.);
#1295=VECTOR('',#5062,10.);
#1296=VECTOR('',#5063,10.);
#1297=VECTOR('',#5064,10.);
#1298=VECTOR('',#5069,10.);
#1299=VECTOR('',#5072,10.);
#1300=VECTOR('',#5073,10.);
#1301=VECTOR('',#5078,10.);
#1302=VECTOR('',#5081,10.);
#1303=VECTOR('',#5082,10.);
#1304=VECTOR('',#5087,10.);
#1305=VECTOR('',#5090,10.);
#1306=VECTOR('',#5091,10.);
#1307=VECTOR('',#5100,10.);
#1308=VECTOR('',#5101,10.);
#1309=VECTOR('',#5102,10.);
#1310=VECTOR('',#5105,10.);
#1311=VECTOR('',#5106,10.);
#1312=VECTOR('',#5107,10.);
#1313=VECTOR('',#5110,10.);
#1314=VECTOR('',#5111,10.);
#1315=VECTOR('',#5112,10.);
#1316=VECTOR('',#5115,10.);
#1317=VECTOR('',#5116,10.);
#1318=VECTOR('',#5117,10.);
#1319=VECTOR('',#5118,10.);
#1320=VECTOR('',#5119,10.);
#1321=VECTOR('',#5122,10.);
#1322=VECTOR('',#5123,10.);
#1323=VECTOR('',#5124,10.);
#1324=VECTOR('',#5127,10.);
#1325=VECTOR('',#5128,10.);
#1326=VECTOR('',#5131,10.);
#1327=VECTOR('',#5132,10.);
#1328=VECTOR('',#5133,10.);
#1329=VECTOR('',#5136,10.);
#1330=VECTOR('',#5137,10.);
#1331=VECTOR('',#5140,10.);
#1332=VECTOR('',#5141,10.);
#1333=VECTOR('',#5146,10.);
#1334=VECTOR('',#5149,10.);
#1335=VECTOR('',#5150,10.);
#1336=VECTOR('',#5153,10.);
#1337=VECTOR('',#5154,10.);
#1338=VECTOR('',#5157,10.);
#1339=VECTOR('',#5158,10.);
#1340=VECTOR('',#5163,10.);
#1341=VECTOR('',#5166,10.);
#1342=VECTOR('',#5167,10.);
#1343=VECTOR('',#5170,10.);
#1344=VECTOR('',#5171,10.);
#1345=VECTOR('',#5174,10.);
#1346=VECTOR('',#5175,10.);
#1347=VECTOR('',#5180,10.);
#1348=VECTOR('',#5183,10.);
#1349=VECTOR('',#5184,10.);
#1350=VECTOR('',#5187,10.);
#1351=VECTOR('',#5188,10.);
#1352=VECTOR('',#5191,10.);
#1353=VECTOR('',#5192,10.);
#1354=VECTOR('',#5201,10.);
#1355=VECTOR('',#5202,10.);
#1356=VECTOR('',#5205,10.);
#1357=VECTOR('',#5206,10.);
#1358=VECTOR('',#5209,10.);
#1359=VECTOR('',#5210,10.);
#1360=VECTOR('',#5213,10.);
#1361=VECTOR('',#5214,10.);
#1362=VECTOR('',#5219,10.);
#1363=VECTOR('',#5222,10.);
#1364=VECTOR('',#5223,10.);
#1365=VECTOR('',#5226,10.);
#1366=VECTOR('',#5227,10.);
#1367=VECTOR('',#5230,10.);
#1368=VECTOR('',#5231,10.);
#1369=VECTOR('',#5236,10.);
#1370=VECTOR('',#5239,10.);
#1371=VECTOR('',#5240,10.);
#1372=VECTOR('',#5243,10.);
#1373=VECTOR('',#5244,10.);
#1374=VECTOR('',#5247,10.);
#1375=VECTOR('',#5248,10.);
#1376=VECTOR('',#5253,10.);
#1377=VECTOR('',#5256,10.);
#1378=VECTOR('',#5257,10.);
#1379=VECTOR('',#5260,10.);
#1380=VECTOR('',#5261,10.);
#1381=VECTOR('',#5264,10.);
#1382=VECTOR('',#5271,2.4);
#1383=VECTOR('',#5276,10.);
#1384=VECTOR('',#5277,10.);
#1385=VECTOR('',#5278,10.);
#1386=VECTOR('',#5281,10.);
#1387=VECTOR('',#5282,10.);
#1388=VECTOR('',#5283,10.);
#1389=VECTOR('',#5286,10.);
#1390=VECTOR('',#5287,10.);
#1391=VECTOR('',#5292,10.);
#1392=VECTOR('',#5295,10.);
#1393=VECTOR('',#5298,10.);
#1394=VECTOR('',#5301,10.);
#1395=VECTOR('',#5302,10.);
#1396=VECTOR('',#5305,10.);
#1397=VECTOR('',#5308,10.);
#1398=VECTOR('',#5311,10.);
#1399=VECTOR('',#5314,10.);
#1400=VECTOR('',#5315,10.);
#1401=VECTOR('',#5316,10.);
#1402=VECTOR('',#5317,10.);
#1403=VECTOR('',#5320,2.4);
#1404=VECTOR('',#5331,10.);
#1405=VECTOR('',#5336,10.);
#1406=VECTOR('',#5337,10.);
#1407=VECTOR('',#5338,10.);
#1408=VECTOR('',#5341,10.);
#1409=VECTOR('',#5342,10.);
#1410=VECTOR('',#5345,10.);
#1411=VECTOR('',#5346,10.);
#1412=VECTOR('',#5347,10.);
#1413=VECTOR('',#5350,10.);
#1414=VECTOR('',#5351,10.);
#1415=VECTOR('',#5352,10.);
#1416=VECTOR('',#5353,10.);
#1417=VECTOR('',#5362,10.);
#1418=VECTOR('',#5363,10.);
#1419=VECTOR('',#5364,10.);
#1420=VECTOR('',#5365,10.);
#1421=VECTOR('',#5368,10.);
#1422=VECTOR('',#5369,10.);
#1423=VECTOR('',#5370,10.);
#1424=VECTOR('',#5373,10.);
#1425=VECTOR('',#5374,10.);
#1426=VECTOR('',#5377,10.);
#1427=VECTOR('',#5380,10.);
#1428=VECTOR('',#5383,10.);
#1429=VECTOR('',#5386,10.);
#1430=VECTOR('',#5389,10.);
#1431=VECTOR('',#5390,10.);
#1432=VECTOR('',#5391,10.);
#1433=VECTOR('',#5392,10.);
#1434=VECTOR('',#5393,10.);
#1435=VECTOR('',#5394,10.);
#1436=VECTOR('',#5395,10.);
#1437=VECTOR('',#5396,10.);
#1438=VECTOR('',#5397,10.);
#1439=VECTOR('',#5398,10.);
#1440=VECTOR('',#5399,10.);
#1441=VECTOR('',#5400,10.);
#1442=VECTOR('',#5401,10.);
#1443=VECTOR('',#5402,10.);
#1444=VECTOR('',#5405,10.);
#1445=VECTOR('',#5406,10.);
#1446=VECTOR('',#5407,10.);
#1447=VECTOR('',#5410,10.);
#1448=VECTOR('',#5411,10.);
#1449=VECTOR('',#5412,10.);
#1450=VECTOR('',#5415,10.);
#1451=VECTOR('',#5416,10.);
#1452=VECTOR('',#5419,10.);
#1453=VECTOR('',#5420,10.);
#1454=VECTOR('',#5421,10.);
#1455=VECTOR('',#5424,10.);
#1456=VECTOR('',#5425,10.);
#1457=VECTOR('',#5428,10.);
#1458=VECTOR('',#5429,10.);
#1459=VECTOR('',#5432,10.);
#1460=VECTOR('',#5435,10.);
#1461=VECTOR('',#5436,10.);
#1462=VECTOR('',#5437,10.);
#1463=VECTOR('',#5440,10.);
#1464=VECTOR('',#5441,10.);
#1465=VECTOR('',#5442,10.);
#1466=VECTOR('',#5445,10.);
#1467=VECTOR('',#5446,10.);
#1468=VECTOR('',#5447,10.);
#1469=VECTOR('',#5450,10.);
#1470=VECTOR('',#5451,10.);
#1471=VECTOR('',#5454,10.);
#1472=VECTOR('',#5455,10.);
#1473=VECTOR('',#5458,10.);
#1474=VECTOR('',#5461,10.);
#1475=VECTOR('',#5462,10.);
#1476=VECTOR('',#5463,10.);
#1477=VECTOR('',#5466,10.);
#1478=VECTOR('',#5467,10.);
#1479=VECTOR('',#5470,10.);
#1480=VECTOR('',#5471,10.);
#1481=VECTOR('',#5474,10.);
#1482=VECTOR('',#5477,10.);
#1483=VECTOR('',#5478,10.);
#1484=VECTOR('',#5483,10.);
#1485=VECTOR('',#5484,10.);
#1486=VECTOR('',#5485,10.);
#1487=VECTOR('',#5486,10.);
#1488=VECTOR('',#5489,10.);
#1489=VECTOR('',#5496,10.);
#1490=VECTOR('',#5497,10.);
#1491=VECTOR('',#5498,10.);
#1492=VECTOR('',#5501,10.);
#1493=VECTOR('',#5508,10.);
#1494=VECTOR('',#5509,10.);
#1495=VECTOR('',#5510,10.);
#1496=VECTOR('',#5513,10.);
#1497=VECTOR('',#5520,10.);
#1498=VECTOR('',#5521,10.);
#1499=VECTOR('',#5522,10.);
#1500=VECTOR('',#5531,10.);
#1501=VECTOR('',#5532,10.);
#1502=VECTOR('',#5535,10.);
#1503=VECTOR('',#5538,10.);
#1504=VECTOR('',#5541,10.);
#1505=VECTOR('',#5544,10.);
#1506=VECTOR('',#5545,10.);
#1507=VECTOR('',#5548,10.);
#1508=VECTOR('',#5549,10.);
#1509=VECTOR('',#5550,10.);
#1510=VECTOR('',#5553,10.);
#1511=VECTOR('',#5554,10.);
#1512=VECTOR('',#5557,10.);
#1513=VECTOR('',#5560,10.);
#1514=VECTOR('',#5563,10.);
#1515=VECTOR('',#5566,10.);
#1516=VECTOR('',#5569,10.);
#1517=VECTOR('',#5574,10.);
#1518=VECTOR('',#5581,10.);
#1519=VECTOR('',#5584,10.);
#1520=VECTOR('',#5587,10.);
#1521=VECTOR('',#5590,10.);
#1522=VECTOR('',#5593,10.);
#1523=VECTOR('',#5596,10.);
#1524=VECTOR('',#5599,10.);
#1525=CIRCLE('',#4114,1.587462);
#1526=CIRCLE('',#4115,1.587462);
#1527=CIRCLE('',#4117,1.587462);
#1528=CIRCLE('',#4118,1.587462);
#1529=CIRCLE('',#4120,1.587462);
#1530=CIRCLE('',#4121,1.587462);
#1531=CIRCLE('',#4123,1.587462);
#1532=CIRCLE('',#4124,1.587462);
#1533=CIRCLE('',#4126,1.50245135945211);
#1534=CIRCLE('',#4127,1.50240456118783);
#1535=CIRCLE('',#4128,0.499999999999998);
#1536=CIRCLE('',#4129,0.499999999999998);
#1537=CIRCLE('',#4130,0.499999999999998);
#1538=CIRCLE('',#4131,0.499999999999998);
#1539=CIRCLE('',#4132,0.5);
#1540=CIRCLE('',#4133,0.499999999999989);
#1541=CIRCLE('',#4134,0.499999999999998);
#1542=CIRCLE('',#4135,0.500000000000007);
#1543=CIRCLE('',#4136,0.499999999999998);
#1544=CIRCLE('',#4137,0.499999999999998);
#1545=CIRCLE('',#4138,0.499999999999998);
#1546=CIRCLE('',#4139,0.499999999999998);
#1547=CIRCLE('',#4140,0.499999999999998);
#1548=CIRCLE('',#4141,0.499999999999989);
#1549=CIRCLE('',#4142,0.500000000000003);
#1550=CIRCLE('',#4143,0.500000000000007);
#1551=CIRCLE('',#4144,0.499999999999998);
#1552=CIRCLE('',#4145,0.499999999999998);
#1553=CIRCLE('',#4146,0.500000000000003);
#1554=CIRCLE('',#4147,0.499999999999998);
#1555=CIRCLE('',#4148,0.5);
#1556=CIRCLE('',#4149,0.499999999999998);
#1557=CIRCLE('',#4150,0.499999999999998);
#1558=CIRCLE('',#4151,0.499999999999998);
#1559=CIRCLE('',#4152,0.499999999999998);
#1560=CIRCLE('',#4153,0.499999999999998);
#1561=CIRCLE('',#4154,0.500000000000003);
#1562=CIRCLE('',#4155,0.499999999999998);
#1563=CIRCLE('',#4156,0.499999999999998);
#1564=CIRCLE('',#4157,0.499999999999989);
#1565=CIRCLE('',#4158,0.499999999999998);
#1566=CIRCLE('',#4159,0.500000000000007);
#1567=CIRCLE('',#4160,0.5);
#1568=CIRCLE('',#4161,0.499999999999998);
#1569=CIRCLE('',#4162,0.499999999999998);
#1570=CIRCLE('',#4163,0.499999999999998);
#1571=CIRCLE('',#4164,0.5);
#1572=CIRCLE('',#4165,0.499999999999998);
#1573=CIRCLE('',#4166,0.499999999999998);
#1574=CIRCLE('',#4167,0.499999999999998);
#1575=CIRCLE('',#4168,0.499999999999998);
#1576=CIRCLE('',#4169,0.499999999999998);
#1577=CIRCLE('',#4170,0.500000000000003);
#1578=CIRCLE('',#4171,0.499999999999998);
#1579=CIRCLE('',#4172,0.499999999999998);
#1580=CIRCLE('',#4173,0.499999999999998);
#1581=CIRCLE('',#4174,0.499999999999998);
#1582=CIRCLE('',#4175,0.499999999999998);
#1583=CIRCLE('',#4178,0.499999999999998);
#1584=CIRCLE('',#4181,0.499999999999998);
#1585=CIRCLE('',#4184,0.499999999999998);
#1586=CIRCLE('',#4187,0.499999999999998);
#1587=CIRCLE('',#4190,0.499999999999998);
#1588=CIRCLE('',#4193,0.500000000000003);
#1589=CIRCLE('',#4196,0.499999999999998);
#1590=CIRCLE('',#4199,0.499999999999998);
#1591=CIRCLE('',#4202,0.499999999999998);
#1592=CIRCLE('',#4205,0.499999999999998);
#1593=CIRCLE('',#4208,0.499999999999998);
#1594=CIRCLE('',#4211,0.5);
#1595=CIRCLE('',#4214,0.499999999999998);
#1596=CIRCLE('',#4217,0.499999999999998);
#1597=CIRCLE('',#4220,0.499999999999998);
#1598=CIRCLE('',#4223,0.5);
#1599=CIRCLE('',#4226,0.499999999999989);
#1600=CIRCLE('',#4229,0.499999999999998);
#1601=CIRCLE('',#4232,0.500000000000007);
#1602=CIRCLE('',#4235,0.499999999999998);
#1603=CIRCLE('',#4238,0.499999999999998);
#1604=CIRCLE('',#4241,0.500000000000003);
#1605=CIRCLE('',#4244,0.499999999999998);
#1606=CIRCLE('',#4247,0.499999999999998);
#1607=CIRCLE('',#4250,0.499999999999998);
#1608=CIRCLE('',#4253,0.499999999999998);
#1609=CIRCLE('',#4256,0.499999999999998);
#1610=CIRCLE('',#4259,0.5);
#1611=CIRCLE('',#4262,0.499999999999998);
#1612=CIRCLE('',#4265,0.500000000000003);
#1613=CIRCLE('',#4268,0.499999999999998);
#1614=CIRCLE('',#4271,0.499999999999998);
#1615=CIRCLE('',#4275,0.499999999999989);
#1616=CIRCLE('',#4278,0.500000000000003);
#1617=CIRCLE('',#4281,0.500000000000007);
#1618=CIRCLE('',#4284,0.499999999999998);
#1619=CIRCLE('',#4287,0.499999999999998);
#1620=CIRCLE('',#4290,0.499999999999998);
#1621=CIRCLE('',#4293,0.499999999999998);
#1622=CIRCLE('',#4296,0.499999999999998);
#1623=CIRCLE('',#4299,0.499999999999989);
#1624=CIRCLE('',#4302,0.499999999999998);
#1625=CIRCLE('',#4305,0.500000000000007);
#1626=CIRCLE('',#4308,0.5);
#1627=CIRCLE('',#4311,0.499999999999998);
#1628=CIRCLE('',#4314,0.499999999999998);
#1629=CIRCLE('',#4317,0.499999999999998);
#1630=CIRCLE('',#4320,0.499999999999998);
#1631=CIRCLE('',#4322,3.50248452502299);
#1632=CIRCLE('',#4323,3.502404561188);
#1633=CIRCLE('',#4324,3.502451359452);
#1634=CIRCLE('',#4325,3.50246140159199);
#1635=CIRCLE('',#4326,1.50248452502299);
#1636=CIRCLE('',#4327,1.50246140159199);
#1637=CIRCLE('',#4332,1.50240456118783);
#1638=CIRCLE('',#4337,1.50245135945211);
#1639=CIRCLE('',#4342,1.50246140159199);
#1640=CIRCLE('',#4347,1.502484525023);
#1641=CIRCLE('',#4349,3.50248452502301);
#1642=CIRCLE('',#4354,3.502461401592);
#1643=CIRCLE('',#4359,3.502451359452);
#1644=CIRCLE('',#4364,3.502404561188);
#1645=CIRCLE('',#4370,2.8);
#1646=CIRCLE('',#4371,2.);
#1647=CIRCLE('',#4373,3.50248452502298);
#1648=CIRCLE('',#4374,3.50246140159198);
#1649=CIRCLE('',#4375,2.8);
#1650=CIRCLE('',#4376,0.499999999999998);
#1651=CIRCLE('',#4377,0.499999999999998);
#1652=CIRCLE('',#4378,0.499999999999998);
#1653=CIRCLE('',#4379,0.500000000000007);
#1654=CIRCLE('',#4380,1.5);
#1655=CIRCLE('',#4381,1.5);
#1656=CIRCLE('',#4382,1.5);
#1657=CIRCLE('',#4383,1.5);
#1658=CIRCLE('',#4385,2.);
#1659=CIRCLE('',#4389,1.5);
#1660=CIRCLE('',#4390,1.98);
#1661=CIRCLE('',#4396,1.98);
#1662=CIRCLE('',#4397,1.5);
#1663=CIRCLE('',#4427,1.5);
#1664=CIRCLE('',#4428,0.499999999999998);
#1665=CIRCLE('',#4431,1.5);
#1666=CIRCLE('',#4432,0.499999999999998);
#1667=CIRCLE('',#4435,1.50000000000001);
#1668=CIRCLE('',#4436,0.500000000000007);
#1669=CIRCLE('',#4439,1.5);
#1670=CIRCLE('',#4440,0.499999999999998);
#1671=CIRCLE('',#4446,3.50246140159198);
#1672=CIRCLE('',#4447,3.50248452502298);
#1673=VERTEX_POINT('',#5610);
#1674=VERTEX_POINT('',#5612);
#1675=VERTEX_POINT('',#5616);
#1676=VERTEX_POINT('',#5618);
#1677=VERTEX_POINT('',#5622);
#1678=VERTEX_POINT('',#5624);
#1679=VERTEX_POINT('',#5628);
#1680=VERTEX_POINT('',#5630);
#1681=VERTEX_POINT('',#5634);
#1682=VERTEX_POINT('',#5635);
#1683=VERTEX_POINT('',#5637);
#1684=VERTEX_POINT('',#5639);
#1685=VERTEX_POINT('',#5641);
#1686=VERTEX_POINT('',#5643);
#1687=VERTEX_POINT('',#5645);
#1688=VERTEX_POINT('',#5647);
#1689=VERTEX_POINT('',#5649);
#1690=VERTEX_POINT('',#5651);
#1691=VERTEX_POINT('',#5654);
#1692=VERTEX_POINT('',#5655);
#1693=VERTEX_POINT('',#5657);
#1694=VERTEX_POINT('',#5659);
#1695=VERTEX_POINT('',#5661);
#1696=VERTEX_POINT('',#5663);
#1697=VERTEX_POINT('',#5665);
#1698=VERTEX_POINT('',#5667);
#1699=VERTEX_POINT('',#5670);
#1700=VERTEX_POINT('',#5671);
#1701=VERTEX_POINT('',#5673);
#1702=VERTEX_POINT('',#5675);
#1703=VERTEX_POINT('',#5677);
#1704=VERTEX_POINT('',#5679);
#1705=VERTEX_POINT('',#5681);
#1706=VERTEX_POINT('',#5683);
#1707=VERTEX_POINT('',#5686);
#1708=VERTEX_POINT('',#5687);
#1709=VERTEX_POINT('',#5689);
#1710=VERTEX_POINT('',#5691);
#1711=VERTEX_POINT('',#5693);
#1712=VERTEX_POINT('',#5695);
#1713=VERTEX_POINT('',#5697);
#1714=VERTEX_POINT('',#5699);
#1715=VERTEX_POINT('',#5702);
#1716=VERTEX_POINT('',#5703);
#1717=VERTEX_POINT('',#5705);
#1718=VERTEX_POINT('',#5707);
#1719=VERTEX_POINT('',#5709);
#1720=VERTEX_POINT('',#5711);
#1721=VERTEX_POINT('',#5713);
#1722=VERTEX_POINT('',#5715);
#1723=VERTEX_POINT('',#5718);
#1724=VERTEX_POINT('',#5719);
#1725=VERTEX_POINT('',#5721);
#1726=VERTEX_POINT('',#5723);
#1727=VERTEX_POINT('',#5725);
#1728=VERTEX_POINT('',#5727);
#1729=VERTEX_POINT('',#5729);
#1730=VERTEX_POINT('',#5731);
#1731=VERTEX_POINT('',#5734);
#1732=VERTEX_POINT('',#5735);
#1733=VERTEX_POINT('',#5737);
#1734=VERTEX_POINT('',#5739);
#1735=VERTEX_POINT('',#5741);
#1736=VERTEX_POINT('',#5743);
#1737=VERTEX_POINT('',#5745);
#1738=VERTEX_POINT('',#5747);
#1739=VERTEX_POINT('',#5750);
#1740=VERTEX_POINT('',#5751);
#1741=VERTEX_POINT('',#5753);
#1742=VERTEX_POINT('',#5755);
#1743=VERTEX_POINT('',#5757);
#1744=VERTEX_POINT('',#5759);
#1745=VERTEX_POINT('',#5761);
#1746=VERTEX_POINT('',#5763);
#1747=VERTEX_POINT('',#5766);
#1748=VERTEX_POINT('',#5767);
#1749=VERTEX_POINT('',#5769);
#1750=VERTEX_POINT('',#5771);
#1751=VERTEX_POINT('',#5773);
#1752=VERTEX_POINT('',#5775);
#1753=VERTEX_POINT('',#5777);
#1754=VERTEX_POINT('',#5779);
#1755=VERTEX_POINT('',#5782);
#1756=VERTEX_POINT('',#5783);
#1757=VERTEX_POINT('',#5785);
#1758=VERTEX_POINT('',#5787);
#1759=VERTEX_POINT('',#5789);
#1760=VERTEX_POINT('',#5791);
#1761=VERTEX_POINT('',#5793);
#1762=VERTEX_POINT('',#5795);
#1763=VERTEX_POINT('',#5798);
#1764=VERTEX_POINT('',#5799);
#1765=VERTEX_POINT('',#5801);
#1766=VERTEX_POINT('',#5803);
#1767=VERTEX_POINT('',#5805);
#1768=VERTEX_POINT('',#5807);
#1769=VERTEX_POINT('',#5809);
#1770=VERTEX_POINT('',#5811);
#1771=VERTEX_POINT('',#5814);
#1772=VERTEX_POINT('',#5815);
#1773=VERTEX_POINT('',#5817);
#1774=VERTEX_POINT('',#5819);
#1775=VERTEX_POINT('',#5821);
#1776=VERTEX_POINT('',#5823);
#1777=VERTEX_POINT('',#5825);
#1778=VERTEX_POINT('',#5827);
#1779=VERTEX_POINT('',#5830);
#1780=VERTEX_POINT('',#5831);
#1781=VERTEX_POINT('',#5833);
#1782=VERTEX_POINT('',#5835);
#1783=VERTEX_POINT('',#5837);
#1784=VERTEX_POINT('',#5839);
#1785=VERTEX_POINT('',#5841);
#1786=VERTEX_POINT('',#5843);
#1787=VERTEX_POINT('',#5847);
#1788=VERTEX_POINT('',#5849);
#1789=VERTEX_POINT('',#5853);
#1790=VERTEX_POINT('',#5857);
#1791=VERTEX_POINT('',#5861);
#1792=VERTEX_POINT('',#5865);
#1793=VERTEX_POINT('',#5869);
#1794=VERTEX_POINT('',#5873);
#1795=VERTEX_POINT('',#5879);
#1796=VERTEX_POINT('',#5881);
#1797=VERTEX_POINT('',#5885);
#1798=VERTEX_POINT('',#5889);
#1799=VERTEX_POINT('',#5893);
#1800=VERTEX_POINT('',#5897);
#1801=VERTEX_POINT('',#5901);
#1802=VERTEX_POINT('',#5905);
#1803=VERTEX_POINT('',#5911);
#1804=VERTEX_POINT('',#5913);
#1805=VERTEX_POINT('',#5917);
#1806=VERTEX_POINT('',#5921);
#1807=VERTEX_POINT('',#5925);
#1808=VERTEX_POINT('',#5929);
#1809=VERTEX_POINT('',#5933);
#1810=VERTEX_POINT('',#5937);
#1811=VERTEX_POINT('',#5943);
#1812=VERTEX_POINT('',#5945);
#1813=VERTEX_POINT('',#5949);
#1814=VERTEX_POINT('',#5953);
#1815=VERTEX_POINT('',#5957);
#1816=VERTEX_POINT('',#5961);
#1817=VERTEX_POINT('',#5965);
#1818=VERTEX_POINT('',#5969);
#1819=VERTEX_POINT('',#5975);
#1820=VERTEX_POINT('',#5977);
#1821=VERTEX_POINT('',#5981);
#1822=VERTEX_POINT('',#5985);
#1823=VERTEX_POINT('',#5989);
#1824=VERTEX_POINT('',#5993);
#1825=VERTEX_POINT('',#5997);
#1826=VERTEX_POINT('',#6001);
#1827=VERTEX_POINT('',#6007);
#1828=VERTEX_POINT('',#6009);
#1829=VERTEX_POINT('',#6013);
#1830=VERTEX_POINT('',#6017);
#1831=VERTEX_POINT('',#6021);
#1832=VERTEX_POINT('',#6025);
#1833=VERTEX_POINT('',#6029);
#1834=VERTEX_POINT('',#6033);
#1835=VERTEX_POINT('',#6039);
#1836=VERTEX_POINT('',#6041);
#1837=VERTEX_POINT('',#6045);
#1838=VERTEX_POINT('',#6049);
#1839=VERTEX_POINT('',#6053);
#1840=VERTEX_POINT('',#6057);
#1841=VERTEX_POINT('',#6061);
#1842=VERTEX_POINT('',#6065);
#1843=VERTEX_POINT('',#6071);
#1844=VERTEX_POINT('',#6073);
#1845=VERTEX_POINT('',#6077);
#1846=VERTEX_POINT('',#6081);
#1847=VERTEX_POINT('',#6085);
#1848=VERTEX_POINT('',#6089);
#1849=VERTEX_POINT('',#6093);
#1850=VERTEX_POINT('',#6097);
#1851=VERTEX_POINT('',#6103);
#1852=VERTEX_POINT('',#6105);
#1853=VERTEX_POINT('',#6109);
#1854=VERTEX_POINT('',#6111);
#1855=VERTEX_POINT('',#6115);
#1856=VERTEX_POINT('',#6119);
#1857=VERTEX_POINT('',#6123);
#1858=VERTEX_POINT('',#6127);
#1859=VERTEX_POINT('',#6131);
#1860=VERTEX_POINT('',#6135);
#1861=VERTEX_POINT('',#6141);
#1862=VERTEX_POINT('',#6143);
#1863=VERTEX_POINT('',#6147);
#1864=VERTEX_POINT('',#6151);
#1865=VERTEX_POINT('',#6155);
#1866=VERTEX_POINT('',#6159);
#1867=VERTEX_POINT('',#6163);
#1868=VERTEX_POINT('',#6167);
#1869=VERTEX_POINT('',#6173);
#1870=VERTEX_POINT('',#6175);
#1871=VERTEX_POINT('',#6179);
#1872=VERTEX_POINT('',#6183);
#1873=VERTEX_POINT('',#6187);
#1874=VERTEX_POINT('',#6191);
#1875=VERTEX_POINT('',#6195);
#1876=VERTEX_POINT('',#6199);
#1877=VERTEX_POINT('',#6205);
#1878=VERTEX_POINT('',#6207);
#1879=VERTEX_POINT('',#6211);
#1880=VERTEX_POINT('',#6215);
#1881=VERTEX_POINT('',#6219);
#1882=VERTEX_POINT('',#6223);
#1883=VERTEX_POINT('',#6227);
#1884=VERTEX_POINT('',#6231);
#1885=VERTEX_POINT('',#6237);
#1886=VERTEX_POINT('',#6238);
#1887=VERTEX_POINT('',#6240);
#1888=VERTEX_POINT('',#6242);
#1889=VERTEX_POINT('',#6244);
#1890=VERTEX_POINT('',#6246);
#1891=VERTEX_POINT('',#6248);
#1892=VERTEX_POINT('',#6250);
#1893=VERTEX_POINT('',#6252);
#1894=VERTEX_POINT('',#6254);
#1895=VERTEX_POINT('',#6256);
#1896=VERTEX_POINT('',#6258);
#1897=VERTEX_POINT('',#6260);
#1898=VERTEX_POINT('',#6262);
#1899=VERTEX_POINT('',#6264);
#1900=VERTEX_POINT('',#6266);
#1901=VERTEX_POINT('',#6269);
#1902=VERTEX_POINT('',#6271);
#1903=VERTEX_POINT('',#6273);
#1904=VERTEX_POINT('',#6275);
#1905=VERTEX_POINT('',#6277);
#1906=VERTEX_POINT('',#6279);
#1907=VERTEX_POINT('',#6281);
#1908=VERTEX_POINT('',#6283);
#1909=VERTEX_POINT('',#6287);
#1910=VERTEX_POINT('',#6288);
#1911=VERTEX_POINT('',#6293);
#1912=VERTEX_POINT('',#6297);
#1913=VERTEX_POINT('',#6301);
#1914=VERTEX_POINT('',#6305);
#1915=VERTEX_POINT('',#6309);
#1916=VERTEX_POINT('',#6313);
#1917=VERTEX_POINT('',#6317);
#1918=VERTEX_POINT('',#6321);
#1919=VERTEX_POINT('',#6325);
#1920=VERTEX_POINT('',#6329);
#1921=VERTEX_POINT('',#6333);
#1922=VERTEX_POINT('',#6337);
#1923=VERTEX_POINT('',#6341);
#1924=VERTEX_POINT('',#6345);
#1925=VERTEX_POINT('',#6351);
#1926=VERTEX_POINT('',#6352);
#1927=VERTEX_POINT('',#6357);
#1928=VERTEX_POINT('',#6361);
#1929=VERTEX_POINT('',#6365);
#1930=VERTEX_POINT('',#6369);
#1931=VERTEX_POINT('',#6373);
#1932=VERTEX_POINT('',#6377);
#1933=VERTEX_POINT('',#6381);
#1934=VERTEX_POINT('',#6385);
#1935=VERTEX_POINT('',#6389);
#1936=VERTEX_POINT('',#6393);
#1937=VERTEX_POINT('',#6397);
#1938=VERTEX_POINT('',#6401);
#1939=VERTEX_POINT('',#6405);
#1940=VERTEX_POINT('',#6409);
#1941=VERTEX_POINT('',#6416);
#1942=VERTEX_POINT('',#6418);
#1943=VERTEX_POINT('',#6422);
#1944=VERTEX_POINT('',#6423);
#1945=VERTEX_POINT('',#6425);
#1946=VERTEX_POINT('',#6427);
#1947=VERTEX_POINT('',#6429);
#1948=VERTEX_POINT('',#6431);
#1949=VERTEX_POINT('',#6433);
#1950=VERTEX_POINT('',#6435);
#1951=VERTEX_POINT('',#6437);
#1952=VERTEX_POINT('',#6439);
#1953=VERTEX_POINT('',#6442);
#1954=VERTEX_POINT('',#6444);
#1955=VERTEX_POINT('',#6445);
#1956=VERTEX_POINT('',#6447);
#1957=VERTEX_POINT('',#6449);
#1958=VERTEX_POINT('',#6451);
#1959=VERTEX_POINT('',#6453);
#1960=VERTEX_POINT('',#6455);
#1961=VERTEX_POINT('',#6457);
#1962=VERTEX_POINT('',#6460);
#1963=VERTEX_POINT('',#6461);
#1964=VERTEX_POINT('',#6463);
#1965=VERTEX_POINT('',#6465);
#1966=VERTEX_POINT('',#6467);
#1967=VERTEX_POINT('',#6469);
#1968=VERTEX_POINT('',#6471);
#1969=VERTEX_POINT('',#6473);
#1970=VERTEX_POINT('',#6476);
#1971=VERTEX_POINT('',#6477);
#1972=VERTEX_POINT('',#6479);
#1973=VERTEX_POINT('',#6481);
#1974=VERTEX_POINT('',#6485);
#1975=VERTEX_POINT('',#6491);
#1976=VERTEX_POINT('',#6492);
#1977=VERTEX_POINT('',#6494);
#1978=VERTEX_POINT('',#6496);
#1979=VERTEX_POINT('',#6503);
#1980=VERTEX_POINT('',#6505);
#1981=VERTEX_POINT('',#6509);
#1982=VERTEX_POINT('',#6511);
#1983=VERTEX_POINT('',#6518);
#1984=VERTEX_POINT('',#6520);
#1985=VERTEX_POINT('',#6524);
#1986=VERTEX_POINT('',#6525);
#1987=VERTEX_POINT('',#6527);
#1988=VERTEX_POINT('',#6529);
#1989=VERTEX_POINT('',#6536);
#1990=VERTEX_POINT('',#6538);
#1991=VERTEX_POINT('',#6561);
#1992=VERTEX_POINT('',#6562);
#1993=VERTEX_POINT('',#6568);
#1994=VERTEX_POINT('',#6570);
#1995=VERTEX_POINT('',#6576);
#1996=VERTEX_POINT('',#6586);
#1997=VERTEX_POINT('',#6588);
#1998=VERTEX_POINT('',#6614);
#1999=VERTEX_POINT('',#6620);
#2000=VERTEX_POINT('',#6622);
#2001=VERTEX_POINT('',#6692);
#2002=VERTEX_POINT('',#6695);
#2003=VERTEX_POINT('',#6697);
#2004=VERTEX_POINT('',#6699);
#2005=VERTEX_POINT('',#6701);
#2006=VERTEX_POINT('',#6703);
#2007=VERTEX_POINT('',#6705);
#2008=VERTEX_POINT('',#6707);
#2009=VERTEX_POINT('',#6709);
#2010=VERTEX_POINT('',#6711);
#2011=VERTEX_POINT('',#6713);
#2012=VERTEX_POINT('',#6715);
#2013=VERTEX_POINT('',#6719);
#2014=VERTEX_POINT('',#6721);
#2015=VERTEX_POINT('',#6725);
#2016=VERTEX_POINT('',#6727);
#2017=VERTEX_POINT('',#6734);
#2018=VERTEX_POINT('',#6736);
#2019=VERTEX_POINT('',#6740);
#2020=VERTEX_POINT('',#6744);
#2021=VERTEX_POINT('',#6750);
#2022=VERTEX_POINT('',#6752);
#2023=VERTEX_POINT('',#6756);
#2024=VERTEX_POINT('',#6758);
#2025=VERTEX_POINT('',#6762);
#2026=VERTEX_POINT('',#6764);
#2027=VERTEX_POINT('',#6768);
#2028=VERTEX_POINT('',#6772);
#2029=VERTEX_POINT('',#6778);
#2030=VERTEX_POINT('',#6780);
#2031=VERTEX_POINT('',#6784);
#2032=VERTEX_POINT('',#6788);
#2033=VERTEX_POINT('',#6798);
#2034=VERTEX_POINT('',#6799);
#2035=VERTEX_POINT('',#6801);
#2036=VERTEX_POINT('',#6803);
#2037=VERTEX_POINT('',#6807);
#2038=VERTEX_POINT('',#6808);
#2039=VERTEX_POINT('',#6813);
#2040=VERTEX_POINT('',#6814);
#2041=VERTEX_POINT('',#6819);
#2042=VERTEX_POINT('',#6820);
#2043=VERTEX_POINT('',#6825);
#2044=VERTEX_POINT('',#6826);
#2045=VERTEX_POINT('',#6831);
#2046=VERTEX_POINT('',#6832);
#2047=VERTEX_POINT('',#6837);
#2048=VERTEX_POINT('',#6838);
#2049=VERTEX_POINT('',#6855);
#2050=VERTEX_POINT('',#6857);
#2051=VERTEX_POINT('',#6859);
#2052=VERTEX_POINT('',#6861);
#2053=VERTEX_POINT('',#6863);
#2054=VERTEX_POINT('',#6865);
#2055=VERTEX_POINT('',#6867);
#2056=VERTEX_POINT('',#6869);
#2057=EDGE_CURVE('',#1673,#1673,#1525,.T.);
#2058=EDGE_CURVE('',#1673,#1674,#675,.T.);
#2059=EDGE_CURVE('',#1674,#1674,#1526,.T.);
#2060=EDGE_CURVE('',#1675,#1675,#1527,.T.);
#2061=EDGE_CURVE('',#1675,#1676,#676,.T.);
#2062=EDGE_CURVE('',#1676,#1676,#1528,.T.);
#2063=EDGE_CURVE('',#1677,#1677,#1529,.T.);
#2064=EDGE_CURVE('',#1677,#1678,#677,.T.);
#2065=EDGE_CURVE('',#1678,#1678,#1530,.T.);
#2066=EDGE_CURVE('',#1679,#1679,#1531,.T.);
#2067=EDGE_CURVE('',#1679,#1680,#678,.T.);
#2068=EDGE_CURVE('',#1680,#1680,#1532,.T.);
#2069=EDGE_CURVE('',#1681,#1682,#679,.T.);
#2070=EDGE_CURVE('',#1683,#1682,#680,.T.);
#2071=EDGE_CURVE('',#1683,#1684,#681,.T.);
#2072=EDGE_CURVE('',#1684,#1685,#682,.T.);
#2073=EDGE_CURVE('',#1685,#1686,#1533,.T.);
#2074=EDGE_CURVE('',#1686,#1687,#683,.T.);
#2075=EDGE_CURVE('',#1687,#1688,#684,.T.);
#2076=EDGE_CURVE('',#1688,#1689,#685,.T.);
#2077=EDGE_CURVE('',#1689,#1690,#1534,.T.);
#2078=EDGE_CURVE('',#1690,#1681,#686,.T.);
#2079=EDGE_CURVE('',#1691,#1692,#1535,.T.);
#2080=EDGE_CURVE('',#1693,#1691,#687,.T.);
#2081=EDGE_CURVE('',#1694,#1693,#1536,.T.);
#2082=EDGE_CURVE('',#1695,#1694,#688,.T.);
#2083=EDGE_CURVE('',#1696,#1695,#1537,.T.);
#2084=EDGE_CURVE('',#1697,#1696,#689,.T.);
#2085=EDGE_CURVE('',#1698,#1697,#1538,.T.);
#2086=EDGE_CURVE('',#1692,#1698,#690,.T.);
#2087=EDGE_CURVE('',#1699,#1700,#1539,.T.);
#2088=EDGE_CURVE('',#1701,#1699,#691,.T.);
#2089=EDGE_CURVE('',#1702,#1701,#1540,.T.);
#2090=EDGE_CURVE('',#1703,#1702,#692,.T.);
#2091=EDGE_CURVE('',#1704,#1703,#1541,.T.);
#2092=EDGE_CURVE('',#1705,#1704,#693,.T.);
#2093=EDGE_CURVE('',#1706,#1705,#1542,.T.);
#2094=EDGE_CURVE('',#1700,#1706,#694,.T.);
#2095=EDGE_CURVE('',#1707,#1708,#1543,.T.);
#2096=EDGE_CURVE('',#1709,#1707,#695,.T.);
#2097=EDGE_CURVE('',#1710,#1709,#1544,.T.);
#2098=EDGE_CURVE('',#1711,#1710,#696,.T.);
#2099=EDGE_CURVE('',#1712,#1711,#1545,.T.);
#2100=EDGE_CURVE('',#1713,#1712,#697,.T.);
#2101=EDGE_CURVE('',#1714,#1713,#1546,.T.);
#2102=EDGE_CURVE('',#1708,#1714,#698,.T.);
#2103=EDGE_CURVE('',#1715,#1716,#1547,.T.);
#2104=EDGE_CURVE('',#1717,#1715,#699,.T.);
#2105=EDGE_CURVE('',#1718,#1717,#1548,.T.);
#2106=EDGE_CURVE('',#1719,#1718,#700,.T.);
#2107=EDGE_CURVE('',#1720,#1719,#1549,.T.);
#2108=EDGE_CURVE('',#1721,#1720,#701,.T.);
#2109=EDGE_CURVE('',#1722,#1721,#1550,.T.);
#2110=EDGE_CURVE('',#1716,#1722,#702,.T.);
#2111=EDGE_CURVE('',#1723,#1724,#1551,.T.);
#2112=EDGE_CURVE('',#1725,#1723,#703,.T.);
#2113=EDGE_CURVE('',#1726,#1725,#1552,.T.);
#2114=EDGE_CURVE('',#1727,#1726,#704,.T.);
#2115=EDGE_CURVE('',#1728,#1727,#1553,.T.);
#2116=EDGE_CURVE('',#1729,#1728,#705,.T.);
#2117=EDGE_CURVE('',#1730,#1729,#1554,.T.);
#2118=EDGE_CURVE('',#1724,#1730,#706,.T.);
#2119=EDGE_CURVE('',#1731,#1732,#1555,.T.);
#2120=EDGE_CURVE('',#1733,#1731,#707,.T.);
#2121=EDGE_CURVE('',#1734,#1733,#1556,.T.);
#2122=EDGE_CURVE('',#1735,#1734,#708,.T.);
#2123=EDGE_CURVE('',#1736,#1735,#1557,.T.);
#2124=EDGE_CURVE('',#1737,#1736,#709,.T.);
#2125=EDGE_CURVE('',#1738,#1737,#1558,.T.);
#2126=EDGE_CURVE('',#1732,#1738,#710,.T.);
#2127=EDGE_CURVE('',#1739,#1740,#1559,.T.);
#2128=EDGE_CURVE('',#1741,#1739,#711,.T.);
#2129=EDGE_CURVE('',#1742,#1741,#1560,.T.);
#2130=EDGE_CURVE('',#1743,#1742,#712,.T.);
#2131=EDGE_CURVE('',#1744,#1743,#1561,.T.);
#2132=EDGE_CURVE('',#1745,#1744,#713,.T.);
#2133=EDGE_CURVE('',#1746,#1745,#1562,.T.);
#2134=EDGE_CURVE('',#1740,#1746,#714,.T.);
#2135=EDGE_CURVE('',#1747,#1748,#1563,.T.);
#2136=EDGE_CURVE('',#1749,#1747,#715,.T.);
#2137=EDGE_CURVE('',#1750,#1749,#1564,.T.);
#2138=EDGE_CURVE('',#1751,#1750,#716,.T.);
#2139=EDGE_CURVE('',#1752,#1751,#1565,.T.);
#2140=EDGE_CURVE('',#1753,#1752,#717,.T.);
#2141=EDGE_CURVE('',#1754,#1753,#1566,.T.);
#2142=EDGE_CURVE('',#1748,#1754,#718,.T.);
#2143=EDGE_CURVE('',#1755,#1756,#1567,.T.);
#2144=EDGE_CURVE('',#1757,#1755,#719,.T.);
#2145=EDGE_CURVE('',#1758,#1757,#1568,.T.);
#2146=EDGE_CURVE('',#1759,#1758,#720,.T.);
#2147=EDGE_CURVE('',#1760,#1759,#1569,.T.);
#2148=EDGE_CURVE('',#1761,#1760,#721,.T.);
#2149=EDGE_CURVE('',#1762,#1761,#1570,.T.);
#2150=EDGE_CURVE('',#1756,#1762,#722,.T.);
#2151=EDGE_CURVE('',#1763,#1764,#1571,.T.);
#2152=EDGE_CURVE('',#1765,#1763,#723,.T.);
#2153=EDGE_CURVE('',#1766,#1765,#1572,.T.);
#2154=EDGE_CURVE('',#1767,#1766,#724,.T.);
#2155=EDGE_CURVE('',#1768,#1767,#1573,.T.);
#2156=EDGE_CURVE('',#1769,#1768,#725,.T.);
#2157=EDGE_CURVE('',#1770,#1769,#1574,.T.);
#2158=EDGE_CURVE('',#1764,#1770,#726,.T.);
#2159=EDGE_CURVE('',#1771,#1772,#1575,.T.);
#2160=EDGE_CURVE('',#1773,#1771,#727,.T.);
#2161=EDGE_CURVE('',#1774,#1773,#1576,.T.);
#2162=EDGE_CURVE('',#1775,#1774,#728,.T.);
#2163=EDGE_CURVE('',#1776,#1775,#1577,.T.);
#2164=EDGE_CURVE('',#1777,#1776,#729,.T.);
#2165=EDGE_CURVE('',#1778,#1777,#1578,.T.);
#2166=EDGE_CURVE('',#1772,#1778,#730,.T.);
#2167=EDGE_CURVE('',#1779,#1780,#1579,.T.);
#2168=EDGE_CURVE('',#1781,#1779,#731,.T.);
#2169=EDGE_CURVE('',#1782,#1781,#1580,.T.);
#2170=EDGE_CURVE('',#1783,#1782,#732,.T.);
#2171=EDGE_CURVE('',#1784,#1783,#1581,.T.);
#2172=EDGE_CURVE('',#1785,#1784,#733,.T.);
#2173=EDGE_CURVE('',#1786,#1785,#1582,.T.);
#2174=EDGE_CURVE('',#1780,#1786,#734,.T.);
#2175=EDGE_CURVE('',#1779,#1787,#735,.T.);
#2176=EDGE_CURVE('',#1788,#1787,#736,.T.);
#2177=EDGE_CURVE('',#1781,#1788,#737,.T.);
#2178=EDGE_CURVE('',#1789,#1788,#1583,.T.);
#2179=EDGE_CURVE('',#1782,#1789,#738,.T.);
#2180=EDGE_CURVE('',#1790,#1789,#739,.T.);
#2181=EDGE_CURVE('',#1783,#1790,#740,.T.);
#2182=EDGE_CURVE('',#1791,#1790,#1584,.T.);
#2183=EDGE_CURVE('',#1784,#1791,#741,.T.);
#2184=EDGE_CURVE('',#1792,#1791,#742,.T.);
#2185=EDGE_CURVE('',#1785,#1792,#743,.T.);
#2186=EDGE_CURVE('',#1793,#1792,#1585,.T.);
#2187=EDGE_CURVE('',#1786,#1793,#744,.T.);
#2188=EDGE_CURVE('',#1794,#1793,#745,.T.);
#2189=EDGE_CURVE('',#1780,#1794,#746,.T.);
#2190=EDGE_CURVE('',#1787,#1794,#1586,.T.);
#2191=EDGE_CURVE('',#1771,#1795,#747,.T.);
#2192=EDGE_CURVE('',#1796,#1795,#748,.T.);
#2193=EDGE_CURVE('',#1773,#1796,#749,.T.);
#2194=EDGE_CURVE('',#1797,#1796,#1587,.T.);
#2195=EDGE_CURVE('',#1774,#1797,#750,.T.);
#2196=EDGE_CURVE('',#1798,#1797,#751,.T.);
#2197=EDGE_CURVE('',#1775,#1798,#752,.T.);
#2198=EDGE_CURVE('',#1799,#1798,#1588,.T.);
#2199=EDGE_CURVE('',#1776,#1799,#753,.T.);
#2200=EDGE_CURVE('',#1800,#1799,#754,.T.);
#2201=EDGE_CURVE('',#1777,#1800,#755,.T.);
#2202=EDGE_CURVE('',#1801,#1800,#1589,.T.);
#2203=EDGE_CURVE('',#1778,#1801,#756,.T.);
#2204=EDGE_CURVE('',#1802,#1801,#757,.T.);
#2205=EDGE_CURVE('',#1772,#1802,#758,.T.);
#2206=EDGE_CURVE('',#1795,#1802,#1590,.T.);
#2207=EDGE_CURVE('',#1763,#1803,#759,.T.);
#2208=EDGE_CURVE('',#1804,#1803,#760,.T.);
#2209=EDGE_CURVE('',#1765,#1804,#761,.T.);
#2210=EDGE_CURVE('',#1805,#1804,#1591,.T.);
#2211=EDGE_CURVE('',#1766,#1805,#762,.T.);
#2212=EDGE_CURVE('',#1806,#1805,#763,.T.);
#2213=EDGE_CURVE('',#1767,#1806,#764,.T.);
#2214=EDGE_CURVE('',#1807,#1806,#1592,.T.);
#2215=EDGE_CURVE('',#1768,#1807,#765,.T.);
#2216=EDGE_CURVE('',#1808,#1807,#766,.T.);
#2217=EDGE_CURVE('',#1769,#1808,#767,.T.);
#2218=EDGE_CURVE('',#1809,#1808,#1593,.T.);
#2219=EDGE_CURVE('',#1770,#1809,#768,.T.);
#2220=EDGE_CURVE('',#1810,#1809,#769,.T.);
#2221=EDGE_CURVE('',#1764,#1810,#770,.T.);
#2222=EDGE_CURVE('',#1803,#1810,#1594,.T.);
#2223=EDGE_CURVE('',#1755,#1811,#771,.T.);
#2224=EDGE_CURVE('',#1812,#1811,#772,.T.);
#2225=EDGE_CURVE('',#1757,#1812,#773,.T.);
#2226=EDGE_CURVE('',#1813,#1812,#1595,.T.);
#2227=EDGE_CURVE('',#1758,#1813,#774,.T.);
#2228=EDGE_CURVE('',#1814,#1813,#775,.T.);
#2229=EDGE_CURVE('',#1759,#1814,#776,.T.);
#2230=EDGE_CURVE('',#1815,#1814,#1596,.T.);
#2231=EDGE_CURVE('',#1760,#1815,#777,.T.);
#2232=EDGE_CURVE('',#1816,#1815,#778,.T.);
#2233=EDGE_CURVE('',#1761,#1816,#779,.T.);
#2234=EDGE_CURVE('',#1817,#1816,#1597,.T.);
#2235=EDGE_CURVE('',#1762,#1817,#780,.T.);
#2236=EDGE_CURVE('',#1818,#1817,#781,.T.);
#2237=EDGE_CURVE('',#1756,#1818,#782,.T.);
#2238=EDGE_CURVE('',#1811,#1818,#1598,.T.);
#2239=EDGE_CURVE('',#1747,#1819,#783,.T.);
#2240=EDGE_CURVE('',#1820,#1819,#784,.T.);
#2241=EDGE_CURVE('',#1749,#1820,#785,.T.);
#2242=EDGE_CURVE('',#1821,#1820,#1599,.T.);
#2243=EDGE_CURVE('',#1750,#1821,#786,.T.);
#2244=EDGE_CURVE('',#1822,#1821,#787,.T.);
#2245=EDGE_CURVE('',#1751,#1822,#788,.T.);
#2246=EDGE_CURVE('',#1823,#1822,#1600,.T.);
#2247=EDGE_CURVE('',#1752,#1823,#789,.T.);
#2248=EDGE_CURVE('',#1824,#1823,#790,.T.);
#2249=EDGE_CURVE('',#1753,#1824,#791,.T.);
#2250=EDGE_CURVE('',#1825,#1824,#1601,.T.);
#2251=EDGE_CURVE('',#1754,#1825,#792,.T.);
#2252=EDGE_CURVE('',#1826,#1825,#793,.T.);
#2253=EDGE_CURVE('',#1748,#1826,#794,.T.);
#2254=EDGE_CURVE('',#1819,#1826,#1602,.T.);
#2255=EDGE_CURVE('',#1739,#1827,#795,.T.);
#2256=EDGE_CURVE('',#1828,#1827,#796,.T.);
#2257=EDGE_CURVE('',#1741,#1828,#797,.T.);
#2258=EDGE_CURVE('',#1829,#1828,#1603,.T.);
#2259=EDGE_CURVE('',#1742,#1829,#798,.T.);
#2260=EDGE_CURVE('',#1830,#1829,#799,.T.);
#2261=EDGE_CURVE('',#1743,#1830,#800,.T.);
#2262=EDGE_CURVE('',#1831,#1830,#1604,.T.);
#2263=EDGE_CURVE('',#1744,#1831,#801,.T.);
#2264=EDGE_CURVE('',#1832,#1831,#802,.T.);
#2265=EDGE_CURVE('',#1745,#1832,#803,.T.);
#2266=EDGE_CURVE('',#1833,#1832,#1605,.T.);
#2267=EDGE_CURVE('',#1746,#1833,#804,.T.);
#2268=EDGE_CURVE('',#1834,#1833,#805,.T.);
#2269=EDGE_CURVE('',#1740,#1834,#806,.T.);
#2270=EDGE_CURVE('',#1827,#1834,#1606,.T.);
#2271=EDGE_CURVE('',#1731,#1835,#807,.T.);
#2272=EDGE_CURVE('',#1836,#1835,#808,.T.);
#2273=EDGE_CURVE('',#1733,#1836,#809,.T.);
#2274=EDGE_CURVE('',#1837,#1836,#1607,.T.);
#2275=EDGE_CURVE('',#1734,#1837,#810,.T.);
#2276=EDGE_CURVE('',#1838,#1837,#811,.T.);
#2277=EDGE_CURVE('',#1735,#1838,#812,.T.);
#2278=EDGE_CURVE('',#1839,#1838,#1608,.T.);
#2279=EDGE_CURVE('',#1736,#1839,#813,.T.);
#2280=EDGE_CURVE('',#1840,#1839,#814,.T.);
#2281=EDGE_CURVE('',#1737,#1840,#815,.T.);
#2282=EDGE_CURVE('',#1841,#1840,#1609,.T.);
#2283=EDGE_CURVE('',#1738,#1841,#816,.T.);
#2284=EDGE_CURVE('',#1842,#1841,#817,.T.);
#2285=EDGE_CURVE('',#1732,#1842,#818,.T.);
#2286=EDGE_CURVE('',#1835,#1842,#1610,.T.);
#2287=EDGE_CURVE('',#1723,#1843,#819,.T.);
#2288=EDGE_CURVE('',#1844,#1843,#820,.T.);
#2289=EDGE_CURVE('',#1725,#1844,#821,.T.);
#2290=EDGE_CURVE('',#1845,#1844,#1611,.T.);
#2291=EDGE_CURVE('',#1726,#1845,#822,.T.);
#2292=EDGE_CURVE('',#1846,#1845,#823,.T.);
#2293=EDGE_CURVE('',#1727,#1846,#824,.T.);
#2294=EDGE_CURVE('',#1847,#1846,#1612,.T.);
#2295=EDGE_CURVE('',#1728,#1847,#825,.T.);
#2296=EDGE_CURVE('',#1848,#1847,#826,.T.);
#2297=EDGE_CURVE('',#1729,#1848,#827,.T.);
#2298=EDGE_CURVE('',#1849,#1848,#1613,.T.);
#2299=EDGE_CURVE('',#1730,#1849,#828,.T.);
#2300=EDGE_CURVE('',#1850,#1849,#829,.T.);
#2301=EDGE_CURVE('',#1724,#1850,#830,.T.);
#2302=EDGE_CURVE('',#1843,#1850,#1614,.T.);
#2303=EDGE_CURVE('',#1682,#1851,#831,.T.);
#2304=EDGE_CURVE('',#1852,#1851,#832,.T.);
#2305=EDGE_CURVE('',#1683,#1852,#833,.T.);
#2306=EDGE_CURVE('',#1715,#1853,#834,.T.);
#2307=EDGE_CURVE('',#1854,#1853,#835,.T.);
#2308=EDGE_CURVE('',#1717,#1854,#836,.T.);
#2309=EDGE_CURVE('',#1855,#1854,#1615,.T.);
#2310=EDGE_CURVE('',#1718,#1855,#837,.T.);
#2311=EDGE_CURVE('',#1856,#1855,#838,.T.);
#2312=EDGE_CURVE('',#1719,#1856,#839,.T.);
#2313=EDGE_CURVE('',#1857,#1856,#1616,.T.);
#2314=EDGE_CURVE('',#1720,#1857,#840,.T.);
#2315=EDGE_CURVE('',#1858,#1857,#841,.T.);
#2316=EDGE_CURVE('',#1721,#1858,#842,.T.);
#2317=EDGE_CURVE('',#1859,#1858,#1617,.T.);
#2318=EDGE_CURVE('',#1722,#1859,#843,.T.);
#2319=EDGE_CURVE('',#1860,#1859,#844,.T.);
#2320=EDGE_CURVE('',#1716,#1860,#845,.T.);
#2321=EDGE_CURVE('',#1853,#1860,#1618,.T.);
#2322=EDGE_CURVE('',#1707,#1861,#846,.T.);
#2323=EDGE_CURVE('',#1862,#1861,#847,.T.);
#2324=EDGE_CURVE('',#1709,#1862,#848,.T.);
#2325=EDGE_CURVE('',#1863,#1862,#1619,.T.);
#2326=EDGE_CURVE('',#1710,#1863,#849,.T.);
#2327=EDGE_CURVE('',#1864,#1863,#850,.T.);
#2328=EDGE_CURVE('',#1711,#1864,#851,.T.);
#2329=EDGE_CURVE('',#1865,#1864,#1620,.T.);
#2330=EDGE_CURVE('',#1712,#1865,#852,.T.);
#2331=EDGE_CURVE('',#1866,#1865,#853,.T.);
#2332=EDGE_CURVE('',#1713,#1866,#854,.T.);
#2333=EDGE_CURVE('',#1867,#1866,#1621,.T.);
#2334=EDGE_CURVE('',#1714,#1867,#855,.T.);
#2335=EDGE_CURVE('',#1868,#1867,#856,.T.);
#2336=EDGE_CURVE('',#1708,#1868,#857,.T.);
#2337=EDGE_CURVE('',#1861,#1868,#1622,.T.);
#2338=EDGE_CURVE('',#1699,#1869,#858,.T.);
#2339=EDGE_CURVE('',#1870,#1869,#859,.T.);
#2340=EDGE_CURVE('',#1701,#1870,#860,.T.);
#2341=EDGE_CURVE('',#1871,#1870,#1623,.T.);
#2342=EDGE_CURVE('',#1702,#1871,#861,.T.);
#2343=EDGE_CURVE('',#1872,#1871,#862,.T.);
#2344=EDGE_CURVE('',#1703,#1872,#863,.T.);
#2345=EDGE_CURVE('',#1873,#1872,#1624,.T.);
#2346=EDGE_CURVE('',#1704,#1873,#864,.T.);
#2347=EDGE_CURVE('',#1874,#1873,#865,.T.);
#2348=EDGE_CURVE('',#1705,#1874,#866,.T.);
#2349=EDGE_CURVE('',#1875,#1874,#1625,.T.);
#2350=EDGE_CURVE('',#1706,#1875,#867,.T.);
#2351=EDGE_CURVE('',#1876,#1875,#868,.T.);
#2352=EDGE_CURVE('',#1700,#1876,#869,.T.);
#2353=EDGE_CURVE('',#1869,#1876,#1626,.T.);
#2354=EDGE_CURVE('',#1691,#1877,#870,.T.);
#2355=EDGE_CURVE('',#1878,#1877,#871,.T.);
#2356=EDGE_CURVE('',#1693,#1878,#872,.T.);
#2357=EDGE_CURVE('',#1879,#1878,#1627,.T.);
#2358=EDGE_CURVE('',#1694,#1879,#873,.T.);
#2359=EDGE_CURVE('',#1880,#1879,#874,.T.);
#2360=EDGE_CURVE('',#1695,#1880,#875,.T.);
#2361=EDGE_CURVE('',#1881,#1880,#1628,.T.);
#2362=EDGE_CURVE('',#1696,#1881,#876,.T.);
#2363=EDGE_CURVE('',#1882,#1881,#877,.T.);
#2364=EDGE_CURVE('',#1697,#1882,#878,.T.);
#2365=EDGE_CURVE('',#1883,#1882,#1629,.T.);
#2366=EDGE_CURVE('',#1698,#1883,#879,.T.);
#2367=EDGE_CURVE('',#1884,#1883,#880,.T.);
#2368=EDGE_CURVE('',#1692,#1884,#881,.T.);
#2369=EDGE_CURVE('',#1877,#1884,#1630,.T.);
#2370=EDGE_CURVE('',#1885,#1886,#1631,.T.);
#2371=EDGE_CURVE('',#1886,#1887,#882,.T.);
#2372=EDGE_CURVE('',#1887,#1888,#883,.T.);
#2373=EDGE_CURVE('',#1888,#1889,#884,.T.);
#2374=EDGE_CURVE('',#1889,#1890,#1632,.T.);
#2375=EDGE_CURVE('',#1890,#1891,#885,.T.);
#2376=EDGE_CURVE('',#1891,#1892,#886,.T.);
#2377=EDGE_CURVE('',#1892,#1893,#887,.T.);
#2378=EDGE_CURVE('',#1893,#1894,#1633,.T.);
#2379=EDGE_CURVE('',#1894,#1895,#888,.T.);
#2380=EDGE_CURVE('',#1895,#1896,#889,.T.);
#2381=EDGE_CURVE('',#1896,#1897,#890,.T.);
#2382=EDGE_CURVE('',#1897,#1898,#1634,.T.);
#2383=EDGE_CURVE('',#1898,#1899,#891,.T.);
#2384=EDGE_CURVE('',#1899,#1900,#892,.T.);
#2385=EDGE_CURVE('',#1900,#1885,#893,.T.);
#2386=EDGE_CURVE('',#1851,#1901,#894,.T.);
#2387=EDGE_CURVE('',#1901,#1902,#895,.T.);
#2388=EDGE_CURVE('',#1902,#1903,#1635,.T.);
#2389=EDGE_CURVE('',#1903,#1904,#896,.T.);
#2390=EDGE_CURVE('',#1904,#1905,#897,.T.);
#2391=EDGE_CURVE('',#1905,#1906,#898,.T.);
#2392=EDGE_CURVE('',#1906,#1907,#1636,.T.);
#2393=EDGE_CURVE('',#1907,#1908,#899,.T.);
#2394=EDGE_CURVE('',#1908,#1852,#900,.T.);
#2395=EDGE_CURVE('',#1909,#1910,#901,.T.);
#2396=EDGE_CURVE('',#1910,#1902,#902,.T.);
#2397=EDGE_CURVE('',#1909,#1901,#903,.T.);
#2398=EDGE_CURVE('',#1911,#1909,#904,.T.);
#2399=EDGE_CURVE('',#1911,#1681,#905,.T.);
#2400=EDGE_CURVE('',#1912,#1911,#906,.T.);
#2401=EDGE_CURVE('',#1912,#1690,#907,.T.);
#2402=EDGE_CURVE('',#1913,#1912,#1637,.T.);
#2403=EDGE_CURVE('',#1913,#1689,#908,.T.);
#2404=EDGE_CURVE('',#1914,#1913,#909,.T.);
#2405=EDGE_CURVE('',#1914,#1688,#910,.T.);
#2406=EDGE_CURVE('',#1915,#1914,#911,.T.);
#2407=EDGE_CURVE('',#1915,#1687,#912,.T.);
#2408=EDGE_CURVE('',#1916,#1915,#913,.T.);
#2409=EDGE_CURVE('',#1916,#1686,#914,.T.);
#2410=EDGE_CURVE('',#1917,#1916,#1638,.T.);
#2411=EDGE_CURVE('',#1917,#1685,#915,.T.);
#2412=EDGE_CURVE('',#1918,#1917,#916,.T.);
#2413=EDGE_CURVE('',#1918,#1684,#917,.T.);
#2414=EDGE_CURVE('',#1919,#1918,#918,.T.);
#2415=EDGE_CURVE('',#1919,#1908,#919,.T.);
#2416=EDGE_CURVE('',#1920,#1919,#920,.T.);
#2417=EDGE_CURVE('',#1920,#1907,#921,.T.);
#2418=EDGE_CURVE('',#1921,#1920,#1639,.T.);
#2419=EDGE_CURVE('',#1921,#1906,#922,.T.);
#2420=EDGE_CURVE('',#1922,#1921,#923,.T.);
#2421=EDGE_CURVE('',#1922,#1905,#924,.T.);
#2422=EDGE_CURVE('',#1923,#1922,#925,.T.);
#2423=EDGE_CURVE('',#1923,#1904,#926,.T.);
#2424=EDGE_CURVE('',#1924,#1923,#927,.T.);
#2425=EDGE_CURVE('',#1924,#1903,#928,.T.);
#2426=EDGE_CURVE('',#1910,#1924,#1640,.T.);
#2427=EDGE_CURVE('',#1925,#1926,#1641,.T.);
#2428=EDGE_CURVE('',#1926,#1886,#929,.T.);
#2429=EDGE_CURVE('',#1925,#1885,#930,.T.);
#2430=EDGE_CURVE('',#1927,#1925,#931,.T.);
#2431=EDGE_CURVE('',#1927,#1900,#932,.T.);
#2432=EDGE_CURVE('',#1928,#1927,#933,.T.);
#2433=EDGE_CURVE('',#1928,#1899,#934,.T.);
#2434=EDGE_CURVE('',#1929,#1928,#935,.T.);
#2435=EDGE_CURVE('',#1929,#1898,#936,.T.);
#2436=EDGE_CURVE('',#1930,#1929,#1642,.T.);
#2437=EDGE_CURVE('',#1930,#1897,#937,.T.);
#2438=EDGE_CURVE('',#1931,#1930,#938,.T.);
#2439=EDGE_CURVE('',#1931,#1896,#939,.T.);
#2440=EDGE_CURVE('',#1932,#1931,#940,.T.);
#2441=EDGE_CURVE('',#1932,#1895,#941,.T.);
#2442=EDGE_CURVE('',#1933,#1932,#942,.T.);
#2443=EDGE_CURVE('',#1933,#1894,#943,.T.);
#2444=EDGE_CURVE('',#1934,#1933,#1643,.T.);
#2445=EDGE_CURVE('',#1934,#1893,#944,.T.);
#2446=EDGE_CURVE('',#1935,#1934,#945,.T.);
#2447=EDGE_CURVE('',#1935,#1892,#946,.T.);
#2448=EDGE_CURVE('',#1936,#1935,#947,.T.);
#2449=EDGE_CURVE('',#1936,#1891,#948,.T.);
#2450=EDGE_CURVE('',#1937,#1936,#949,.T.);
#2451=EDGE_CURVE('',#1937,#1890,#950,.T.);
#2452=EDGE_CURVE('',#1938,#1937,#1644,.T.);
#2453=EDGE_CURVE('',#1938,#1889,#951,.T.);
#2454=EDGE_CURVE('',#1939,#1938,#952,.T.);
#2455=EDGE_CURVE('',#1939,#1888,#953,.T.);
#2456=EDGE_CURVE('',#1940,#1939,#954,.T.);
#2457=EDGE_CURVE('',#1940,#1887,#955,.T.);
#2458=EDGE_CURVE('',#1926,#1940,#956,.T.);
#2459=EDGE_CURVE('',#1941,#1941,#1645,.T.);
#2460=EDGE_CURVE('',#1941,#1942,#957,.T.);
#2461=EDGE_CURVE('',#1942,#1942,#1646,.T.);
#2462=EDGE_CURVE('',#1943,#1944,#958,.T.);
#2463=EDGE_CURVE('',#1945,#1944,#959,.T.);
#2464=EDGE_CURVE('',#1946,#1945,#960,.T.);
#2465=EDGE_CURVE('',#1947,#1946,#1647,.T.);
#2466=EDGE_CURVE('',#1948,#1947,#961,.T.);
#2467=EDGE_CURVE('',#1949,#1948,#962,.T.);
#2468=EDGE_CURVE('',#1950,#1949,#963,.T.);
#2469=EDGE_CURVE('',#1951,#1950,#1648,.T.);
#2470=EDGE_CURVE('',#1952,#1951,#964,.T.);
#2471=EDGE_CURVE('',#1943,#1952,#965,.T.);
#2472=EDGE_CURVE('',#1953,#1953,#1649,.T.);
#2473=EDGE_CURVE('',#1954,#1955,#1650,.T.);
#2474=EDGE_CURVE('',#1956,#1954,#966,.T.);
#2475=EDGE_CURVE('',#1957,#1956,#1651,.T.);
#2476=EDGE_CURVE('',#1958,#1957,#967,.T.);
#2477=EDGE_CURVE('',#1959,#1958,#1652,.T.);
#2478=EDGE_CURVE('',#1960,#1959,#968,.T.);
#2479=EDGE_CURVE('',#1961,#1960,#1653,.T.);
#2480=EDGE_CURVE('',#1955,#1961,#969,.T.);
#2481=EDGE_CURVE('',#1962,#1963,#970,.T.);
#2482=EDGE_CURVE('',#1964,#1962,#1654,.T.);
#2483=EDGE_CURVE('',#1965,#1964,#971,.T.);
#2484=EDGE_CURVE('',#1966,#1965,#1655,.T.);
#2485=EDGE_CURVE('',#1967,#1966,#972,.T.);
#2486=EDGE_CURVE('',#1968,#1967,#1656,.T.);
#2487=EDGE_CURVE('',#1969,#1968,#973,.T.);
#2488=EDGE_CURVE('',#1963,#1969,#1657,.T.);
#2489=EDGE_CURVE('',#1970,#1971,#974,.T.);
#2490=EDGE_CURVE('',#1972,#1970,#975,.T.);
#2491=EDGE_CURVE('',#1973,#1972,#976,.T.);
#2492=EDGE_CURVE('',#1971,#1973,#977,.T.);
#2493=EDGE_CURVE('',#1953,#1974,#978,.T.);
#2494=EDGE_CURVE('',#1974,#1974,#1658,.T.);
#2495=EDGE_CURVE('',#1975,#1976,#1659,.T.);
#2496=EDGE_CURVE('',#1976,#1977,#979,.T.);
#2497=EDGE_CURVE('',#1977,#1978,#1660,.T.);
#2498=EDGE_CURVE('',#1978,#1975,#25,.T.);
#2499=EDGE_CURVE('',#1979,#1977,#980,.T.);
#2500=EDGE_CURVE('',#1976,#1980,#981,.T.);
#2501=EDGE_CURVE('',#1980,#1979,#982,.T.);
#2502=EDGE_CURVE('',#1981,#1975,#983,.T.);
#2503=EDGE_CURVE('',#1978,#1982,#984,.T.);
#2504=EDGE_CURVE('',#1982,#1981,#26,.T.);
#2505=EDGE_CURVE('',#1980,#1983,#985,.T.);
#2506=EDGE_CURVE('',#1983,#1984,#986,.T.);
#2507=EDGE_CURVE('',#1984,#1979,#987,.T.);
#2508=EDGE_CURVE('',#1985,#1986,#988,.T.);
#2509=EDGE_CURVE('',#1986,#1987,#989,.T.);
#2510=EDGE_CURVE('',#1987,#1988,#990,.T.);
#2511=EDGE_CURVE('',#1988,#1985,#991,.T.);
#2512=EDGE_CURVE('',#1982,#1987,#1661,.T.);
#2513=EDGE_CURVE('',#1986,#1981,#1662,.T.);
#2514=EDGE_CURVE('',#1988,#1989,#992,.T.);
#2515=EDGE_CURVE('',#1989,#1990,#993,.T.);
#2516=EDGE_CURVE('',#1990,#1985,#994,.T.);
#2517=EDGE_CURVE('',#1991,#1992,#27,.T.);
#2518=EDGE_CURVE('',#1992,#1993,#995,.T.);
#2519=EDGE_CURVE('',#1993,#1994,#28,.T.);
#2520=EDGE_CURVE('',#1994,#1995,#29,.T.);
#2521=EDGE_CURVE('',#1995,#1991,#30,.T.);
#2522=EDGE_CURVE('',#1994,#1996,#996,.T.);
#2523=EDGE_CURVE('',#1996,#1997,#31,.T.);
#2524=EDGE_CURVE('',#1997,#1995,#997,.T.);
#2525=EDGE_CURVE('',#1996,#1998,#32,.T.);
#2526=EDGE_CURVE('',#1998,#1999,#998,.T.);
#2527=EDGE_CURVE('',#1999,#2000,#33,.T.);
#2528=EDGE_CURVE('',#2000,#1997,#34,.T.);
#2529=EDGE_CURVE('',#1998,#1984,#35,.T.);
#2530=EDGE_CURVE('',#1983,#1999,#36,.T.);
#2531=EDGE_CURVE('',#1989,#1993,#37,.T.);
#2532=EDGE_CURVE('',#1992,#1990,#38,.T.);
#2533=EDGE_CURVE('',#1963,#1975,#999,.T.);
#2534=EDGE_CURVE('',#1969,#1976,#1000,.T.);
#2535=EDGE_CURVE('',#1962,#1981,#1001,.T.);
#2536=EDGE_CURVE('',#1964,#1986,#1002,.T.);
#2537=EDGE_CURVE('',#1965,#1992,#1003,.T.);
#2538=EDGE_CURVE('',#1966,#1991,#1004,.T.);
#2539=EDGE_CURVE('',#1988,#2001,#1005,.T.);
#2540=EDGE_CURVE('',#2001,#1944,#1006,.T.);
#2541=EDGE_CURVE('',#1943,#2002,#1007,.T.);
#2542=EDGE_CURVE('',#2002,#2003,#1008,.T.);
#2543=EDGE_CURVE('',#2004,#2003,#1009,.T.);
#2544=EDGE_CURVE('',#2004,#2005,#1010,.T.);
#2545=EDGE_CURVE('',#2006,#2005,#1011,.T.);
#2546=EDGE_CURVE('',#2006,#2007,#1012,.T.);
#2547=EDGE_CURVE('',#2007,#2008,#1013,.T.);
#2548=EDGE_CURVE('',#2008,#2009,#1014,.T.);
#2549=EDGE_CURVE('',#2010,#2009,#1015,.T.);
#2550=EDGE_CURVE('',#2010,#2011,#1016,.T.);
#2551=EDGE_CURVE('',#2012,#2011,#1017,.T.);
#2552=EDGE_CURVE('',#2012,#1979,#1018,.T.);
#2553=EDGE_CURVE('',#2012,#2013,#1019,.T.);
#2554=EDGE_CURVE('',#2011,#2014,#1020,.T.);
#2555=EDGE_CURVE('',#2014,#2013,#1021,.T.);
#2556=EDGE_CURVE('',#2014,#2015,#1022,.T.);
#2557=EDGE_CURVE('',#2015,#2016,#1023,.T.);
#2558=EDGE_CURVE('',#2013,#2016,#1024,.T.);
#2559=EDGE_CURVE('',#2015,#2004,#1025,.T.);
#2560=EDGE_CURVE('',#2016,#2003,#1026,.T.);
#2561=EDGE_CURVE('',#2017,#2010,#1027,.T.);
#2562=EDGE_CURVE('',#2018,#2017,#1028,.T.);
#2563=EDGE_CURVE('',#2005,#2018,#1029,.T.);
#2564=EDGE_CURVE('',#2019,#2006,#1030,.T.);
#2565=EDGE_CURVE('',#2018,#2019,#1031,.T.);
#2566=EDGE_CURVE('',#2020,#2019,#1032,.T.);
#2567=EDGE_CURVE('',#2017,#2020,#1033,.T.);
#2568=EDGE_CURVE('',#2009,#2020,#1034,.T.);
#2569=EDGE_CURVE('',#2021,#2019,#1035,.T.);
#2570=EDGE_CURVE('',#2021,#2022,#1036,.T.);
#2571=EDGE_CURVE('',#2022,#2007,#1037,.T.);
#2572=EDGE_CURVE('',#2023,#2008,#1038,.T.);
#2573=EDGE_CURVE('',#2023,#2024,#1039,.T.);
#2574=EDGE_CURVE('',#2024,#2020,#1040,.T.);
#2575=EDGE_CURVE('',#1971,#2025,#1041,.T.);
#2576=EDGE_CURVE('',#2025,#2026,#1042,.T.);
#2577=EDGE_CURVE('',#2026,#1970,#1043,.T.);
#2578=EDGE_CURVE('',#1973,#2027,#1044,.T.);
#2579=EDGE_CURVE('',#2027,#2025,#1045,.T.);
#2580=EDGE_CURVE('',#1972,#2028,#1046,.T.);
#2581=EDGE_CURVE('',#2028,#2027,#1047,.T.);
#2582=EDGE_CURVE('',#2026,#2028,#1048,.T.);
#2583=EDGE_CURVE('',#2026,#2029,#1049,.T.);
#2584=EDGE_CURVE('',#2029,#2030,#1050,.T.);
#2585=EDGE_CURVE('',#2028,#2030,#1051,.T.);
#2586=EDGE_CURVE('',#2025,#2031,#1052,.T.);
#2587=EDGE_CURVE('',#2031,#2029,#1053,.T.);
#2588=EDGE_CURVE('',#2027,#2032,#1054,.T.);
#2589=EDGE_CURVE('',#2032,#2031,#1055,.T.);
#2590=EDGE_CURVE('',#2030,#2032,#1056,.T.);
#2591=EDGE_CURVE('',#2022,#2023,#1057,.T.);
#2592=EDGE_CURVE('',#2024,#2021,#1058,.T.);
#2593=EDGE_CURVE('',#2033,#2034,#1059,.T.);
#2594=EDGE_CURVE('',#2034,#2035,#1060,.T.);
#2595=EDGE_CURVE('',#2035,#2036,#1061,.T.);
#2596=EDGE_CURVE('',#2036,#2033,#1062,.T.);
#2597=EDGE_CURVE('',#2037,#2038,#1063,.T.);
#2598=EDGE_CURVE('',#2038,#2034,#1663,.T.);
#2599=EDGE_CURVE('',#2033,#2037,#1664,.T.);
#2600=EDGE_CURVE('',#2039,#2040,#1064,.T.);
#2601=EDGE_CURVE('',#2040,#2038,#1065,.T.);
#2602=EDGE_CURVE('',#2037,#2039,#1066,.T.);
#2603=EDGE_CURVE('',#2041,#2042,#1067,.T.);
#2604=EDGE_CURVE('',#2042,#2040,#1665,.T.);
#2605=EDGE_CURVE('',#2039,#2041,#1666,.T.);
#2606=EDGE_CURVE('',#2043,#2044,#1068,.T.);
#2607=EDGE_CURVE('',#2044,#2042,#1069,.T.);
#2608=EDGE_CURVE('',#2041,#2043,#1070,.T.);
#2609=EDGE_CURVE('',#2045,#2046,#1071,.T.);
#2610=EDGE_CURVE('',#2046,#2044,#1667,.T.);
#2611=EDGE_CURVE('',#2043,#2045,#1668,.T.);
#2612=EDGE_CURVE('',#2047,#2048,#1072,.T.);
#2613=EDGE_CURVE('',#2048,#2046,#1073,.T.);
#2614=EDGE_CURVE('',#2045,#2047,#1074,.T.);
#2615=EDGE_CURVE('',#2035,#2048,#1669,.T.);
#2616=EDGE_CURVE('',#2047,#2036,#1670,.T.);
#2617=EDGE_CURVE('',#1954,#2039,#1075,.T.);
#2618=EDGE_CURVE('',#1955,#2041,#1076,.T.);
#2619=EDGE_CURVE('',#1956,#2037,#1077,.T.);
#2620=EDGE_CURVE('',#1957,#2033,#1078,.T.);
#2621=EDGE_CURVE('',#1958,#2036,#1079,.T.);
#2622=EDGE_CURVE('',#2002,#2049,#1080,.T.);
#2623=EDGE_CURVE('',#2049,#2050,#1081,.T.);
#2624=EDGE_CURVE('',#2050,#2051,#1671,.T.);
#2625=EDGE_CURVE('',#2051,#2052,#1082,.T.);
#2626=EDGE_CURVE('',#2052,#2053,#1083,.T.);
#2627=EDGE_CURVE('',#2053,#2054,#1084,.T.);
#2628=EDGE_CURVE('',#2054,#2055,#1672,.T.);
#2629=EDGE_CURVE('',#2055,#2056,#1085,.T.);
#2630=EDGE_CURVE('',#2056,#2001,#1086,.T.);
#2631=EDGE_CURVE('',#1968,#1999,#1087,.T.);
#2632=EDGE_CURVE('',#1952,#2049,#1088,.T.);
#2633=EDGE_CURVE('',#1959,#2047,#1089,.T.);
#2634=EDGE_CURVE('',#1960,#2045,#1090,.T.);
#2635=EDGE_CURVE('',#1961,#2043,#1091,.T.);
#2636=EDGE_CURVE('',#1967,#2000,#1092,.T.);
#2637=EDGE_CURVE('',#1945,#2056,#1093,.T.);
#2638=EDGE_CURVE('',#1946,#2055,#1094,.T.);
#2639=EDGE_CURVE('',#1947,#2054,#1095,.T.);
#2640=EDGE_CURVE('',#1948,#2053,#1096,.T.);
#2641=EDGE_CURVE('',#1949,#2052,#1097,.T.);
#2642=EDGE_CURVE('',#1950,#2051,#1098,.T.);
#2643=EDGE_CURVE('',#1951,#2050,#1099,.T.);
#2644=ORIENTED_EDGE('',*,*,#2057,.F.);
#2645=ORIENTED_EDGE('',*,*,#2058,.T.);
#2646=ORIENTED_EDGE('',*,*,#2059,.F.);
#2647=ORIENTED_EDGE('',*,*,#2058,.F.);
#2648=ORIENTED_EDGE('',*,*,#2060,.F.);
#2649=ORIENTED_EDGE('',*,*,#2061,.T.);
#2650=ORIENTED_EDGE('',*,*,#2062,.F.);
#2651=ORIENTED_EDGE('',*,*,#2061,.F.);
#2652=ORIENTED_EDGE('',*,*,#2063,.F.);
#2653=ORIENTED_EDGE('',*,*,#2064,.T.);
#2654=ORIENTED_EDGE('',*,*,#2065,.F.);
#2655=ORIENTED_EDGE('',*,*,#2064,.F.);
#2656=ORIENTED_EDGE('',*,*,#2066,.F.);
#2657=ORIENTED_EDGE('',*,*,#2067,.T.);
#2658=ORIENTED_EDGE('',*,*,#2068,.F.);
#2659=ORIENTED_EDGE('',*,*,#2067,.F.);
#2660=ORIENTED_EDGE('',*,*,#2069,.T.);
#2661=ORIENTED_EDGE('',*,*,#2070,.F.);
#2662=ORIENTED_EDGE('',*,*,#2071,.T.);
#2663=ORIENTED_EDGE('',*,*,#2072,.T.);
#2664=ORIENTED_EDGE('',*,*,#2073,.T.);
#2665=ORIENTED_EDGE('',*,*,#2074,.T.);
#2666=ORIENTED_EDGE('',*,*,#2075,.T.);
#2667=ORIENTED_EDGE('',*,*,#2076,.T.);
#2668=ORIENTED_EDGE('',*,*,#2077,.T.);
#2669=ORIENTED_EDGE('',*,*,#2078,.T.);
#2670=ORIENTED_EDGE('',*,*,#2079,.F.);
#2671=ORIENTED_EDGE('',*,*,#2080,.F.);
#2672=ORIENTED_EDGE('',*,*,#2081,.F.);
#2673=ORIENTED_EDGE('',*,*,#2082,.F.);
#2674=ORIENTED_EDGE('',*,*,#2083,.F.);
#2675=ORIENTED_EDGE('',*,*,#2084,.F.);
#2676=ORIENTED_EDGE('',*,*,#2085,.F.);
#2677=ORIENTED_EDGE('',*,*,#2086,.F.);
#2678=ORIENTED_EDGE('',*,*,#2087,.F.);
#2679=ORIENTED_EDGE('',*,*,#2088,.F.);
#2680=ORIENTED_EDGE('',*,*,#2089,.F.);
#2681=ORIENTED_EDGE('',*,*,#2090,.F.);
#2682=ORIENTED_EDGE('',*,*,#2091,.F.);
#2683=ORIENTED_EDGE('',*,*,#2092,.F.);
#2684=ORIENTED_EDGE('',*,*,#2093,.F.);
#2685=ORIENTED_EDGE('',*,*,#2094,.F.);
#2686=ORIENTED_EDGE('',*,*,#2095,.F.);
#2687=ORIENTED_EDGE('',*,*,#2096,.F.);
#2688=ORIENTED_EDGE('',*,*,#2097,.F.);
#2689=ORIENTED_EDGE('',*,*,#2098,.F.);
#2690=ORIENTED_EDGE('',*,*,#2099,.F.);
#2691=ORIENTED_EDGE('',*,*,#2100,.F.);
#2692=ORIENTED_EDGE('',*,*,#2101,.F.);
#2693=ORIENTED_EDGE('',*,*,#2102,.F.);
#2694=ORIENTED_EDGE('',*,*,#2103,.F.);
#2695=ORIENTED_EDGE('',*,*,#2104,.F.);
#2696=ORIENTED_EDGE('',*,*,#2105,.F.);
#2697=ORIENTED_EDGE('',*,*,#2106,.F.);
#2698=ORIENTED_EDGE('',*,*,#2107,.F.);
#2699=ORIENTED_EDGE('',*,*,#2108,.F.);
#2700=ORIENTED_EDGE('',*,*,#2109,.F.);
#2701=ORIENTED_EDGE('',*,*,#2110,.F.);
#2702=ORIENTED_EDGE('',*,*,#2111,.F.);
#2703=ORIENTED_EDGE('',*,*,#2112,.F.);
#2704=ORIENTED_EDGE('',*,*,#2113,.F.);
#2705=ORIENTED_EDGE('',*,*,#2114,.F.);
#2706=ORIENTED_EDGE('',*,*,#2115,.F.);
#2707=ORIENTED_EDGE('',*,*,#2116,.F.);
#2708=ORIENTED_EDGE('',*,*,#2117,.F.);
#2709=ORIENTED_EDGE('',*,*,#2118,.F.);
#2710=ORIENTED_EDGE('',*,*,#2119,.F.);
#2711=ORIENTED_EDGE('',*,*,#2120,.F.);
#2712=ORIENTED_EDGE('',*,*,#2121,.F.);
#2713=ORIENTED_EDGE('',*,*,#2122,.F.);
#2714=ORIENTED_EDGE('',*,*,#2123,.F.);
#2715=ORIENTED_EDGE('',*,*,#2124,.F.);
#2716=ORIENTED_EDGE('',*,*,#2125,.F.);
#2717=ORIENTED_EDGE('',*,*,#2126,.F.);
#2718=ORIENTED_EDGE('',*,*,#2127,.F.);
#2719=ORIENTED_EDGE('',*,*,#2128,.F.);
#2720=ORIENTED_EDGE('',*,*,#2129,.F.);
#2721=ORIENTED_EDGE('',*,*,#2130,.F.);
#2722=ORIENTED_EDGE('',*,*,#2131,.F.);
#2723=ORIENTED_EDGE('',*,*,#2132,.F.);
#2724=ORIENTED_EDGE('',*,*,#2133,.F.);
#2725=ORIENTED_EDGE('',*,*,#2134,.F.);
#2726=ORIENTED_EDGE('',*,*,#2135,.F.);
#2727=ORIENTED_EDGE('',*,*,#2136,.F.);
#2728=ORIENTED_EDGE('',*,*,#2137,.F.);
#2729=ORIENTED_EDGE('',*,*,#2138,.F.);
#2730=ORIENTED_EDGE('',*,*,#2139,.F.);
#2731=ORIENTED_EDGE('',*,*,#2140,.F.);
#2732=ORIENTED_EDGE('',*,*,#2141,.F.);
#2733=ORIENTED_EDGE('',*,*,#2142,.F.);
#2734=ORIENTED_EDGE('',*,*,#2143,.F.);
#2735=ORIENTED_EDGE('',*,*,#2144,.F.);
#2736=ORIENTED_EDGE('',*,*,#2145,.F.);
#2737=ORIENTED_EDGE('',*,*,#2146,.F.);
#2738=ORIENTED_EDGE('',*,*,#2147,.F.);
#2739=ORIENTED_EDGE('',*,*,#2148,.F.);
#2740=ORIENTED_EDGE('',*,*,#2149,.F.);
#2741=ORIENTED_EDGE('',*,*,#2150,.F.);
#2742=ORIENTED_EDGE('',*,*,#2151,.F.);
#2743=ORIENTED_EDGE('',*,*,#2152,.F.);
#2744=ORIENTED_EDGE('',*,*,#2153,.F.);
#2745=ORIENTED_EDGE('',*,*,#2154,.F.);
#2746=ORIENTED_EDGE('',*,*,#2155,.F.);
#2747=ORIENTED_EDGE('',*,*,#2156,.F.);
#2748=ORIENTED_EDGE('',*,*,#2157,.F.);
#2749=ORIENTED_EDGE('',*,*,#2158,.F.);
#2750=ORIENTED_EDGE('',*,*,#2159,.F.);
#2751=ORIENTED_EDGE('',*,*,#2160,.F.);
#2752=ORIENTED_EDGE('',*,*,#2161,.F.);
#2753=ORIENTED_EDGE('',*,*,#2162,.F.);
#2754=ORIENTED_EDGE('',*,*,#2163,.F.);
#2755=ORIENTED_EDGE('',*,*,#2164,.F.);
#2756=ORIENTED_EDGE('',*,*,#2165,.F.);
#2757=ORIENTED_EDGE('',*,*,#2166,.F.);
#2758=ORIENTED_EDGE('',*,*,#2167,.F.);
#2759=ORIENTED_EDGE('',*,*,#2168,.F.);
#2760=ORIENTED_EDGE('',*,*,#2169,.F.);
#2761=ORIENTED_EDGE('',*,*,#2170,.F.);
#2762=ORIENTED_EDGE('',*,*,#2171,.F.);
#2763=ORIENTED_EDGE('',*,*,#2172,.F.);
#2764=ORIENTED_EDGE('',*,*,#2173,.F.);
#2765=ORIENTED_EDGE('',*,*,#2174,.F.);
#2766=ORIENTED_EDGE('',*,*,#2068,.T.);
#2767=ORIENTED_EDGE('',*,*,#2065,.T.);
#2768=ORIENTED_EDGE('',*,*,#2062,.T.);
#2769=ORIENTED_EDGE('',*,*,#2059,.T.);
#2770=ORIENTED_EDGE('',*,*,#2168,.T.);
#2771=ORIENTED_EDGE('',*,*,#2175,.T.);
#2772=ORIENTED_EDGE('',*,*,#2176,.F.);
#2773=ORIENTED_EDGE('',*,*,#2177,.F.);
#2774=ORIENTED_EDGE('',*,*,#2169,.T.);
#2775=ORIENTED_EDGE('',*,*,#2177,.T.);
#2776=ORIENTED_EDGE('',*,*,#2178,.F.);
#2777=ORIENTED_EDGE('',*,*,#2179,.F.);
#2778=ORIENTED_EDGE('',*,*,#2170,.T.);
#2779=ORIENTED_EDGE('',*,*,#2179,.T.);
#2780=ORIENTED_EDGE('',*,*,#2180,.F.);
#2781=ORIENTED_EDGE('',*,*,#2181,.F.);
#2782=ORIENTED_EDGE('',*,*,#2171,.T.);
#2783=ORIENTED_EDGE('',*,*,#2181,.T.);
#2784=ORIENTED_EDGE('',*,*,#2182,.F.);
#2785=ORIENTED_EDGE('',*,*,#2183,.F.);
#2786=ORIENTED_EDGE('',*,*,#2172,.T.);
#2787=ORIENTED_EDGE('',*,*,#2183,.T.);
#2788=ORIENTED_EDGE('',*,*,#2184,.F.);
#2789=ORIENTED_EDGE('',*,*,#2185,.F.);
#2790=ORIENTED_EDGE('',*,*,#2173,.T.);
#2791=ORIENTED_EDGE('',*,*,#2185,.T.);
#2792=ORIENTED_EDGE('',*,*,#2186,.F.);
#2793=ORIENTED_EDGE('',*,*,#2187,.F.);
#2794=ORIENTED_EDGE('',*,*,#2174,.T.);
#2795=ORIENTED_EDGE('',*,*,#2187,.T.);
#2796=ORIENTED_EDGE('',*,*,#2188,.F.);
#2797=ORIENTED_EDGE('',*,*,#2189,.F.);
#2798=ORIENTED_EDGE('',*,*,#2167,.T.);
#2799=ORIENTED_EDGE('',*,*,#2189,.T.);
#2800=ORIENTED_EDGE('',*,*,#2190,.F.);
#2801=ORIENTED_EDGE('',*,*,#2175,.F.);
#2802=ORIENTED_EDGE('',*,*,#2160,.T.);
#2803=ORIENTED_EDGE('',*,*,#2191,.T.);
#2804=ORIENTED_EDGE('',*,*,#2192,.F.);
#2805=ORIENTED_EDGE('',*,*,#2193,.F.);
#2806=ORIENTED_EDGE('',*,*,#2161,.T.);
#2807=ORIENTED_EDGE('',*,*,#2193,.T.);
#2808=ORIENTED_EDGE('',*,*,#2194,.F.);
#2809=ORIENTED_EDGE('',*,*,#2195,.F.);
#2810=ORIENTED_EDGE('',*,*,#2162,.T.);
#2811=ORIENTED_EDGE('',*,*,#2195,.T.);
#2812=ORIENTED_EDGE('',*,*,#2196,.F.);
#2813=ORIENTED_EDGE('',*,*,#2197,.F.);
#2814=ORIENTED_EDGE('',*,*,#2163,.T.);
#2815=ORIENTED_EDGE('',*,*,#2197,.T.);
#2816=ORIENTED_EDGE('',*,*,#2198,.F.);
#2817=ORIENTED_EDGE('',*,*,#2199,.F.);
#2818=ORIENTED_EDGE('',*,*,#2164,.T.);
#2819=ORIENTED_EDGE('',*,*,#2199,.T.);
#2820=ORIENTED_EDGE('',*,*,#2200,.F.);
#2821=ORIENTED_EDGE('',*,*,#2201,.F.);
#2822=ORIENTED_EDGE('',*,*,#2165,.T.);
#2823=ORIENTED_EDGE('',*,*,#2201,.T.);
#2824=ORIENTED_EDGE('',*,*,#2202,.F.);
#2825=ORIENTED_EDGE('',*,*,#2203,.F.);
#2826=ORIENTED_EDGE('',*,*,#2166,.T.);
#2827=ORIENTED_EDGE('',*,*,#2203,.T.);
#2828=ORIENTED_EDGE('',*,*,#2204,.F.);
#2829=ORIENTED_EDGE('',*,*,#2205,.F.);
#2830=ORIENTED_EDGE('',*,*,#2159,.T.);
#2831=ORIENTED_EDGE('',*,*,#2205,.T.);
#2832=ORIENTED_EDGE('',*,*,#2206,.F.);
#2833=ORIENTED_EDGE('',*,*,#2191,.F.);
#2834=ORIENTED_EDGE('',*,*,#2152,.T.);
#2835=ORIENTED_EDGE('',*,*,#2207,.T.);
#2836=ORIENTED_EDGE('',*,*,#2208,.F.);
#2837=ORIENTED_EDGE('',*,*,#2209,.F.);
#2838=ORIENTED_EDGE('',*,*,#2153,.T.);
#2839=ORIENTED_EDGE('',*,*,#2209,.T.);
#2840=ORIENTED_EDGE('',*,*,#2210,.F.);
#2841=ORIENTED_EDGE('',*,*,#2211,.F.);
#2842=ORIENTED_EDGE('',*,*,#2154,.T.);
#2843=ORIENTED_EDGE('',*,*,#2211,.T.);
#2844=ORIENTED_EDGE('',*,*,#2212,.F.);
#2845=ORIENTED_EDGE('',*,*,#2213,.F.);
#2846=ORIENTED_EDGE('',*,*,#2155,.T.);
#2847=ORIENTED_EDGE('',*,*,#2213,.T.);
#2848=ORIENTED_EDGE('',*,*,#2214,.F.);
#2849=ORIENTED_EDGE('',*,*,#2215,.F.);
#2850=ORIENTED_EDGE('',*,*,#2156,.T.);
#2851=ORIENTED_EDGE('',*,*,#2215,.T.);
#2852=ORIENTED_EDGE('',*,*,#2216,.F.);
#2853=ORIENTED_EDGE('',*,*,#2217,.F.);
#2854=ORIENTED_EDGE('',*,*,#2157,.T.);
#2855=ORIENTED_EDGE('',*,*,#2217,.T.);
#2856=ORIENTED_EDGE('',*,*,#2218,.F.);
#2857=ORIENTED_EDGE('',*,*,#2219,.F.);
#2858=ORIENTED_EDGE('',*,*,#2158,.T.);
#2859=ORIENTED_EDGE('',*,*,#2219,.T.);
#2860=ORIENTED_EDGE('',*,*,#2220,.F.);
#2861=ORIENTED_EDGE('',*,*,#2221,.F.);
#2862=ORIENTED_EDGE('',*,*,#2151,.T.);
#2863=ORIENTED_EDGE('',*,*,#2221,.T.);
#2864=ORIENTED_EDGE('',*,*,#2222,.F.);
#2865=ORIENTED_EDGE('',*,*,#2207,.F.);
#2866=ORIENTED_EDGE('',*,*,#2144,.T.);
#2867=ORIENTED_EDGE('',*,*,#2223,.T.);
#2868=ORIENTED_EDGE('',*,*,#2224,.F.);
#2869=ORIENTED_EDGE('',*,*,#2225,.F.);
#2870=ORIENTED_EDGE('',*,*,#2145,.T.);
#2871=ORIENTED_EDGE('',*,*,#2225,.T.);
#2872=ORIENTED_EDGE('',*,*,#2226,.F.);
#2873=ORIENTED_EDGE('',*,*,#2227,.F.);
#2874=ORIENTED_EDGE('',*,*,#2146,.T.);
#2875=ORIENTED_EDGE('',*,*,#2227,.T.);
#2876=ORIENTED_EDGE('',*,*,#2228,.F.);
#2877=ORIENTED_EDGE('',*,*,#2229,.F.);
#2878=ORIENTED_EDGE('',*,*,#2147,.T.);
#2879=ORIENTED_EDGE('',*,*,#2229,.T.);
#2880=ORIENTED_EDGE('',*,*,#2230,.F.);
#2881=ORIENTED_EDGE('',*,*,#2231,.F.);
#2882=ORIENTED_EDGE('',*,*,#2148,.T.);
#2883=ORIENTED_EDGE('',*,*,#2231,.T.);
#2884=ORIENTED_EDGE('',*,*,#2232,.F.);
#2885=ORIENTED_EDGE('',*,*,#2233,.F.);
#2886=ORIENTED_EDGE('',*,*,#2149,.T.);
#2887=ORIENTED_EDGE('',*,*,#2233,.T.);
#2888=ORIENTED_EDGE('',*,*,#2234,.F.);
#2889=ORIENTED_EDGE('',*,*,#2235,.F.);
#2890=ORIENTED_EDGE('',*,*,#2150,.T.);
#2891=ORIENTED_EDGE('',*,*,#2235,.T.);
#2892=ORIENTED_EDGE('',*,*,#2236,.F.);
#2893=ORIENTED_EDGE('',*,*,#2237,.F.);
#2894=ORIENTED_EDGE('',*,*,#2143,.T.);
#2895=ORIENTED_EDGE('',*,*,#2237,.T.);
#2896=ORIENTED_EDGE('',*,*,#2238,.F.);
#2897=ORIENTED_EDGE('',*,*,#2223,.F.);
#2898=ORIENTED_EDGE('',*,*,#2136,.T.);
#2899=ORIENTED_EDGE('',*,*,#2239,.T.);
#2900=ORIENTED_EDGE('',*,*,#2240,.F.);
#2901=ORIENTED_EDGE('',*,*,#2241,.F.);
#2902=ORIENTED_EDGE('',*,*,#2137,.T.);
#2903=ORIENTED_EDGE('',*,*,#2241,.T.);
#2904=ORIENTED_EDGE('',*,*,#2242,.F.);
#2905=ORIENTED_EDGE('',*,*,#2243,.F.);
#2906=ORIENTED_EDGE('',*,*,#2138,.T.);
#2907=ORIENTED_EDGE('',*,*,#2243,.T.);
#2908=ORIENTED_EDGE('',*,*,#2244,.F.);
#2909=ORIENTED_EDGE('',*,*,#2245,.F.);
#2910=ORIENTED_EDGE('',*,*,#2139,.T.);
#2911=ORIENTED_EDGE('',*,*,#2245,.T.);
#2912=ORIENTED_EDGE('',*,*,#2246,.F.);
#2913=ORIENTED_EDGE('',*,*,#2247,.F.);
#2914=ORIENTED_EDGE('',*,*,#2140,.T.);
#2915=ORIENTED_EDGE('',*,*,#2247,.T.);
#2916=ORIENTED_EDGE('',*,*,#2248,.F.);
#2917=ORIENTED_EDGE('',*,*,#2249,.F.);
#2918=ORIENTED_EDGE('',*,*,#2141,.T.);
#2919=ORIENTED_EDGE('',*,*,#2249,.T.);
#2920=ORIENTED_EDGE('',*,*,#2250,.F.);
#2921=ORIENTED_EDGE('',*,*,#2251,.F.);
#2922=ORIENTED_EDGE('',*,*,#2142,.T.);
#2923=ORIENTED_EDGE('',*,*,#2251,.T.);
#2924=ORIENTED_EDGE('',*,*,#2252,.F.);
#2925=ORIENTED_EDGE('',*,*,#2253,.F.);
#2926=ORIENTED_EDGE('',*,*,#2135,.T.);
#2927=ORIENTED_EDGE('',*,*,#2253,.T.);
#2928=ORIENTED_EDGE('',*,*,#2254,.F.);
#2929=ORIENTED_EDGE('',*,*,#2239,.F.);
#2930=ORIENTED_EDGE('',*,*,#2128,.T.);
#2931=ORIENTED_EDGE('',*,*,#2255,.T.);
#2932=ORIENTED_EDGE('',*,*,#2256,.F.);
#2933=ORIENTED_EDGE('',*,*,#2257,.F.);
#2934=ORIENTED_EDGE('',*,*,#2129,.T.);
#2935=ORIENTED_EDGE('',*,*,#2257,.T.);
#2936=ORIENTED_EDGE('',*,*,#2258,.F.);
#2937=ORIENTED_EDGE('',*,*,#2259,.F.);
#2938=ORIENTED_EDGE('',*,*,#2130,.T.);
#2939=ORIENTED_EDGE('',*,*,#2259,.T.);
#2940=ORIENTED_EDGE('',*,*,#2260,.F.);
#2941=ORIENTED_EDGE('',*,*,#2261,.F.);
#2942=ORIENTED_EDGE('',*,*,#2131,.T.);
#2943=ORIENTED_EDGE('',*,*,#2261,.T.);
#2944=ORIENTED_EDGE('',*,*,#2262,.F.);
#2945=ORIENTED_EDGE('',*,*,#2263,.F.);
#2946=ORIENTED_EDGE('',*,*,#2132,.T.);
#2947=ORIENTED_EDGE('',*,*,#2263,.T.);
#2948=ORIENTED_EDGE('',*,*,#2264,.F.);
#2949=ORIENTED_EDGE('',*,*,#2265,.F.);
#2950=ORIENTED_EDGE('',*,*,#2133,.T.);
#2951=ORIENTED_EDGE('',*,*,#2265,.T.);
#2952=ORIENTED_EDGE('',*,*,#2266,.F.);
#2953=ORIENTED_EDGE('',*,*,#2267,.F.);
#2954=ORIENTED_EDGE('',*,*,#2134,.T.);
#2955=ORIENTED_EDGE('',*,*,#2267,.T.);
#2956=ORIENTED_EDGE('',*,*,#2268,.F.);
#2957=ORIENTED_EDGE('',*,*,#2269,.F.);
#2958=ORIENTED_EDGE('',*,*,#2127,.T.);
#2959=ORIENTED_EDGE('',*,*,#2269,.T.);
#2960=ORIENTED_EDGE('',*,*,#2270,.F.);
#2961=ORIENTED_EDGE('',*,*,#2255,.F.);
#2962=ORIENTED_EDGE('',*,*,#2120,.T.);
#2963=ORIENTED_EDGE('',*,*,#2271,.T.);
#2964=ORIENTED_EDGE('',*,*,#2272,.F.);
#2965=ORIENTED_EDGE('',*,*,#2273,.F.);
#2966=ORIENTED_EDGE('',*,*,#2121,.T.);
#2967=ORIENTED_EDGE('',*,*,#2273,.T.);
#2968=ORIENTED_EDGE('',*,*,#2274,.F.);
#2969=ORIENTED_EDGE('',*,*,#2275,.F.);
#2970=ORIENTED_EDGE('',*,*,#2122,.T.);
#2971=ORIENTED_EDGE('',*,*,#2275,.T.);
#2972=ORIENTED_EDGE('',*,*,#2276,.F.);
#2973=ORIENTED_EDGE('',*,*,#2277,.F.);
#2974=ORIENTED_EDGE('',*,*,#2123,.T.);
#2975=ORIENTED_EDGE('',*,*,#2277,.T.);
#2976=ORIENTED_EDGE('',*,*,#2278,.F.);
#2977=ORIENTED_EDGE('',*,*,#2279,.F.);
#2978=ORIENTED_EDGE('',*,*,#2124,.T.);
#2979=ORIENTED_EDGE('',*,*,#2279,.T.);
#2980=ORIENTED_EDGE('',*,*,#2280,.F.);
#2981=ORIENTED_EDGE('',*,*,#2281,.F.);
#2982=ORIENTED_EDGE('',*,*,#2125,.T.);
#2983=ORIENTED_EDGE('',*,*,#2281,.T.);
#2984=ORIENTED_EDGE('',*,*,#2282,.F.);
#2985=ORIENTED_EDGE('',*,*,#2283,.F.);
#2986=ORIENTED_EDGE('',*,*,#2126,.T.);
#2987=ORIENTED_EDGE('',*,*,#2283,.T.);
#2988=ORIENTED_EDGE('',*,*,#2284,.F.);
#2989=ORIENTED_EDGE('',*,*,#2285,.F.);
#2990=ORIENTED_EDGE('',*,*,#2119,.T.);
#2991=ORIENTED_EDGE('',*,*,#2285,.T.);
#2992=ORIENTED_EDGE('',*,*,#2286,.F.);
#2993=ORIENTED_EDGE('',*,*,#2271,.F.);
#2994=ORIENTED_EDGE('',*,*,#2112,.T.);
#2995=ORIENTED_EDGE('',*,*,#2287,.T.);
#2996=ORIENTED_EDGE('',*,*,#2288,.F.);
#2997=ORIENTED_EDGE('',*,*,#2289,.F.);
#2998=ORIENTED_EDGE('',*,*,#2113,.T.);
#2999=ORIENTED_EDGE('',*,*,#2289,.T.);
#3000=ORIENTED_EDGE('',*,*,#2290,.F.);
#3001=ORIENTED_EDGE('',*,*,#2291,.F.);
#3002=ORIENTED_EDGE('',*,*,#2114,.T.);
#3003=ORIENTED_EDGE('',*,*,#2291,.T.);
#3004=ORIENTED_EDGE('',*,*,#2292,.F.);
#3005=ORIENTED_EDGE('',*,*,#2293,.F.);
#3006=ORIENTED_EDGE('',*,*,#2115,.T.);
#3007=ORIENTED_EDGE('',*,*,#2293,.T.);
#3008=ORIENTED_EDGE('',*,*,#2294,.F.);
#3009=ORIENTED_EDGE('',*,*,#2295,.F.);
#3010=ORIENTED_EDGE('',*,*,#2116,.T.);
#3011=ORIENTED_EDGE('',*,*,#2295,.T.);
#3012=ORIENTED_EDGE('',*,*,#2296,.F.);
#3013=ORIENTED_EDGE('',*,*,#2297,.F.);
#3014=ORIENTED_EDGE('',*,*,#2117,.T.);
#3015=ORIENTED_EDGE('',*,*,#2297,.T.);
#3016=ORIENTED_EDGE('',*,*,#2298,.F.);
#3017=ORIENTED_EDGE('',*,*,#2299,.F.);
#3018=ORIENTED_EDGE('',*,*,#2118,.T.);
#3019=ORIENTED_EDGE('',*,*,#2299,.T.);
#3020=ORIENTED_EDGE('',*,*,#2300,.F.);
#3021=ORIENTED_EDGE('',*,*,#2301,.F.);
#3022=ORIENTED_EDGE('',*,*,#2111,.T.);
#3023=ORIENTED_EDGE('',*,*,#2301,.T.);
#3024=ORIENTED_EDGE('',*,*,#2302,.F.);
#3025=ORIENTED_EDGE('',*,*,#2287,.F.);
#3026=ORIENTED_EDGE('',*,*,#2070,.T.);
#3027=ORIENTED_EDGE('',*,*,#2303,.T.);
#3028=ORIENTED_EDGE('',*,*,#2304,.F.);
#3029=ORIENTED_EDGE('',*,*,#2305,.F.);
#3030=ORIENTED_EDGE('',*,*,#2104,.T.);
#3031=ORIENTED_EDGE('',*,*,#2306,.T.);
#3032=ORIENTED_EDGE('',*,*,#2307,.F.);
#3033=ORIENTED_EDGE('',*,*,#2308,.F.);
#3034=ORIENTED_EDGE('',*,*,#2105,.T.);
#3035=ORIENTED_EDGE('',*,*,#2308,.T.);
#3036=ORIENTED_EDGE('',*,*,#2309,.F.);
#3037=ORIENTED_EDGE('',*,*,#2310,.F.);
#3038=ORIENTED_EDGE('',*,*,#2106,.T.);
#3039=ORIENTED_EDGE('',*,*,#2310,.T.);
#3040=ORIENTED_EDGE('',*,*,#2311,.F.);
#3041=ORIENTED_EDGE('',*,*,#2312,.F.);
#3042=ORIENTED_EDGE('',*,*,#2107,.T.);
#3043=ORIENTED_EDGE('',*,*,#2312,.T.);
#3044=ORIENTED_EDGE('',*,*,#2313,.F.);
#3045=ORIENTED_EDGE('',*,*,#2314,.F.);
#3046=ORIENTED_EDGE('',*,*,#2108,.T.);
#3047=ORIENTED_EDGE('',*,*,#2314,.T.);
#3048=ORIENTED_EDGE('',*,*,#2315,.F.);
#3049=ORIENTED_EDGE('',*,*,#2316,.F.);
#3050=ORIENTED_EDGE('',*,*,#2109,.T.);
#3051=ORIENTED_EDGE('',*,*,#2316,.T.);
#3052=ORIENTED_EDGE('',*,*,#2317,.F.);
#3053=ORIENTED_EDGE('',*,*,#2318,.F.);
#3054=ORIENTED_EDGE('',*,*,#2110,.T.);
#3055=ORIENTED_EDGE('',*,*,#2318,.T.);
#3056=ORIENTED_EDGE('',*,*,#2319,.F.);
#3057=ORIENTED_EDGE('',*,*,#2320,.F.);
#3058=ORIENTED_EDGE('',*,*,#2103,.T.);
#3059=ORIENTED_EDGE('',*,*,#2320,.T.);
#3060=ORIENTED_EDGE('',*,*,#2321,.F.);
#3061=ORIENTED_EDGE('',*,*,#2306,.F.);
#3062=ORIENTED_EDGE('',*,*,#2096,.T.);
#3063=ORIENTED_EDGE('',*,*,#2322,.T.);
#3064=ORIENTED_EDGE('',*,*,#2323,.F.);
#3065=ORIENTED_EDGE('',*,*,#2324,.F.);
#3066=ORIENTED_EDGE('',*,*,#2097,.T.);
#3067=ORIENTED_EDGE('',*,*,#2324,.T.);
#3068=ORIENTED_EDGE('',*,*,#2325,.F.);
#3069=ORIENTED_EDGE('',*,*,#2326,.F.);
#3070=ORIENTED_EDGE('',*,*,#2098,.T.);
#3071=ORIENTED_EDGE('',*,*,#2326,.T.);
#3072=ORIENTED_EDGE('',*,*,#2327,.F.);
#3073=ORIENTED_EDGE('',*,*,#2328,.F.);
#3074=ORIENTED_EDGE('',*,*,#2099,.T.);
#3075=ORIENTED_EDGE('',*,*,#2328,.T.);
#3076=ORIENTED_EDGE('',*,*,#2329,.F.);
#3077=ORIENTED_EDGE('',*,*,#2330,.F.);
#3078=ORIENTED_EDGE('',*,*,#2100,.T.);
#3079=ORIENTED_EDGE('',*,*,#2330,.T.);
#3080=ORIENTED_EDGE('',*,*,#2331,.F.);
#3081=ORIENTED_EDGE('',*,*,#2332,.F.);
#3082=ORIENTED_EDGE('',*,*,#2101,.T.);
#3083=ORIENTED_EDGE('',*,*,#2332,.T.);
#3084=ORIENTED_EDGE('',*,*,#2333,.F.);
#3085=ORIENTED_EDGE('',*,*,#2334,.F.);
#3086=ORIENTED_EDGE('',*,*,#2102,.T.);
#3087=ORIENTED_EDGE('',*,*,#2334,.T.);
#3088=ORIENTED_EDGE('',*,*,#2335,.F.);
#3089=ORIENTED_EDGE('',*,*,#2336,.F.);
#3090=ORIENTED_EDGE('',*,*,#2095,.T.);
#3091=ORIENTED_EDGE('',*,*,#2336,.T.);
#3092=ORIENTED_EDGE('',*,*,#2337,.F.);
#3093=ORIENTED_EDGE('',*,*,#2322,.F.);
#3094=ORIENTED_EDGE('',*,*,#2088,.T.);
#3095=ORIENTED_EDGE('',*,*,#2338,.T.);
#3096=ORIENTED_EDGE('',*,*,#2339,.F.);
#3097=ORIENTED_EDGE('',*,*,#2340,.F.);
#3098=ORIENTED_EDGE('',*,*,#2089,.T.);
#3099=ORIENTED_EDGE('',*,*,#2340,.T.);
#3100=ORIENTED_EDGE('',*,*,#2341,.F.);
#3101=ORIENTED_EDGE('',*,*,#2342,.F.);
#3102=ORIENTED_EDGE('',*,*,#2090,.T.);
#3103=ORIENTED_EDGE('',*,*,#2342,.T.);
#3104=ORIENTED_EDGE('',*,*,#2343,.F.);
#3105=ORIENTED_EDGE('',*,*,#2344,.F.);
#3106=ORIENTED_EDGE('',*,*,#2091,.T.);
#3107=ORIENTED_EDGE('',*,*,#2344,.T.);
#3108=ORIENTED_EDGE('',*,*,#2345,.F.);
#3109=ORIENTED_EDGE('',*,*,#2346,.F.);
#3110=ORIENTED_EDGE('',*,*,#2092,.T.);
#3111=ORIENTED_EDGE('',*,*,#2346,.T.);
#3112=ORIENTED_EDGE('',*,*,#2347,.F.);
#3113=ORIENTED_EDGE('',*,*,#2348,.F.);
#3114=ORIENTED_EDGE('',*,*,#2093,.T.);
#3115=ORIENTED_EDGE('',*,*,#2348,.T.);
#3116=ORIENTED_EDGE('',*,*,#2349,.F.);
#3117=ORIENTED_EDGE('',*,*,#2350,.F.);
#3118=ORIENTED_EDGE('',*,*,#2094,.T.);
#3119=ORIENTED_EDGE('',*,*,#2350,.T.);
#3120=ORIENTED_EDGE('',*,*,#2351,.F.);
#3121=ORIENTED_EDGE('',*,*,#2352,.F.);
#3122=ORIENTED_EDGE('',*,*,#2087,.T.);
#3123=ORIENTED_EDGE('',*,*,#2352,.T.);
#3124=ORIENTED_EDGE('',*,*,#2353,.F.);
#3125=ORIENTED_EDGE('',*,*,#2338,.F.);
#3126=ORIENTED_EDGE('',*,*,#2080,.T.);
#3127=ORIENTED_EDGE('',*,*,#2354,.T.);
#3128=ORIENTED_EDGE('',*,*,#2355,.F.);
#3129=ORIENTED_EDGE('',*,*,#2356,.F.);
#3130=ORIENTED_EDGE('',*,*,#2081,.T.);
#3131=ORIENTED_EDGE('',*,*,#2356,.T.);
#3132=ORIENTED_EDGE('',*,*,#2357,.F.);
#3133=ORIENTED_EDGE('',*,*,#2358,.F.);
#3134=ORIENTED_EDGE('',*,*,#2082,.T.);
#3135=ORIENTED_EDGE('',*,*,#2358,.T.);
#3136=ORIENTED_EDGE('',*,*,#2359,.F.);
#3137=ORIENTED_EDGE('',*,*,#2360,.F.);
#3138=ORIENTED_EDGE('',*,*,#2083,.T.);
#3139=ORIENTED_EDGE('',*,*,#2360,.T.);
#3140=ORIENTED_EDGE('',*,*,#2361,.F.);
#3141=ORIENTED_EDGE('',*,*,#2362,.F.);
#3142=ORIENTED_EDGE('',*,*,#2084,.T.);
#3143=ORIENTED_EDGE('',*,*,#2362,.T.);
#3144=ORIENTED_EDGE('',*,*,#2363,.F.);
#3145=ORIENTED_EDGE('',*,*,#2364,.F.);
#3146=ORIENTED_EDGE('',*,*,#2085,.T.);
#3147=ORIENTED_EDGE('',*,*,#2364,.T.);
#3148=ORIENTED_EDGE('',*,*,#2365,.F.);
#3149=ORIENTED_EDGE('',*,*,#2366,.F.);
#3150=ORIENTED_EDGE('',*,*,#2086,.T.);
#3151=ORIENTED_EDGE('',*,*,#2366,.T.);
#3152=ORIENTED_EDGE('',*,*,#2367,.F.);
#3153=ORIENTED_EDGE('',*,*,#2368,.F.);
#3154=ORIENTED_EDGE('',*,*,#2079,.T.);
#3155=ORIENTED_EDGE('',*,*,#2368,.T.);
#3156=ORIENTED_EDGE('',*,*,#2369,.F.);
#3157=ORIENTED_EDGE('',*,*,#2354,.F.);
#3158=ORIENTED_EDGE('',*,*,#2370,.T.);
#3159=ORIENTED_EDGE('',*,*,#2371,.T.);
#3160=ORIENTED_EDGE('',*,*,#2372,.T.);
#3161=ORIENTED_EDGE('',*,*,#2373,.T.);
#3162=ORIENTED_EDGE('',*,*,#2374,.T.);
#3163=ORIENTED_EDGE('',*,*,#2375,.T.);
#3164=ORIENTED_EDGE('',*,*,#2376,.T.);
#3165=ORIENTED_EDGE('',*,*,#2377,.T.);
#3166=ORIENTED_EDGE('',*,*,#2378,.T.);
#3167=ORIENTED_EDGE('',*,*,#2379,.T.);
#3168=ORIENTED_EDGE('',*,*,#2380,.T.);
#3169=ORIENTED_EDGE('',*,*,#2381,.T.);
#3170=ORIENTED_EDGE('',*,*,#2382,.T.);
#3171=ORIENTED_EDGE('',*,*,#2383,.T.);
#3172=ORIENTED_EDGE('',*,*,#2384,.T.);
#3173=ORIENTED_EDGE('',*,*,#2385,.T.);
#3174=ORIENTED_EDGE('',*,*,#2190,.T.);
#3175=ORIENTED_EDGE('',*,*,#2188,.T.);
#3176=ORIENTED_EDGE('',*,*,#2186,.T.);
#3177=ORIENTED_EDGE('',*,*,#2184,.T.);
#3178=ORIENTED_EDGE('',*,*,#2182,.T.);
#3179=ORIENTED_EDGE('',*,*,#2180,.T.);
#3180=ORIENTED_EDGE('',*,*,#2178,.T.);
#3181=ORIENTED_EDGE('',*,*,#2176,.T.);
#3182=ORIENTED_EDGE('',*,*,#2206,.T.);
#3183=ORIENTED_EDGE('',*,*,#2204,.T.);
#3184=ORIENTED_EDGE('',*,*,#2202,.T.);
#3185=ORIENTED_EDGE('',*,*,#2200,.T.);
#3186=ORIENTED_EDGE('',*,*,#2198,.T.);
#3187=ORIENTED_EDGE('',*,*,#2196,.T.);
#3188=ORIENTED_EDGE('',*,*,#2194,.T.);
#3189=ORIENTED_EDGE('',*,*,#2192,.T.);
#3190=ORIENTED_EDGE('',*,*,#2222,.T.);
#3191=ORIENTED_EDGE('',*,*,#2220,.T.);
#3192=ORIENTED_EDGE('',*,*,#2218,.T.);
#3193=ORIENTED_EDGE('',*,*,#2216,.T.);
#3194=ORIENTED_EDGE('',*,*,#2214,.T.);
#3195=ORIENTED_EDGE('',*,*,#2212,.T.);
#3196=ORIENTED_EDGE('',*,*,#2210,.T.);
#3197=ORIENTED_EDGE('',*,*,#2208,.T.);
#3198=ORIENTED_EDGE('',*,*,#2238,.T.);
#3199=ORIENTED_EDGE('',*,*,#2236,.T.);
#3200=ORIENTED_EDGE('',*,*,#2234,.T.);
#3201=ORIENTED_EDGE('',*,*,#2232,.T.);
#3202=ORIENTED_EDGE('',*,*,#2230,.T.);
#3203=ORIENTED_EDGE('',*,*,#2228,.T.);
#3204=ORIENTED_EDGE('',*,*,#2226,.T.);
#3205=ORIENTED_EDGE('',*,*,#2224,.T.);
#3206=ORIENTED_EDGE('',*,*,#2254,.T.);
#3207=ORIENTED_EDGE('',*,*,#2252,.T.);
#3208=ORIENTED_EDGE('',*,*,#2250,.T.);
#3209=ORIENTED_EDGE('',*,*,#2248,.T.);
#3210=ORIENTED_EDGE('',*,*,#2246,.T.);
#3211=ORIENTED_EDGE('',*,*,#2244,.T.);
#3212=ORIENTED_EDGE('',*,*,#2242,.T.);
#3213=ORIENTED_EDGE('',*,*,#2240,.T.);
#3214=ORIENTED_EDGE('',*,*,#2270,.T.);
#3215=ORIENTED_EDGE('',*,*,#2268,.T.);
#3216=ORIENTED_EDGE('',*,*,#2266,.T.);
#3217=ORIENTED_EDGE('',*,*,#2264,.T.);
#3218=ORIENTED_EDGE('',*,*,#2262,.T.);
#3219=ORIENTED_EDGE('',*,*,#2260,.T.);
#3220=ORIENTED_EDGE('',*,*,#2258,.T.);
#3221=ORIENTED_EDGE('',*,*,#2256,.T.);
#3222=ORIENTED_EDGE('',*,*,#2286,.T.);
#3223=ORIENTED_EDGE('',*,*,#2284,.T.);
#3224=ORIENTED_EDGE('',*,*,#2282,.T.);
#3225=ORIENTED_EDGE('',*,*,#2280,.T.);
#3226=ORIENTED_EDGE('',*,*,#2278,.T.);
#3227=ORIENTED_EDGE('',*,*,#2276,.T.);
#3228=ORIENTED_EDGE('',*,*,#2274,.T.);
#3229=ORIENTED_EDGE('',*,*,#2272,.T.);
#3230=ORIENTED_EDGE('',*,*,#2302,.T.);
#3231=ORIENTED_EDGE('',*,*,#2300,.T.);
#3232=ORIENTED_EDGE('',*,*,#2298,.T.);
#3233=ORIENTED_EDGE('',*,*,#2296,.T.);
#3234=ORIENTED_EDGE('',*,*,#2294,.T.);
#3235=ORIENTED_EDGE('',*,*,#2292,.T.);
#3236=ORIENTED_EDGE('',*,*,#2290,.T.);
#3237=ORIENTED_EDGE('',*,*,#2288,.T.);
#3238=ORIENTED_EDGE('',*,*,#2304,.T.);
#3239=ORIENTED_EDGE('',*,*,#2386,.T.);
#3240=ORIENTED_EDGE('',*,*,#2387,.T.);
#3241=ORIENTED_EDGE('',*,*,#2388,.T.);
#3242=ORIENTED_EDGE('',*,*,#2389,.T.);
#3243=ORIENTED_EDGE('',*,*,#2390,.T.);
#3244=ORIENTED_EDGE('',*,*,#2391,.T.);
#3245=ORIENTED_EDGE('',*,*,#2392,.T.);
#3246=ORIENTED_EDGE('',*,*,#2393,.T.);
#3247=ORIENTED_EDGE('',*,*,#2394,.T.);
#3248=ORIENTED_EDGE('',*,*,#2321,.T.);
#3249=ORIENTED_EDGE('',*,*,#2319,.T.);
#3250=ORIENTED_EDGE('',*,*,#2317,.T.);
#3251=ORIENTED_EDGE('',*,*,#2315,.T.);
#3252=ORIENTED_EDGE('',*,*,#2313,.T.);
#3253=ORIENTED_EDGE('',*,*,#2311,.T.);
#3254=ORIENTED_EDGE('',*,*,#2309,.T.);
#3255=ORIENTED_EDGE('',*,*,#2307,.T.);
#3256=ORIENTED_EDGE('',*,*,#2337,.T.);
#3257=ORIENTED_EDGE('',*,*,#2335,.T.);
#3258=ORIENTED_EDGE('',*,*,#2333,.T.);
#3259=ORIENTED_EDGE('',*,*,#2331,.T.);
#3260=ORIENTED_EDGE('',*,*,#2329,.T.);
#3261=ORIENTED_EDGE('',*,*,#2327,.T.);
#3262=ORIENTED_EDGE('',*,*,#2325,.T.);
#3263=ORIENTED_EDGE('',*,*,#2323,.T.);
#3264=ORIENTED_EDGE('',*,*,#2353,.T.);
#3265=ORIENTED_EDGE('',*,*,#2351,.T.);
#3266=ORIENTED_EDGE('',*,*,#2349,.T.);
#3267=ORIENTED_EDGE('',*,*,#2347,.T.);
#3268=ORIENTED_EDGE('',*,*,#2345,.T.);
#3269=ORIENTED_EDGE('',*,*,#2343,.T.);
#3270=ORIENTED_EDGE('',*,*,#2341,.T.);
#3271=ORIENTED_EDGE('',*,*,#2339,.T.);
#3272=ORIENTED_EDGE('',*,*,#2369,.T.);
#3273=ORIENTED_EDGE('',*,*,#2367,.T.);
#3274=ORIENTED_EDGE('',*,*,#2365,.T.);
#3275=ORIENTED_EDGE('',*,*,#2363,.T.);
#3276=ORIENTED_EDGE('',*,*,#2361,.T.);
#3277=ORIENTED_EDGE('',*,*,#2359,.T.);
#3278=ORIENTED_EDGE('',*,*,#2357,.T.);
#3279=ORIENTED_EDGE('',*,*,#2355,.T.);
#3280=ORIENTED_EDGE('',*,*,#2066,.T.);
#3281=ORIENTED_EDGE('',*,*,#2063,.T.);
#3282=ORIENTED_EDGE('',*,*,#2060,.T.);
#3283=ORIENTED_EDGE('',*,*,#2057,.T.);
#3284=ORIENTED_EDGE('',*,*,#2395,.T.);
#3285=ORIENTED_EDGE('',*,*,#2396,.T.);
#3286=ORIENTED_EDGE('',*,*,#2387,.F.);
#3287=ORIENTED_EDGE('',*,*,#2397,.F.);
#3288=ORIENTED_EDGE('',*,*,#2398,.T.);
#3289=ORIENTED_EDGE('',*,*,#2397,.T.);
#3290=ORIENTED_EDGE('',*,*,#2386,.F.);
#3291=ORIENTED_EDGE('',*,*,#2303,.F.);
#3292=ORIENTED_EDGE('',*,*,#2069,.F.);
#3293=ORIENTED_EDGE('',*,*,#2399,.F.);
#3294=ORIENTED_EDGE('',*,*,#2400,.T.);
#3295=ORIENTED_EDGE('',*,*,#2399,.T.);
#3296=ORIENTED_EDGE('',*,*,#2078,.F.);
#3297=ORIENTED_EDGE('',*,*,#2401,.F.);
#3298=ORIENTED_EDGE('',*,*,#2402,.T.);
#3299=ORIENTED_EDGE('',*,*,#2401,.T.);
#3300=ORIENTED_EDGE('',*,*,#2077,.F.);
#3301=ORIENTED_EDGE('',*,*,#2403,.F.);
#3302=ORIENTED_EDGE('',*,*,#2404,.T.);
#3303=ORIENTED_EDGE('',*,*,#2403,.T.);
#3304=ORIENTED_EDGE('',*,*,#2076,.F.);
#3305=ORIENTED_EDGE('',*,*,#2405,.F.);
#3306=ORIENTED_EDGE('',*,*,#2406,.T.);
#3307=ORIENTED_EDGE('',*,*,#2405,.T.);
#3308=ORIENTED_EDGE('',*,*,#2075,.F.);
#3309=ORIENTED_EDGE('',*,*,#2407,.F.);
#3310=ORIENTED_EDGE('',*,*,#2408,.T.);
#3311=ORIENTED_EDGE('',*,*,#2407,.T.);
#3312=ORIENTED_EDGE('',*,*,#2074,.F.);
#3313=ORIENTED_EDGE('',*,*,#2409,.F.);
#3314=ORIENTED_EDGE('',*,*,#2410,.T.);
#3315=ORIENTED_EDGE('',*,*,#2409,.T.);
#3316=ORIENTED_EDGE('',*,*,#2073,.F.);
#3317=ORIENTED_EDGE('',*,*,#2411,.F.);
#3318=ORIENTED_EDGE('',*,*,#2412,.T.);
#3319=ORIENTED_EDGE('',*,*,#2411,.T.);
#3320=ORIENTED_EDGE('',*,*,#2072,.F.);
#3321=ORIENTED_EDGE('',*,*,#2413,.F.);
#3322=ORIENTED_EDGE('',*,*,#2414,.T.);
#3323=ORIENTED_EDGE('',*,*,#2413,.T.);
#3324=ORIENTED_EDGE('',*,*,#2071,.F.);
#3325=ORIENTED_EDGE('',*,*,#2305,.T.);
#3326=ORIENTED_EDGE('',*,*,#2394,.F.);
#3327=ORIENTED_EDGE('',*,*,#2415,.F.);
#3328=ORIENTED_EDGE('',*,*,#2416,.T.);
#3329=ORIENTED_EDGE('',*,*,#2415,.T.);
#3330=ORIENTED_EDGE('',*,*,#2393,.F.);
#3331=ORIENTED_EDGE('',*,*,#2417,.F.);
#3332=ORIENTED_EDGE('',*,*,#2418,.T.);
#3333=ORIENTED_EDGE('',*,*,#2417,.T.);
#3334=ORIENTED_EDGE('',*,*,#2392,.F.);
#3335=ORIENTED_EDGE('',*,*,#2419,.F.);
#3336=ORIENTED_EDGE('',*,*,#2420,.T.);
#3337=ORIENTED_EDGE('',*,*,#2419,.T.);
#3338=ORIENTED_EDGE('',*,*,#2391,.F.);
#3339=ORIENTED_EDGE('',*,*,#2421,.F.);
#3340=ORIENTED_EDGE('',*,*,#2422,.T.);
#3341=ORIENTED_EDGE('',*,*,#2421,.T.);
#3342=ORIENTED_EDGE('',*,*,#2390,.F.);
#3343=ORIENTED_EDGE('',*,*,#2423,.F.);
#3344=ORIENTED_EDGE('',*,*,#2424,.T.);
#3345=ORIENTED_EDGE('',*,*,#2423,.T.);
#3346=ORIENTED_EDGE('',*,*,#2389,.F.);
#3347=ORIENTED_EDGE('',*,*,#2425,.F.);
#3348=ORIENTED_EDGE('',*,*,#2426,.T.);
#3349=ORIENTED_EDGE('',*,*,#2425,.T.);
#3350=ORIENTED_EDGE('',*,*,#2388,.F.);
#3351=ORIENTED_EDGE('',*,*,#2396,.F.);
#3352=ORIENTED_EDGE('',*,*,#2427,.T.);
#3353=ORIENTED_EDGE('',*,*,#2428,.T.);
#3354=ORIENTED_EDGE('',*,*,#2370,.F.);
#3355=ORIENTED_EDGE('',*,*,#2429,.F.);
#3356=ORIENTED_EDGE('',*,*,#2430,.T.);
#3357=ORIENTED_EDGE('',*,*,#2429,.T.);
#3358=ORIENTED_EDGE('',*,*,#2385,.F.);
#3359=ORIENTED_EDGE('',*,*,#2431,.F.);
#3360=ORIENTED_EDGE('',*,*,#2432,.T.);
#3361=ORIENTED_EDGE('',*,*,#2431,.T.);
#3362=ORIENTED_EDGE('',*,*,#2384,.F.);
#3363=ORIENTED_EDGE('',*,*,#2433,.F.);
#3364=ORIENTED_EDGE('',*,*,#2434,.T.);
#3365=ORIENTED_EDGE('',*,*,#2433,.T.);
#3366=ORIENTED_EDGE('',*,*,#2383,.F.);
#3367=ORIENTED_EDGE('',*,*,#2435,.F.);
#3368=ORIENTED_EDGE('',*,*,#2436,.T.);
#3369=ORIENTED_EDGE('',*,*,#2435,.T.);
#3370=ORIENTED_EDGE('',*,*,#2382,.F.);
#3371=ORIENTED_EDGE('',*,*,#2437,.F.);
#3372=ORIENTED_EDGE('',*,*,#2438,.T.);
#3373=ORIENTED_EDGE('',*,*,#2437,.T.);
#3374=ORIENTED_EDGE('',*,*,#2381,.F.);
#3375=ORIENTED_EDGE('',*,*,#2439,.F.);
#3376=ORIENTED_EDGE('',*,*,#2440,.T.);
#3377=ORIENTED_EDGE('',*,*,#2439,.T.);
#3378=ORIENTED_EDGE('',*,*,#2380,.F.);
#3379=ORIENTED_EDGE('',*,*,#2441,.F.);
#3380=ORIENTED_EDGE('',*,*,#2442,.T.);
#3381=ORIENTED_EDGE('',*,*,#2441,.T.);
#3382=ORIENTED_EDGE('',*,*,#2379,.F.);
#3383=ORIENTED_EDGE('',*,*,#2443,.F.);
#3384=ORIENTED_EDGE('',*,*,#2444,.T.);
#3385=ORIENTED_EDGE('',*,*,#2443,.T.);
#3386=ORIENTED_EDGE('',*,*,#2378,.F.);
#3387=ORIENTED_EDGE('',*,*,#2445,.F.);
#3388=ORIENTED_EDGE('',*,*,#2446,.T.);
#3389=ORIENTED_EDGE('',*,*,#2445,.T.);
#3390=ORIENTED_EDGE('',*,*,#2377,.F.);
#3391=ORIENTED_EDGE('',*,*,#2447,.F.);
#3392=ORIENTED_EDGE('',*,*,#2448,.T.);
#3393=ORIENTED_EDGE('',*,*,#2447,.T.);
#3394=ORIENTED_EDGE('',*,*,#2376,.F.);
#3395=ORIENTED_EDGE('',*,*,#2449,.F.);
#3396=ORIENTED_EDGE('',*,*,#2450,.T.);
#3397=ORIENTED_EDGE('',*,*,#2449,.T.);
#3398=ORIENTED_EDGE('',*,*,#2375,.F.);
#3399=ORIENTED_EDGE('',*,*,#2451,.F.);
#3400=ORIENTED_EDGE('',*,*,#2452,.T.);
#3401=ORIENTED_EDGE('',*,*,#2451,.T.);
#3402=ORIENTED_EDGE('',*,*,#2374,.F.);
#3403=ORIENTED_EDGE('',*,*,#2453,.F.);
#3404=ORIENTED_EDGE('',*,*,#2454,.T.);
#3405=ORIENTED_EDGE('',*,*,#2453,.T.);
#3406=ORIENTED_EDGE('',*,*,#2373,.F.);
#3407=ORIENTED_EDGE('',*,*,#2455,.F.);
#3408=ORIENTED_EDGE('',*,*,#2456,.T.);
#3409=ORIENTED_EDGE('',*,*,#2455,.T.);
#3410=ORIENTED_EDGE('',*,*,#2372,.F.);
#3411=ORIENTED_EDGE('',*,*,#2457,.F.);
#3412=ORIENTED_EDGE('',*,*,#2458,.T.);
#3413=ORIENTED_EDGE('',*,*,#2457,.T.);
#3414=ORIENTED_EDGE('',*,*,#2371,.F.);
#3415=ORIENTED_EDGE('',*,*,#2428,.F.);
#3416=ORIENTED_EDGE('',*,*,#2458,.F.);
#3417=ORIENTED_EDGE('',*,*,#2427,.F.);
#3418=ORIENTED_EDGE('',*,*,#2430,.F.);
#3419=ORIENTED_EDGE('',*,*,#2432,.F.);
#3420=ORIENTED_EDGE('',*,*,#2434,.F.);
#3421=ORIENTED_EDGE('',*,*,#2436,.F.);
#3422=ORIENTED_EDGE('',*,*,#2438,.F.);
#3423=ORIENTED_EDGE('',*,*,#2440,.F.);
#3424=ORIENTED_EDGE('',*,*,#2442,.F.);
#3425=ORIENTED_EDGE('',*,*,#2444,.F.);
#3426=ORIENTED_EDGE('',*,*,#2446,.F.);
#3427=ORIENTED_EDGE('',*,*,#2448,.F.);
#3428=ORIENTED_EDGE('',*,*,#2450,.F.);
#3429=ORIENTED_EDGE('',*,*,#2452,.F.);
#3430=ORIENTED_EDGE('',*,*,#2454,.F.);
#3431=ORIENTED_EDGE('',*,*,#2456,.F.);
#3432=ORIENTED_EDGE('',*,*,#2426,.F.);
#3433=ORIENTED_EDGE('',*,*,#2395,.F.);
#3434=ORIENTED_EDGE('',*,*,#2398,.F.);
#3435=ORIENTED_EDGE('',*,*,#2400,.F.);
#3436=ORIENTED_EDGE('',*,*,#2402,.F.);
#3437=ORIENTED_EDGE('',*,*,#2404,.F.);
#3438=ORIENTED_EDGE('',*,*,#2406,.F.);
#3439=ORIENTED_EDGE('',*,*,#2408,.F.);
#3440=ORIENTED_EDGE('',*,*,#2410,.F.);
#3441=ORIENTED_EDGE('',*,*,#2412,.F.);
#3442=ORIENTED_EDGE('',*,*,#2414,.F.);
#3443=ORIENTED_EDGE('',*,*,#2416,.F.);
#3444=ORIENTED_EDGE('',*,*,#2418,.F.);
#3445=ORIENTED_EDGE('',*,*,#2420,.F.);
#3446=ORIENTED_EDGE('',*,*,#2422,.F.);
#3447=ORIENTED_EDGE('',*,*,#2424,.F.);
#3448=ORIENTED_EDGE('',*,*,#2459,.T.);
#3449=ORIENTED_EDGE('',*,*,#2460,.T.);
#3450=ORIENTED_EDGE('',*,*,#2461,.T.);
#3451=ORIENTED_EDGE('',*,*,#2460,.F.);
#3452=ORIENTED_EDGE('',*,*,#2462,.T.);
#3453=ORIENTED_EDGE('',*,*,#2463,.F.);
#3454=ORIENTED_EDGE('',*,*,#2464,.F.);
#3455=ORIENTED_EDGE('',*,*,#2465,.F.);
#3456=ORIENTED_EDGE('',*,*,#2466,.F.);
#3457=ORIENTED_EDGE('',*,*,#2467,.F.);
#3458=ORIENTED_EDGE('',*,*,#2468,.F.);
#3459=ORIENTED_EDGE('',*,*,#2469,.F.);
#3460=ORIENTED_EDGE('',*,*,#2470,.F.);
#3461=ORIENTED_EDGE('',*,*,#2471,.F.);
#3462=ORIENTED_EDGE('',*,*,#2472,.F.);
#3463=ORIENTED_EDGE('',*,*,#2473,.F.);
#3464=ORIENTED_EDGE('',*,*,#2474,.F.);
#3465=ORIENTED_EDGE('',*,*,#2475,.F.);
#3466=ORIENTED_EDGE('',*,*,#2476,.F.);
#3467=ORIENTED_EDGE('',*,*,#2477,.F.);
#3468=ORIENTED_EDGE('',*,*,#2478,.F.);
#3469=ORIENTED_EDGE('',*,*,#2479,.F.);
#3470=ORIENTED_EDGE('',*,*,#2480,.F.);
#3471=ORIENTED_EDGE('',*,*,#2481,.F.);
#3472=ORIENTED_EDGE('',*,*,#2482,.F.);
#3473=ORIENTED_EDGE('',*,*,#2483,.F.);
#3474=ORIENTED_EDGE('',*,*,#2484,.F.);
#3475=ORIENTED_EDGE('',*,*,#2485,.F.);
#3476=ORIENTED_EDGE('',*,*,#2486,.F.);
#3477=ORIENTED_EDGE('',*,*,#2487,.F.);
#3478=ORIENTED_EDGE('',*,*,#2488,.F.);
#3479=ORIENTED_EDGE('',*,*,#2489,.F.);
#3480=ORIENTED_EDGE('',*,*,#2490,.F.);
#3481=ORIENTED_EDGE('',*,*,#2491,.F.);
#3482=ORIENTED_EDGE('',*,*,#2492,.F.);
#3483=ORIENTED_EDGE('',*,*,#2459,.F.);
#3484=ORIENTED_EDGE('',*,*,#2472,.T.);
#3485=ORIENTED_EDGE('',*,*,#2493,.T.);
#3486=ORIENTED_EDGE('',*,*,#2494,.T.);
#3487=ORIENTED_EDGE('',*,*,#2493,.F.);
#3488=ORIENTED_EDGE('',*,*,#2461,.F.);
#3489=ORIENTED_EDGE('',*,*,#2494,.F.);
#3490=ORIENTED_EDGE('',*,*,#2495,.T.);
#3491=ORIENTED_EDGE('',*,*,#2496,.T.);
#3492=ORIENTED_EDGE('',*,*,#2497,.T.);
#3493=ORIENTED_EDGE('',*,*,#2498,.T.);
#3494=ORIENTED_EDGE('',*,*,#2499,.T.);
#3495=ORIENTED_EDGE('',*,*,#2496,.F.);
#3496=ORIENTED_EDGE('',*,*,#2500,.T.);
#3497=ORIENTED_EDGE('',*,*,#2501,.T.);
#3498=ORIENTED_EDGE('',*,*,#2502,.T.);
#3499=ORIENTED_EDGE('',*,*,#2498,.F.);
#3500=ORIENTED_EDGE('',*,*,#2503,.T.);
#3501=ORIENTED_EDGE('',*,*,#2504,.T.);
#3502=ORIENTED_EDGE('',*,*,#2505,.T.);
#3503=ORIENTED_EDGE('',*,*,#2506,.T.);
#3504=ORIENTED_EDGE('',*,*,#2507,.T.);
#3505=ORIENTED_EDGE('',*,*,#2501,.F.);
#3506=ORIENTED_EDGE('',*,*,#2508,.T.);
#3507=ORIENTED_EDGE('',*,*,#2509,.T.);
#3508=ORIENTED_EDGE('',*,*,#2510,.T.);
#3509=ORIENTED_EDGE('',*,*,#2511,.T.);
#3510=ORIENTED_EDGE('',*,*,#2512,.T.);
#3511=ORIENTED_EDGE('',*,*,#2509,.F.);
#3512=ORIENTED_EDGE('',*,*,#2513,.T.);
#3513=ORIENTED_EDGE('',*,*,#2504,.F.);
#3514=ORIENTED_EDGE('',*,*,#2514,.T.);
#3515=ORIENTED_EDGE('',*,*,#2515,.T.);
#3516=ORIENTED_EDGE('',*,*,#2516,.T.);
#3517=ORIENTED_EDGE('',*,*,#2511,.F.);
#3518=ORIENTED_EDGE('',*,*,#2517,.T.);
#3519=ORIENTED_EDGE('',*,*,#2518,.T.);
#3520=ORIENTED_EDGE('',*,*,#2519,.T.);
#3521=ORIENTED_EDGE('',*,*,#2520,.T.);
#3522=ORIENTED_EDGE('',*,*,#2521,.T.);
#3523=ORIENTED_EDGE('',*,*,#2522,.T.);
#3524=ORIENTED_EDGE('',*,*,#2523,.T.);
#3525=ORIENTED_EDGE('',*,*,#2524,.T.);
#3526=ORIENTED_EDGE('',*,*,#2520,.F.);
#3527=ORIENTED_EDGE('',*,*,#2525,.T.);
#3528=ORIENTED_EDGE('',*,*,#2526,.T.);
#3529=ORIENTED_EDGE('',*,*,#2527,.T.);
#3530=ORIENTED_EDGE('',*,*,#2528,.T.);
#3531=ORIENTED_EDGE('',*,*,#2523,.F.);
#3532=ORIENTED_EDGE('',*,*,#2526,.F.);
#3533=ORIENTED_EDGE('',*,*,#2529,.T.);
#3534=ORIENTED_EDGE('',*,*,#2506,.F.);
#3535=ORIENTED_EDGE('',*,*,#2530,.T.);
#3536=ORIENTED_EDGE('',*,*,#2515,.F.);
#3537=ORIENTED_EDGE('',*,*,#2531,.T.);
#3538=ORIENTED_EDGE('',*,*,#2518,.F.);
#3539=ORIENTED_EDGE('',*,*,#2532,.T.);
#3540=ORIENTED_EDGE('',*,*,#2495,.F.);
#3541=ORIENTED_EDGE('',*,*,#2533,.F.);
#3542=ORIENTED_EDGE('',*,*,#2488,.T.);
#3543=ORIENTED_EDGE('',*,*,#2534,.T.);
#3544=ORIENTED_EDGE('',*,*,#2502,.F.);
#3545=ORIENTED_EDGE('',*,*,#2535,.F.);
#3546=ORIENTED_EDGE('',*,*,#2481,.T.);
#3547=ORIENTED_EDGE('',*,*,#2533,.T.);
#3548=ORIENTED_EDGE('',*,*,#2513,.F.);
#3549=ORIENTED_EDGE('',*,*,#2536,.F.);
#3550=ORIENTED_EDGE('',*,*,#2482,.T.);
#3551=ORIENTED_EDGE('',*,*,#2535,.T.);
#3552=ORIENTED_EDGE('',*,*,#2508,.F.);
#3553=ORIENTED_EDGE('',*,*,#2516,.F.);
#3554=ORIENTED_EDGE('',*,*,#2532,.F.);
#3555=ORIENTED_EDGE('',*,*,#2537,.F.);
#3556=ORIENTED_EDGE('',*,*,#2483,.T.);
#3557=ORIENTED_EDGE('',*,*,#2536,.T.);
#3558=ORIENTED_EDGE('',*,*,#2517,.F.);
#3559=ORIENTED_EDGE('',*,*,#2538,.F.);
#3560=ORIENTED_EDGE('',*,*,#2484,.T.);
#3561=ORIENTED_EDGE('',*,*,#2537,.T.);
#3562=ORIENTED_EDGE('',*,*,#2507,.F.);
#3563=ORIENTED_EDGE('',*,*,#2529,.F.);
#3564=ORIENTED_EDGE('',*,*,#2525,.F.);
#3565=ORIENTED_EDGE('',*,*,#2522,.F.);
#3566=ORIENTED_EDGE('',*,*,#2519,.F.);
#3567=ORIENTED_EDGE('',*,*,#2531,.F.);
#3568=ORIENTED_EDGE('',*,*,#2514,.F.);
#3569=ORIENTED_EDGE('',*,*,#2539,.T.);
#3570=ORIENTED_EDGE('',*,*,#2540,.T.);
#3571=ORIENTED_EDGE('',*,*,#2462,.F.);
#3572=ORIENTED_EDGE('',*,*,#2541,.T.);
#3573=ORIENTED_EDGE('',*,*,#2542,.T.);
#3574=ORIENTED_EDGE('',*,*,#2543,.F.);
#3575=ORIENTED_EDGE('',*,*,#2544,.T.);
#3576=ORIENTED_EDGE('',*,*,#2545,.F.);
#3577=ORIENTED_EDGE('',*,*,#2546,.T.);
#3578=ORIENTED_EDGE('',*,*,#2547,.T.);
#3579=ORIENTED_EDGE('',*,*,#2548,.T.);
#3580=ORIENTED_EDGE('',*,*,#2549,.F.);
#3581=ORIENTED_EDGE('',*,*,#2550,.T.);
#3582=ORIENTED_EDGE('',*,*,#2551,.F.);
#3583=ORIENTED_EDGE('',*,*,#2552,.T.);
#3584=ORIENTED_EDGE('',*,*,#2553,.F.);
#3585=ORIENTED_EDGE('',*,*,#2551,.T.);
#3586=ORIENTED_EDGE('',*,*,#2554,.T.);
#3587=ORIENTED_EDGE('',*,*,#2555,.T.);
#3588=ORIENTED_EDGE('',*,*,#2556,.T.);
#3589=ORIENTED_EDGE('',*,*,#2557,.T.);
#3590=ORIENTED_EDGE('',*,*,#2558,.F.);
#3591=ORIENTED_EDGE('',*,*,#2555,.F.);
#3592=ORIENTED_EDGE('',*,*,#2559,.T.);
#3593=ORIENTED_EDGE('',*,*,#2543,.T.);
#3594=ORIENTED_EDGE('',*,*,#2560,.F.);
#3595=ORIENTED_EDGE('',*,*,#2557,.F.);
#3596=ORIENTED_EDGE('',*,*,#2559,.F.);
#3597=ORIENTED_EDGE('',*,*,#2556,.F.);
#3598=ORIENTED_EDGE('',*,*,#2554,.F.);
#3599=ORIENTED_EDGE('',*,*,#2550,.F.);
#3600=ORIENTED_EDGE('',*,*,#2561,.F.);
#3601=ORIENTED_EDGE('',*,*,#2562,.F.);
#3602=ORIENTED_EDGE('',*,*,#2563,.F.);
#3603=ORIENTED_EDGE('',*,*,#2544,.F.);
#3604=ORIENTED_EDGE('',*,*,#2564,.T.);
#3605=ORIENTED_EDGE('',*,*,#2545,.T.);
#3606=ORIENTED_EDGE('',*,*,#2563,.T.);
#3607=ORIENTED_EDGE('',*,*,#2565,.T.);
#3608=ORIENTED_EDGE('',*,*,#2566,.T.);
#3609=ORIENTED_EDGE('',*,*,#2565,.F.);
#3610=ORIENTED_EDGE('',*,*,#2562,.T.);
#3611=ORIENTED_EDGE('',*,*,#2567,.T.);
#3612=ORIENTED_EDGE('',*,*,#2561,.T.);
#3613=ORIENTED_EDGE('',*,*,#2549,.T.);
#3614=ORIENTED_EDGE('',*,*,#2568,.T.);
#3615=ORIENTED_EDGE('',*,*,#2567,.F.);
#3616=ORIENTED_EDGE('',*,*,#2564,.F.);
#3617=ORIENTED_EDGE('',*,*,#2569,.F.);
#3618=ORIENTED_EDGE('',*,*,#2570,.T.);
#3619=ORIENTED_EDGE('',*,*,#2571,.T.);
#3620=ORIENTED_EDGE('',*,*,#2546,.F.);
#3621=ORIENTED_EDGE('',*,*,#2568,.F.);
#3622=ORIENTED_EDGE('',*,*,#2548,.F.);
#3623=ORIENTED_EDGE('',*,*,#2572,.F.);
#3624=ORIENTED_EDGE('',*,*,#2573,.T.);
#3625=ORIENTED_EDGE('',*,*,#2574,.T.);
#3626=ORIENTED_EDGE('',*,*,#2489,.T.);
#3627=ORIENTED_EDGE('',*,*,#2575,.T.);
#3628=ORIENTED_EDGE('',*,*,#2576,.T.);
#3629=ORIENTED_EDGE('',*,*,#2577,.T.);
#3630=ORIENTED_EDGE('',*,*,#2492,.T.);
#3631=ORIENTED_EDGE('',*,*,#2578,.T.);
#3632=ORIENTED_EDGE('',*,*,#2579,.T.);
#3633=ORIENTED_EDGE('',*,*,#2575,.F.);
#3634=ORIENTED_EDGE('',*,*,#2491,.T.);
#3635=ORIENTED_EDGE('',*,*,#2580,.T.);
#3636=ORIENTED_EDGE('',*,*,#2581,.T.);
#3637=ORIENTED_EDGE('',*,*,#2578,.F.);
#3638=ORIENTED_EDGE('',*,*,#2582,.T.);
#3639=ORIENTED_EDGE('',*,*,#2580,.F.);
#3640=ORIENTED_EDGE('',*,*,#2490,.T.);
#3641=ORIENTED_EDGE('',*,*,#2577,.F.);
#3642=ORIENTED_EDGE('',*,*,#2582,.F.);
#3643=ORIENTED_EDGE('',*,*,#2583,.T.);
#3644=ORIENTED_EDGE('',*,*,#2584,.T.);
#3645=ORIENTED_EDGE('',*,*,#2585,.F.);
#3646=ORIENTED_EDGE('',*,*,#2576,.F.);
#3647=ORIENTED_EDGE('',*,*,#2586,.T.);
#3648=ORIENTED_EDGE('',*,*,#2587,.T.);
#3649=ORIENTED_EDGE('',*,*,#2583,.F.);
#3650=ORIENTED_EDGE('',*,*,#2579,.F.);
#3651=ORIENTED_EDGE('',*,*,#2588,.T.);
#3652=ORIENTED_EDGE('',*,*,#2589,.T.);
#3653=ORIENTED_EDGE('',*,*,#2586,.F.);
#3654=ORIENTED_EDGE('',*,*,#2581,.F.);
#3655=ORIENTED_EDGE('',*,*,#2585,.T.);
#3656=ORIENTED_EDGE('',*,*,#2590,.T.);
#3657=ORIENTED_EDGE('',*,*,#2588,.F.);
#3658=ORIENTED_EDGE('',*,*,#2584,.F.);
#3659=ORIENTED_EDGE('',*,*,#2587,.F.);
#3660=ORIENTED_EDGE('',*,*,#2589,.F.);
#3661=ORIENTED_EDGE('',*,*,#2590,.F.);
#3662=ORIENTED_EDGE('',*,*,#2573,.F.);
#3663=ORIENTED_EDGE('',*,*,#2591,.F.);
#3664=ORIENTED_EDGE('',*,*,#2570,.F.);
#3665=ORIENTED_EDGE('',*,*,#2592,.F.);
#3666=ORIENTED_EDGE('',*,*,#2591,.T.);
#3667=ORIENTED_EDGE('',*,*,#2572,.T.);
#3668=ORIENTED_EDGE('',*,*,#2547,.F.);
#3669=ORIENTED_EDGE('',*,*,#2571,.F.);
#3670=ORIENTED_EDGE('',*,*,#2593,.T.);
#3671=ORIENTED_EDGE('',*,*,#2594,.T.);
#3672=ORIENTED_EDGE('',*,*,#2595,.T.);
#3673=ORIENTED_EDGE('',*,*,#2596,.T.);
#3674=ORIENTED_EDGE('',*,*,#2597,.T.);
#3675=ORIENTED_EDGE('',*,*,#2598,.T.);
#3676=ORIENTED_EDGE('',*,*,#2593,.F.);
#3677=ORIENTED_EDGE('',*,*,#2599,.T.);
#3678=ORIENTED_EDGE('',*,*,#2600,.T.);
#3679=ORIENTED_EDGE('',*,*,#2601,.T.);
#3680=ORIENTED_EDGE('',*,*,#2597,.F.);
#3681=ORIENTED_EDGE('',*,*,#2602,.T.);
#3682=ORIENTED_EDGE('',*,*,#2603,.T.);
#3683=ORIENTED_EDGE('',*,*,#2604,.T.);
#3684=ORIENTED_EDGE('',*,*,#2600,.F.);
#3685=ORIENTED_EDGE('',*,*,#2605,.T.);
#3686=ORIENTED_EDGE('',*,*,#2606,.T.);
#3687=ORIENTED_EDGE('',*,*,#2607,.T.);
#3688=ORIENTED_EDGE('',*,*,#2603,.F.);
#3689=ORIENTED_EDGE('',*,*,#2608,.T.);
#3690=ORIENTED_EDGE('',*,*,#2609,.T.);
#3691=ORIENTED_EDGE('',*,*,#2610,.T.);
#3692=ORIENTED_EDGE('',*,*,#2606,.F.);
#3693=ORIENTED_EDGE('',*,*,#2611,.T.);
#3694=ORIENTED_EDGE('',*,*,#2612,.T.);
#3695=ORIENTED_EDGE('',*,*,#2613,.T.);
#3696=ORIENTED_EDGE('',*,*,#2609,.F.);
#3697=ORIENTED_EDGE('',*,*,#2614,.T.);
#3698=ORIENTED_EDGE('',*,*,#2595,.F.);
#3699=ORIENTED_EDGE('',*,*,#2615,.T.);
#3700=ORIENTED_EDGE('',*,*,#2612,.F.);
#3701=ORIENTED_EDGE('',*,*,#2616,.T.);
#3702=ORIENTED_EDGE('',*,*,#2605,.F.);
#3703=ORIENTED_EDGE('',*,*,#2617,.F.);
#3704=ORIENTED_EDGE('',*,*,#2473,.T.);
#3705=ORIENTED_EDGE('',*,*,#2618,.T.);
#3706=ORIENTED_EDGE('',*,*,#2602,.F.);
#3707=ORIENTED_EDGE('',*,*,#2619,.F.);
#3708=ORIENTED_EDGE('',*,*,#2474,.T.);
#3709=ORIENTED_EDGE('',*,*,#2617,.T.);
#3710=ORIENTED_EDGE('',*,*,#2599,.F.);
#3711=ORIENTED_EDGE('',*,*,#2620,.F.);
#3712=ORIENTED_EDGE('',*,*,#2475,.T.);
#3713=ORIENTED_EDGE('',*,*,#2619,.T.);
#3714=ORIENTED_EDGE('',*,*,#2596,.F.);
#3715=ORIENTED_EDGE('',*,*,#2621,.F.);
#3716=ORIENTED_EDGE('',*,*,#2476,.T.);
#3717=ORIENTED_EDGE('',*,*,#2620,.T.);
#3718=ORIENTED_EDGE('',*,*,#2499,.F.);
#3719=ORIENTED_EDGE('',*,*,#2552,.F.);
#3720=ORIENTED_EDGE('',*,*,#2553,.T.);
#3721=ORIENTED_EDGE('',*,*,#2558,.T.);
#3722=ORIENTED_EDGE('',*,*,#2560,.T.);
#3723=ORIENTED_EDGE('',*,*,#2542,.F.);
#3724=ORIENTED_EDGE('',*,*,#2622,.T.);
#3725=ORIENTED_EDGE('',*,*,#2623,.T.);
#3726=ORIENTED_EDGE('',*,*,#2624,.T.);
#3727=ORIENTED_EDGE('',*,*,#2625,.T.);
#3728=ORIENTED_EDGE('',*,*,#2626,.T.);
#3729=ORIENTED_EDGE('',*,*,#2627,.T.);
#3730=ORIENTED_EDGE('',*,*,#2628,.T.);
#3731=ORIENTED_EDGE('',*,*,#2629,.T.);
#3732=ORIENTED_EDGE('',*,*,#2630,.T.);
#3733=ORIENTED_EDGE('',*,*,#2539,.F.);
#3734=ORIENTED_EDGE('',*,*,#2510,.F.);
#3735=ORIENTED_EDGE('',*,*,#2512,.F.);
#3736=ORIENTED_EDGE('',*,*,#2503,.F.);
#3737=ORIENTED_EDGE('',*,*,#2497,.F.);
#3738=ORIENTED_EDGE('',*,*,#2594,.F.);
#3739=ORIENTED_EDGE('',*,*,#2598,.F.);
#3740=ORIENTED_EDGE('',*,*,#2601,.F.);
#3741=ORIENTED_EDGE('',*,*,#2604,.F.);
#3742=ORIENTED_EDGE('',*,*,#2607,.F.);
#3743=ORIENTED_EDGE('',*,*,#2610,.F.);
#3744=ORIENTED_EDGE('',*,*,#2613,.F.);
#3745=ORIENTED_EDGE('',*,*,#2615,.F.);
#3746=ORIENTED_EDGE('',*,*,#2500,.F.);
#3747=ORIENTED_EDGE('',*,*,#2534,.F.);
#3748=ORIENTED_EDGE('',*,*,#2487,.T.);
#3749=ORIENTED_EDGE('',*,*,#2631,.T.);
#3750=ORIENTED_EDGE('',*,*,#2530,.F.);
#3751=ORIENTED_EDGE('',*,*,#2505,.F.);
#3752=ORIENTED_EDGE('',*,*,#2541,.F.);
#3753=ORIENTED_EDGE('',*,*,#2471,.T.);
#3754=ORIENTED_EDGE('',*,*,#2632,.T.);
#3755=ORIENTED_EDGE('',*,*,#2622,.F.);
#3756=ORIENTED_EDGE('',*,*,#2616,.F.);
#3757=ORIENTED_EDGE('',*,*,#2633,.F.);
#3758=ORIENTED_EDGE('',*,*,#2477,.T.);
#3759=ORIENTED_EDGE('',*,*,#2621,.T.);
#3760=ORIENTED_EDGE('',*,*,#2614,.F.);
#3761=ORIENTED_EDGE('',*,*,#2634,.F.);
#3762=ORIENTED_EDGE('',*,*,#2478,.T.);
#3763=ORIENTED_EDGE('',*,*,#2633,.T.);
#3764=ORIENTED_EDGE('',*,*,#2611,.F.);
#3765=ORIENTED_EDGE('',*,*,#2635,.F.);
#3766=ORIENTED_EDGE('',*,*,#2479,.T.);
#3767=ORIENTED_EDGE('',*,*,#2634,.T.);
#3768=ORIENTED_EDGE('',*,*,#2608,.F.);
#3769=ORIENTED_EDGE('',*,*,#2618,.F.);
#3770=ORIENTED_EDGE('',*,*,#2480,.T.);
#3771=ORIENTED_EDGE('',*,*,#2635,.T.);
#3772=ORIENTED_EDGE('',*,*,#2524,.F.);
#3773=ORIENTED_EDGE('',*,*,#2528,.F.);
#3774=ORIENTED_EDGE('',*,*,#2636,.F.);
#3775=ORIENTED_EDGE('',*,*,#2485,.T.);
#3776=ORIENTED_EDGE('',*,*,#2538,.T.);
#3777=ORIENTED_EDGE('',*,*,#2521,.F.);
#3778=ORIENTED_EDGE('',*,*,#2527,.F.);
#3779=ORIENTED_EDGE('',*,*,#2631,.F.);
#3780=ORIENTED_EDGE('',*,*,#2486,.T.);
#3781=ORIENTED_EDGE('',*,*,#2636,.T.);
#3782=ORIENTED_EDGE('',*,*,#2566,.F.);
#3783=ORIENTED_EDGE('',*,*,#2574,.F.);
#3784=ORIENTED_EDGE('',*,*,#2592,.T.);
#3785=ORIENTED_EDGE('',*,*,#2569,.T.);
#3786=ORIENTED_EDGE('',*,*,#2540,.F.);
#3787=ORIENTED_EDGE('',*,*,#2630,.F.);
#3788=ORIENTED_EDGE('',*,*,#2637,.F.);
#3789=ORIENTED_EDGE('',*,*,#2463,.T.);
#3790=ORIENTED_EDGE('',*,*,#2464,.T.);
#3791=ORIENTED_EDGE('',*,*,#2637,.T.);
#3792=ORIENTED_EDGE('',*,*,#2629,.F.);
#3793=ORIENTED_EDGE('',*,*,#2638,.F.);
#3794=ORIENTED_EDGE('',*,*,#2465,.T.);
#3795=ORIENTED_EDGE('',*,*,#2638,.T.);
#3796=ORIENTED_EDGE('',*,*,#2628,.F.);
#3797=ORIENTED_EDGE('',*,*,#2639,.F.);
#3798=ORIENTED_EDGE('',*,*,#2466,.T.);
#3799=ORIENTED_EDGE('',*,*,#2639,.T.);
#3800=ORIENTED_EDGE('',*,*,#2627,.F.);
#3801=ORIENTED_EDGE('',*,*,#2640,.F.);
#3802=ORIENTED_EDGE('',*,*,#2467,.T.);
#3803=ORIENTED_EDGE('',*,*,#2640,.T.);
#3804=ORIENTED_EDGE('',*,*,#2626,.F.);
#3805=ORIENTED_EDGE('',*,*,#2641,.F.);
#3806=ORIENTED_EDGE('',*,*,#2468,.T.);
#3807=ORIENTED_EDGE('',*,*,#2641,.T.);
#3808=ORIENTED_EDGE('',*,*,#2625,.F.);
#3809=ORIENTED_EDGE('',*,*,#2642,.F.);
#3810=ORIENTED_EDGE('',*,*,#2469,.T.);
#3811=ORIENTED_EDGE('',*,*,#2642,.T.);
#3812=ORIENTED_EDGE('',*,*,#2624,.F.);
#3813=ORIENTED_EDGE('',*,*,#2643,.F.);
#3814=ORIENTED_EDGE('',*,*,#2470,.T.);
#3815=ORIENTED_EDGE('',*,*,#2643,.T.);
#3816=ORIENTED_EDGE('',*,*,#2623,.F.);
#3817=ORIENTED_EDGE('',*,*,#2632,.F.);
#3818=CYLINDRICAL_SURFACE('',#4113,1.587462);
#3819=CYLINDRICAL_SURFACE('',#4116,1.587462);
#3820=CYLINDRICAL_SURFACE('',#4119,1.587462);
#3821=CYLINDRICAL_SURFACE('',#4122,1.587462);
#3822=CYLINDRICAL_SURFACE('',#4177,0.499999999999998);
#3823=CYLINDRICAL_SURFACE('',#4180,0.499999999999998);
#3824=CYLINDRICAL_SURFACE('',#4183,0.499999999999998);
#3825=CYLINDRICAL_SURFACE('',#4186,0.499999999999998);
#3826=CYLINDRICAL_SURFACE('',#4189,0.499999999999998);
#3827=CYLINDRICAL_SURFACE('',#4192,0.500000000000003);
#3828=CYLINDRICAL_SURFACE('',#4195,0.499999999999998);
#3829=CYLINDRICAL_SURFACE('',#4198,0.499999999999998);
#3830=CYLINDRICAL_SURFACE('',#4201,0.499999999999998);
#3831=CYLINDRICAL_SURFACE('',#4204,0.499999999999998);
#3832=CYLINDRICAL_SURFACE('',#4207,0.499999999999998);
#3833=CYLINDRICAL_SURFACE('',#4210,0.5);
#3834=CYLINDRICAL_SURFACE('',#4213,0.499999999999998);
#3835=CYLINDRICAL_SURFACE('',#4216,0.499999999999998);
#3836=CYLINDRICAL_SURFACE('',#4219,0.499999999999998);
#3837=CYLINDRICAL_SURFACE('',#4222,0.5);
#3838=CYLINDRICAL_SURFACE('',#4225,0.499999999999989);
#3839=CYLINDRICAL_SURFACE('',#4228,0.499999999999998);
#3840=CYLINDRICAL_SURFACE('',#4231,0.500000000000007);
#3841=CYLINDRICAL_SURFACE('',#4234,0.499999999999998);
#3842=CYLINDRICAL_SURFACE('',#4237,0.499999999999998);
#3843=CYLINDRICAL_SURFACE('',#4240,0.500000000000003);
#3844=CYLINDRICAL_SURFACE('',#4243,0.499999999999998);
#3845=CYLINDRICAL_SURFACE('',#4246,0.499999999999998);
#3846=CYLINDRICAL_SURFACE('',#4249,0.499999999999998);
#3847=CYLINDRICAL_SURFACE('',#4252,0.499999999999998);
#3848=CYLINDRICAL_SURFACE('',#4255,0.499999999999998);
#3849=CYLINDRICAL_SURFACE('',#4258,0.5);
#3850=CYLINDRICAL_SURFACE('',#4261,0.499999999999998);
#3851=CYLINDRICAL_SURFACE('',#4264,0.500000000000003);
#3852=CYLINDRICAL_SURFACE('',#4267,0.499999999999998);
#3853=CYLINDRICAL_SURFACE('',#4270,0.499999999999998);
#3854=CYLINDRICAL_SURFACE('',#4274,0.499999999999989);
#3855=CYLINDRICAL_SURFACE('',#4277,0.500000000000003);
#3856=CYLINDRICAL_SURFACE('',#4280,0.500000000000007);
#3857=CYLINDRICAL_SURFACE('',#4283,0.499999999999998);
#3858=CYLINDRICAL_SURFACE('',#4286,0.499999999999998);
#3859=CYLINDRICAL_SURFACE('',#4289,0.499999999999998);
#3860=CYLINDRICAL_SURFACE('',#4292,0.499999999999998);
#3861=CYLINDRICAL_SURFACE('',#4295,0.499999999999998);
#3862=CYLINDRICAL_SURFACE('',#4298,0.499999999999989);
#3863=CYLINDRICAL_SURFACE('',#4301,0.499999999999998);
#3864=CYLINDRICAL_SURFACE('',#4304,0.500000000000007);
#3865=CYLINDRICAL_SURFACE('',#4307,0.5);
#3866=CYLINDRICAL_SURFACE('',#4310,0.499999999999998);
#3867=CYLINDRICAL_SURFACE('',#4313,0.499999999999998);
#3868=CYLINDRICAL_SURFACE('',#4316,0.499999999999998);
#3869=CYLINDRICAL_SURFACE('',#4319,0.499999999999998);
#3870=CYLINDRICAL_SURFACE('',#4331,1.50240456118783);
#3871=CYLINDRICAL_SURFACE('',#4336,1.50245135945211);
#3872=CYLINDRICAL_SURFACE('',#4341,1.50246140159199);
#3873=CYLINDRICAL_SURFACE('',#4346,1.502484525023);
#3874=CYLINDRICAL_SURFACE('',#4348,3.50248452502301);
#3875=CYLINDRICAL_SURFACE('',#4353,3.502461401592);
#3876=CYLINDRICAL_SURFACE('',#4358,3.502451359452);
#3877=CYLINDRICAL_SURFACE('',#4363,3.502404561188);
#3878=CYLINDRICAL_SURFACE('',#4400,1.5);
#3879=CYLINDRICAL_SURFACE('',#4402,1.5);
#3880=CYLINDRICAL_SURFACE('',#4404,1.5);
#3881=CYLINDRICAL_SURFACE('',#4441,0.499999999999998);
#3882=CYLINDRICAL_SURFACE('',#4443,0.499999999999998);
#3883=CYLINDRICAL_SURFACE('',#4450,0.499999999999998);
#3884=CYLINDRICAL_SURFACE('',#4452,0.500000000000007);
#3885=CYLINDRICAL_SURFACE('',#4455,1.5);
#3886=CYLINDRICAL_SURFACE('',#4459,3.50248452502298);
#3887=CYLINDRICAL_SURFACE('',#4463,3.50246140159198);
#3888=ADVANCED_FACE('',(#218),#3818,.F.);
#3889=ADVANCED_FACE('',(#219),#3819,.F.);
#3890=ADVANCED_FACE('',(#220),#3820,.F.);
#3891=ADVANCED_FACE('',(#221),#3821,.F.);
#3892=ADVANCED_FACE('',(#222,#51,#52,#53,#54,#55,#56,#57,#58,#59,#60,#61,
#62,#63,#64,#65,#66),#92,.F.);
#3893=ADVANCED_FACE('',(#223),#93,.T.);
#3894=ADVANCED_FACE('',(#224),#3822,.F.);
#3895=ADVANCED_FACE('',(#225),#94,.T.);
#3896=ADVANCED_FACE('',(#226),#3823,.F.);
#3897=ADVANCED_FACE('',(#227),#95,.T.);
#3898=ADVANCED_FACE('',(#228),#3824,.F.);
#3899=ADVANCED_FACE('',(#229),#96,.T.);
#3900=ADVANCED_FACE('',(#230),#3825,.F.);
#3901=ADVANCED_FACE('',(#231),#97,.T.);
#3902=ADVANCED_FACE('',(#232),#3826,.F.);
#3903=ADVANCED_FACE('',(#233),#98,.T.);
#3904=ADVANCED_FACE('',(#234),#3827,.F.);
#3905=ADVANCED_FACE('',(#235),#99,.T.);
#3906=ADVANCED_FACE('',(#236),#3828,.F.);
#3907=ADVANCED_FACE('',(#237),#100,.T.);
#3908=ADVANCED_FACE('',(#238),#3829,.F.);
#3909=ADVANCED_FACE('',(#239),#101,.T.);
#3910=ADVANCED_FACE('',(#240),#3830,.F.);
#3911=ADVANCED_FACE('',(#241),#102,.T.);
#3912=ADVANCED_FACE('',(#242),#3831,.F.);
#3913=ADVANCED_FACE('',(#243),#103,.T.);
#3914=ADVANCED_FACE('',(#244),#3832,.F.);
#3915=ADVANCED_FACE('',(#245),#104,.T.);
#3916=ADVANCED_FACE('',(#246),#3833,.F.);
#3917=ADVANCED_FACE('',(#247),#105,.T.);
#3918=ADVANCED_FACE('',(#248),#3834,.F.);
#3919=ADVANCED_FACE('',(#249),#106,.T.);
#3920=ADVANCED_FACE('',(#250),#3835,.F.);
#3921=ADVANCED_FACE('',(#251),#107,.T.);
#3922=ADVANCED_FACE('',(#252),#3836,.F.);
#3923=ADVANCED_FACE('',(#253),#108,.T.);
#3924=ADVANCED_FACE('',(#254),#3837,.F.);
#3925=ADVANCED_FACE('',(#255),#109,.T.);
#3926=ADVANCED_FACE('',(#256),#3838,.F.);
#3927=ADVANCED_FACE('',(#257),#110,.T.);
#3928=ADVANCED_FACE('',(#258),#3839,.F.);
#3929=ADVANCED_FACE('',(#259),#111,.T.);
#3930=ADVANCED_FACE('',(#260),#3840,.F.);
#3931=ADVANCED_FACE('',(#261),#112,.T.);
#3932=ADVANCED_FACE('',(#262),#3841,.F.);
#3933=ADVANCED_FACE('',(#263),#113,.T.);
#3934=ADVANCED_FACE('',(#264),#3842,.F.);
#3935=ADVANCED_FACE('',(#265),#114,.T.);
#3936=ADVANCED_FACE('',(#266),#3843,.F.);
#3937=ADVANCED_FACE('',(#267),#115,.T.);
#3938=ADVANCED_FACE('',(#268),#3844,.F.);
#3939=ADVANCED_FACE('',(#269),#116,.T.);
#3940=ADVANCED_FACE('',(#270),#3845,.F.);
#3941=ADVANCED_FACE('',(#271),#117,.T.);
#3942=ADVANCED_FACE('',(#272),#3846,.F.);
#3943=ADVANCED_FACE('',(#273),#118,.T.);
#3944=ADVANCED_FACE('',(#274),#3847,.F.);
#3945=ADVANCED_FACE('',(#275),#119,.T.);
#3946=ADVANCED_FACE('',(#276),#3848,.F.);
#3947=ADVANCED_FACE('',(#277),#120,.T.);
#3948=ADVANCED_FACE('',(#278),#3849,.F.);
#3949=ADVANCED_FACE('',(#279),#121,.T.);
#3950=ADVANCED_FACE('',(#280),#3850,.F.);
#3951=ADVANCED_FACE('',(#281),#122,.T.);
#3952=ADVANCED_FACE('',(#282),#3851,.F.);
#3953=ADVANCED_FACE('',(#283),#123,.T.);
#3954=ADVANCED_FACE('',(#284),#3852,.F.);
#3955=ADVANCED_FACE('',(#285),#124,.T.);
#3956=ADVANCED_FACE('',(#286),#3853,.F.);
#3957=ADVANCED_FACE('',(#287),#125,.T.);
#3958=ADVANCED_FACE('',(#288),#126,.T.);
#3959=ADVANCED_FACE('',(#289),#3854,.F.);
#3960=ADVANCED_FACE('',(#290),#127,.T.);
#3961=ADVANCED_FACE('',(#291),#3855,.F.);
#3962=ADVANCED_FACE('',(#292),#128,.T.);
#3963=ADVANCED_FACE('',(#293),#3856,.F.);
#3964=ADVANCED_FACE('',(#294),#129,.T.);
#3965=ADVANCED_FACE('',(#295),#3857,.F.);
#3966=ADVANCED_FACE('',(#296),#130,.T.);
#3967=ADVANCED_FACE('',(#297),#3858,.F.);
#3968=ADVANCED_FACE('',(#298),#131,.T.);
#3969=ADVANCED_FACE('',(#299),#3859,.F.);
#3970=ADVANCED_FACE('',(#300),#132,.T.);
#3971=ADVANCED_FACE('',(#301),#3860,.F.);
#3972=ADVANCED_FACE('',(#302),#133,.T.);
#3973=ADVANCED_FACE('',(#303),#3861,.F.);
#3974=ADVANCED_FACE('',(#304),#134,.T.);
#3975=ADVANCED_FACE('',(#305),#3862,.F.);
#3976=ADVANCED_FACE('',(#306),#135,.T.);
#3977=ADVANCED_FACE('',(#307),#3863,.F.);
#3978=ADVANCED_FACE('',(#308),#136,.T.);
#3979=ADVANCED_FACE('',(#309),#3864,.F.);
#3980=ADVANCED_FACE('',(#310),#137,.T.);
#3981=ADVANCED_FACE('',(#311),#3865,.F.);
#3982=ADVANCED_FACE('',(#312),#138,.T.);
#3983=ADVANCED_FACE('',(#313),#3866,.F.);
#3984=ADVANCED_FACE('',(#314),#139,.T.);
#3985=ADVANCED_FACE('',(#315),#3867,.F.);
#3986=ADVANCED_FACE('',(#316),#140,.T.);
#3987=ADVANCED_FACE('',(#317),#3868,.F.);
#3988=ADVANCED_FACE('',(#318),#141,.T.);
#3989=ADVANCED_FACE('',(#319),#3869,.F.);
#3990=ADVANCED_FACE('',(#320,#67,#68,#69,#70,#71,#72,#73,#74,#75,#76,#77,
#78,#79,#80,#81,#82,#83),#142,.T.);
#3991=ADVANCED_FACE('',(#321),#143,.T.);
#3992=ADVANCED_FACE('',(#322),#144,.T.);
#3993=ADVANCED_FACE('',(#323),#145,.T.);
#3994=ADVANCED_FACE('',(#324),#3870,.F.);
#3995=ADVANCED_FACE('',(#325),#146,.T.);
#3996=ADVANCED_FACE('',(#326),#147,.T.);
#3997=ADVANCED_FACE('',(#327),#148,.T.);
#3998=ADVANCED_FACE('',(#328),#3871,.F.);
#3999=ADVANCED_FACE('',(#329),#149,.T.);
#4000=ADVANCED_FACE('',(#330),#150,.T.);
#4001=ADVANCED_FACE('',(#331),#151,.T.);
#4002=ADVANCED_FACE('',(#332),#3872,.F.);
#4003=ADVANCED_FACE('',(#333),#152,.T.);
#4004=ADVANCED_FACE('',(#334),#153,.T.);
#4005=ADVANCED_FACE('',(#335),#154,.T.);
#4006=ADVANCED_FACE('',(#336),#3873,.F.);
#4007=ADVANCED_FACE('',(#337),#3874,.T.);
#4008=ADVANCED_FACE('',(#338),#155,.T.);
#4009=ADVANCED_FACE('',(#339),#156,.T.);
#4010=ADVANCED_FACE('',(#340),#157,.T.);
#4011=ADVANCED_FACE('',(#341),#3875,.T.);
#4012=ADVANCED_FACE('',(#342),#158,.T.);
#4013=ADVANCED_FACE('',(#343),#159,.T.);
#4014=ADVANCED_FACE('',(#344),#160,.T.);
#4015=ADVANCED_FACE('',(#345),#3876,.T.);
#4016=ADVANCED_FACE('',(#346),#161,.T.);
#4017=ADVANCED_FACE('',(#347),#162,.T.);
#4018=ADVANCED_FACE('',(#348),#163,.T.);
#4019=ADVANCED_FACE('',(#349),#3877,.T.);
#4020=ADVANCED_FACE('',(#350),#164,.T.);
#4021=ADVANCED_FACE('',(#351),#165,.T.);
#4022=ADVANCED_FACE('',(#352),#166,.T.);
#4023=ADVANCED_FACE('',(#353,#84),#167,.F.);
#4024=ADVANCED_FACE('',(#354),#39,.F.);
#4025=ADVANCED_FACE('',(#355,#85,#86,#87,#88,#89),#168,.F.);
#4026=ADVANCED_FACE('',(#356),#40,.F.);
#4027=ADVANCED_FACE('',(#357),#169,.T.);
#4028=ADVANCED_FACE('',(#358),#170,.T.);
#4029=ADVANCED_FACE('',(#359),#41,.F.);
#4030=ADVANCED_FACE('',(#360),#171,.T.);
#4031=ADVANCED_FACE('',(#361),#172,.T.);
#4032=ADVANCED_FACE('',(#362),#173,.T.);
#4033=ADVANCED_FACE('',(#363),#174,.T.);
#4034=ADVANCED_FACE('',(#364),#42,.F.);
#4035=ADVANCED_FACE('',(#365),#175,.T.);
#4036=ADVANCED_FACE('',(#366),#21,.T.);
#4037=ADVANCED_FACE('',(#367),#176,.T.);
#4038=ADVANCED_FACE('',(#368),#22,.T.);
#4039=ADVANCED_FACE('',(#369),#23,.T.);
#4040=ADVANCED_FACE('',(#370),#24,.T.);
#4041=ADVANCED_FACE('',(#371),#3878,.F.);
#4042=ADVANCED_FACE('',(#372),#177,.T.);
#4043=ADVANCED_FACE('',(#373),#3879,.F.);
#4044=ADVANCED_FACE('',(#374),#178,.T.);
#4045=ADVANCED_FACE('',(#375),#3880,.F.);
#4046=ADVANCED_FACE('',(#376),#179,.T.);
#4047=ADVANCED_FACE('',(#377),#180,.T.);
#4048=ADVANCED_FACE('',(#378),#181,.T.);
#4049=ADVANCED_FACE('',(#379),#182,.T.);
#4050=ADVANCED_FACE('',(#380),#183,.T.);
#4051=ADVANCED_FACE('',(#381),#184,.T.);
#4052=ADVANCED_FACE('',(#382),#185,.T.);
#4053=ADVANCED_FACE('',(#383),#186,.T.);
#4054=ADVANCED_FACE('',(#384),#187,.T.);
#4055=ADVANCED_FACE('',(#385),#188,.T.);
#4056=ADVANCED_FACE('',(#386),#189,.T.);
#4057=ADVANCED_FACE('',(#387),#190,.T.);
#4058=ADVANCED_FACE('',(#388),#191,.T.);
#4059=ADVANCED_FACE('',(#389),#192,.T.);
#4060=ADVANCED_FACE('',(#390),#193,.F.);
#4061=ADVANCED_FACE('',(#391),#194,.F.);
#4062=ADVANCED_FACE('',(#392),#195,.F.);
#4063=ADVANCED_FACE('',(#393),#196,.F.);
#4064=ADVANCED_FACE('',(#394,#90),#197,.F.);
#4065=ADVANCED_FACE('',(#395),#198,.T.);
#4066=ADVANCED_FACE('',(#396),#199,.T.);
#4067=ADVANCED_FACE('',(#397),#43,.F.);
#4068=ADVANCED_FACE('',(#398),#200,.T.);
#4069=ADVANCED_FACE('',(#399),#44,.F.);
#4070=ADVANCED_FACE('',(#400),#201,.T.);
#4071=ADVANCED_FACE('',(#401),#45,.F.);
#4072=ADVANCED_FACE('',(#402),#202,.T.);
#4073=ADVANCED_FACE('',(#403),#46,.F.);
#4074=ADVANCED_FACE('',(#404),#3881,.F.);
#4075=ADVANCED_FACE('',(#405),#203,.T.);
#4076=ADVANCED_FACE('',(#406),#3882,.F.);
#4077=ADVANCED_FACE('',(#407),#204,.T.);
#4078=ADVANCED_FACE('',(#408,#91),#205,.T.);
#4079=ADVANCED_FACE('',(#409),#206,.T.);
#4080=ADVANCED_FACE('',(#410),#207,.T.);
#4081=ADVANCED_FACE('',(#411),#3883,.F.);
#4082=ADVANCED_FACE('',(#412),#208,.T.);
#4083=ADVANCED_FACE('',(#413),#3884,.F.);
#4084=ADVANCED_FACE('',(#414),#209,.T.);
#4085=ADVANCED_FACE('',(#415),#210,.T.);
#4086=ADVANCED_FACE('',(#416),#3885,.F.);
#4087=ADVANCED_FACE('',(#417),#211,.T.);
#4088=ADVANCED_FACE('',(#418),#212,.T.);
#4089=ADVANCED_FACE('',(#419),#213,.T.);
#4090=ADVANCED_FACE('',(#420),#3886,.T.);
#4091=ADVANCED_FACE('',(#421),#214,.T.);
#4092=ADVANCED_FACE('',(#422),#215,.T.);
#4093=ADVANCED_FACE('',(#423),#216,.T.);
#4094=ADVANCED_FACE('',(#424),#3887,.T.);
#4095=ADVANCED_FACE('',(#425),#217,.T.);
#4096=CLOSED_SHELL('',(#3888,#3889,#3890,#3891,#3892,#3893,#3894,#3895,
#3896,#3897,#3898,#3899,#3900,#3901,#3902,#3903,#3904,#3905,#3906,#3907,
#3908,#3909,#3910,#3911,#3912,#3913,#3914,#3915,#3916,#3917,#3918,#3919,
#3920,#3921,#3922,#3923,#3924,#3925,#3926,#3927,#3928,#3929,#3930,#3931,
#3932,#3933,#3934,#3935,#3936,#3937,#3938,#3939,#3940,#3941,#3942,#3943,
#3944,#3945,#3946,#3947,#3948,#3949,#3950,#3951,#3952,#3953,#3954,#3955,
#3956,#3957,#3958,#3959,#3960,#3961,#3962,#3963,#3964,#3965,#3966,#3967,
#3968,#3969,#3970,#3971,#3972,#3973,#3974,#3975,#3976,#3977,#3978,#3979,
#3980,#3981,#3982,#3983,#3984,#3985,#3986,#3987,#3988,#3989,#3990,#3991,
#3992,#3993,#3994,#3995,#3996,#3997,#3998,#3999,#4000,#4001,#4002,#4003,
#4004,#4005,#4006,#4007,#4008,#4009,#4010,#4011,#4012,#4013,#4014,#4015,
#4016,#4017,#4018,#4019,#4020,#4021,#4022,#4023));
#4097=CLOSED_SHELL('',(#4024,#4025,#4026,#4027,#4028,#4029,#4030,#4031,
#4032,#4033,#4034,#4035,#4036,#4037,#4038,#4039,#4040,#4041,#4042,#4043,
#4044,#4045,#4046,#4047,#4048,#4049,#4050,#4051,#4052,#4053,#4054,#4055,
#4056,#4057,#4058,#4059,#4060,#4061,#4062,#4063,#4064,#4065,#4066,#4067,
#4068,#4069,#4070,#4071,#4072,#4073,#4074,#4075,#4076,#4077,#4078,#4079,
#4080,#4081,#4082,#4083,#4084,#4085,#4086,#4087,#4088,#4089,#4090,#4091,
#4092,#4093,#4094,#4095));
#4098=DERIVED_UNIT_ELEMENT(#4100,1.);
#4099=DERIVED_UNIT_ELEMENT(#6913,-3.);
#4100=(
MASS_UNIT()
NAMED_UNIT(*)
SI_UNIT(.KILO.,.GRAM.)
);
#4101=DERIVED_UNIT((#4098,#4099));
#4102=MEASURE_REPRESENTATION_ITEM('density measure',
POSITIVE_RATIO_MEASURE(7850.),#4101);
#4103=PROPERTY_DEFINITION_REPRESENTATION(#4108,#4105);
#4104=PROPERTY_DEFINITION_REPRESENTATION(#4109,#4106);
#4105=REPRESENTATION('material name',(#4107),#6910);
#4106=REPRESENTATION('density',(#4102),#6910);
#4107=DESCRIPTIVE_REPRESENTATION_ITEM('Steel','Steel');
#4108=PROPERTY_DEFINITION('material property','material name',#6930);
#4109=PROPERTY_DEFINITION('material property','density of part',#6930);
#4110=AXIS2_PLACEMENT_3D('',#5606,#4467,#4468);
#4111=AXIS2_PLACEMENT_3D('',#5607,#4469,#4470);
#4112=AXIS2_PLACEMENT_3D('',#5608,#4471,#4472);
#4113=AXIS2_PLACEMENT_3D('',#5609,#4473,#4474);
#4114=AXIS2_PLACEMENT_3D('',#5611,#4475,#4476);
#4115=AXIS2_PLACEMENT_3D('',#5614,#4478,#4479);
#4116=AXIS2_PLACEMENT_3D('',#5615,#4480,#4481);
#4117=AXIS2_PLACEMENT_3D('',#5617,#4482,#4483);
#4118=AXIS2_PLACEMENT_3D('',#5620,#4485,#4486);
#4119=AXIS2_PLACEMENT_3D('',#5621,#4487,#4488);
#4120=AXIS2_PLACEMENT_3D('',#5623,#4489,#4490);
#4121=AXIS2_PLACEMENT_3D('',#5626,#4492,#4493);
#4122=AXIS2_PLACEMENT_3D('',#5627,#4494,#4495);
#4123=AXIS2_PLACEMENT_3D('',#5629,#4496,#4497);
#4124=AXIS2_PLACEMENT_3D('',#5632,#4499,#4500);
#4125=AXIS2_PLACEMENT_3D('',#5633,#4501,#4502);
#4126=AXIS2_PLACEMENT_3D('',#5644,#4507,#4508);
#4127=AXIS2_PLACEMENT_3D('',#5652,#4512,#4513);
#4128=AXIS2_PLACEMENT_3D('',#5656,#4515,#4516);
#4129=AXIS2_PLACEMENT_3D('',#5660,#4518,#4519);
#4130=AXIS2_PLACEMENT_3D('',#5664,#4521,#4522);
#4131=AXIS2_PLACEMENT_3D('',#5668,#4524,#4525);
#4132=AXIS2_PLACEMENT_3D('',#5672,#4527,#4528);
#4133=AXIS2_PLACEMENT_3D('',#5676,#4530,#4531);
#4134=AXIS2_PLACEMENT_3D('',#5680,#4533,#4534);
#4135=AXIS2_PLACEMENT_3D('',#5684,#4536,#4537);
#4136=AXIS2_PLACEMENT_3D('',#5688,#4539,#4540);
#4137=AXIS2_PLACEMENT_3D('',#5692,#4542,#4543);
#4138=AXIS2_PLACEMENT_3D('',#5696,#4545,#4546);
#4139=AXIS2_PLACEMENT_3D('',#5700,#4548,#4549);
#4140=AXIS2_PLACEMENT_3D('',#5704,#4551,#4552);
#4141=AXIS2_PLACEMENT_3D('',#5708,#4554,#4555);
#4142=AXIS2_PLACEMENT_3D('',#5712,#4557,#4558);
#4143=AXIS2_PLACEMENT_3D('',#5716,#4560,#4561);
#4144=AXIS2_PLACEMENT_3D('',#5720,#4563,#4564);
#4145=AXIS2_PLACEMENT_3D('',#5724,#4566,#4567);
#4146=AXIS2_PLACEMENT_3D('',#5728,#4569,#4570);
#4147=AXIS2_PLACEMENT_3D('',#5732,#4572,#4573);
#4148=AXIS2_PLACEMENT_3D('',#5736,#4575,#4576);
#4149=AXIS2_PLACEMENT_3D('',#5740,#4578,#4579);
#4150=AXIS2_PLACEMENT_3D('',#5744,#4581,#4582);
#4151=AXIS2_PLACEMENT_3D('',#5748,#4584,#4585);
#4152=AXIS2_PLACEMENT_3D('',#5752,#4587,#4588);
#4153=AXIS2_PLACEMENT_3D('',#5756,#4590,#4591);
#4154=AXIS2_PLACEMENT_3D('',#5760,#4593,#4594);
#4155=AXIS2_PLACEMENT_3D('',#5764,#4596,#4597);
#4156=AXIS2_PLACEMENT_3D('',#5768,#4599,#4600);
#4157=AXIS2_PLACEMENT_3D('',#5772,#4602,#4603);
#4158=AXIS2_PLACEMENT_3D('',#5776,#4605,#4606);
#4159=AXIS2_PLACEMENT_3D('',#5780,#4608,#4609);
#4160=AXIS2_PLACEMENT_3D('',#5784,#4611,#4612);
#4161=AXIS2_PLACEMENT_3D('',#5788,#4614,#4615);
#4162=AXIS2_PLACEMENT_3D('',#5792,#4617,#4618);
#4163=AXIS2_PLACEMENT_3D('',#5796,#4620,#4621);
#4164=AXIS2_PLACEMENT_3D('',#5800,#4623,#4624);
#4165=AXIS2_PLACEMENT_3D('',#5804,#4626,#4627);
#4166=AXIS2_PLACEMENT_3D('',#5808,#4629,#4630);
#4167=AXIS2_PLACEMENT_3D('',#5812,#4632,#4633);
#4168=AXIS2_PLACEMENT_3D('',#5816,#4635,#4636);
#4169=AXIS2_PLACEMENT_3D('',#5820,#4638,#4639);
#4170=AXIS2_PLACEMENT_3D('',#5824,#4641,#4642);
#4171=AXIS2_PLACEMENT_3D('',#5828,#4644,#4645);
#4172=AXIS2_PLACEMENT_3D('',#5832,#4647,#4648);
#4173=AXIS2_PLACEMENT_3D('',#5836,#4650,#4651);
#4174=AXIS2_PLACEMENT_3D('',#5840,#4653,#4654);
#4175=AXIS2_PLACEMENT_3D('',#5844,#4656,#4657);
#4176=AXIS2_PLACEMENT_3D('',#5846,#4659,#4660);
#4177=AXIS2_PLACEMENT_3D('',#5852,#4664,#4665);
#4178=AXIS2_PLACEMENT_3D('',#5854,#4666,#4667);
#4179=AXIS2_PLACEMENT_3D('',#5856,#4669,#4670);
#4180=AXIS2_PLACEMENT_3D('',#5860,#4673,#4674);
#4181=AXIS2_PLACEMENT_3D('',#5862,#4675,#4676);
#4182=AXIS2_PLACEMENT_3D('',#5864,#4678,#4679);
#4183=AXIS2_PLACEMENT_3D('',#5868,#4682,#4683);
#4184=AXIS2_PLACEMENT_3D('',#5870,#4684,#4685);
#4185=AXIS2_PLACEMENT_3D('',#5872,#4687,#4688);
#4186=AXIS2_PLACEMENT_3D('',#5876,#4691,#4692);
#4187=AXIS2_PLACEMENT_3D('',#5877,#4693,#4694);
#4188=AXIS2_PLACEMENT_3D('',#5878,#4695,#4696);
#4189=AXIS2_PLACEMENT_3D('',#5884,#4700,#4701);
#4190=AXIS2_PLACEMENT_3D('',#5886,#4702,#4703);
#4191=AXIS2_PLACEMENT_3D('',#5888,#4705,#4706);
#4192=AXIS2_PLACEMENT_3D('',#5892,#4709,#4710);
#4193=AXIS2_PLACEMENT_3D('',#5894,#4711,#4712);
#4194=AXIS2_PLACEMENT_3D('',#5896,#4714,#4715);
#4195=AXIS2_PLACEMENT_3D('',#5900,#4718,#4719);
#4196=AXIS2_PLACEMENT_3D('',#5902,#4720,#4721);
#4197=AXIS2_PLACEMENT_3D('',#5904,#4723,#4724);
#4198=AXIS2_PLACEMENT_3D('',#5908,#4727,#4728);
#4199=AXIS2_PLACEMENT_3D('',#5909,#4729,#4730);
#4200=AXIS2_PLACEMENT_3D('',#5910,#4731,#4732);
#4201=AXIS2_PLACEMENT_3D('',#5916,#4736,#4737);
#4202=AXIS2_PLACEMENT_3D('',#5918,#4738,#4739);
#4203=AXIS2_PLACEMENT_3D('',#5920,#4741,#4742);
#4204=AXIS2_PLACEMENT_3D('',#5924,#4745,#4746);
#4205=AXIS2_PLACEMENT_3D('',#5926,#4747,#4748);
#4206=AXIS2_PLACEMENT_3D('',#5928,#4750,#4751);
#4207=AXIS2_PLACEMENT_3D('',#5932,#4754,#4755);
#4208=AXIS2_PLACEMENT_3D('',#5934,#4756,#4757);
#4209=AXIS2_PLACEMENT_3D('',#5936,#4759,#4760);
#4210=AXIS2_PLACEMENT_3D('',#5940,#4763,#4764);
#4211=AXIS2_PLACEMENT_3D('',#5941,#4765,#4766);
#4212=AXIS2_PLACEMENT_3D('',#5942,#4767,#4768);
#4213=AXIS2_PLACEMENT_3D('',#5948,#4772,#4773);
#4214=AXIS2_PLACEMENT_3D('',#5950,#4774,#4775);
#4215=AXIS2_PLACEMENT_3D('',#5952,#4777,#4778);
#4216=AXIS2_PLACEMENT_3D('',#5956,#4781,#4782);
#4217=AXIS2_PLACEMENT_3D('',#5958,#4783,#4784);
#4218=AXIS2_PLACEMENT_3D('',#5960,#4786,#4787);
#4219=AXIS2_PLACEMENT_3D('',#5964,#4790,#4791);
#4220=AXIS2_PLACEMENT_3D('',#5966,#4792,#4793);
#4221=AXIS2_PLACEMENT_3D('',#5968,#4795,#4796);
#4222=AXIS2_PLACEMENT_3D('',#5972,#4799,#4800);
#4223=AXIS2_PLACEMENT_3D('',#5973,#4801,#4802);
#4224=AXIS2_PLACEMENT_3D('',#5974,#4803,#4804);
#4225=AXIS2_PLACEMENT_3D('',#5980,#4808,#4809);
#4226=AXIS2_PLACEMENT_3D('',#5982,#4810,#4811);
#4227=AXIS2_PLACEMENT_3D('',#5984,#4813,#4814);
#4228=AXIS2_PLACEMENT_3D('',#5988,#4817,#4818);
#4229=AXIS2_PLACEMENT_3D('',#5990,#4819,#4820);
#4230=AXIS2_PLACEMENT_3D('',#5992,#4822,#4823);
#4231=AXIS2_PLACEMENT_3D('',#5996,#4826,#4827);
#4232=AXIS2_PLACEMENT_3D('',#5998,#4828,#4829);
#4233=AXIS2_PLACEMENT_3D('',#6000,#4831,#4832);
#4234=AXIS2_PLACEMENT_3D('',#6004,#4835,#4836);
#4235=AXIS2_PLACEMENT_3D('',#6005,#4837,#4838);
#4236=AXIS2_PLACEMENT_3D('',#6006,#4839,#4840);
#4237=AXIS2_PLACEMENT_3D('',#6012,#4844,#4845);
#4238=AXIS2_PLACEMENT_3D('',#6014,#4846,#4847);
#4239=AXIS2_PLACEMENT_3D('',#6016,#4849,#4850);
#4240=AXIS2_PLACEMENT_3D('',#6020,#4853,#4854);
#4241=AXIS2_PLACEMENT_3D('',#6022,#4855,#4856);
#4242=AXIS2_PLACEMENT_3D('',#6024,#4858,#4859);
#4243=AXIS2_PLACEMENT_3D('',#6028,#4862,#4863);
#4244=AXIS2_PLACEMENT_3D('',#6030,#4864,#4865);
#4245=AXIS2_PLACEMENT_3D('',#6032,#4867,#4868);
#4246=AXIS2_PLACEMENT_3D('',#6036,#4871,#4872);
#4247=AXIS2_PLACEMENT_3D('',#6037,#4873,#4874);
#4248=AXIS2_PLACEMENT_3D('',#6038,#4875,#4876);
#4249=AXIS2_PLACEMENT_3D('',#6044,#4880,#4881);
#4250=AXIS2_PLACEMENT_3D('',#6046,#4882,#4883);
#4251=AXIS2_PLACEMENT_3D('',#6048,#4885,#4886);
#4252=AXIS2_PLACEMENT_3D('',#6052,#4889,#4890);
#4253=AXIS2_PLACEMENT_3D('',#6054,#4891,#4892);
#4254=AXIS2_PLACEMENT_3D('',#6056,#4894,#4895);
#4255=AXIS2_PLACEMENT_3D('',#6060,#4898,#4899);
#4256=AXIS2_PLACEMENT_3D('',#6062,#4900,#4901);
#4257=AXIS2_PLACEMENT_3D('',#6064,#4903,#4904);
#4258=AXIS2_PLACEMENT_3D('',#6068,#4907,#4908);
#4259=AXIS2_PLACEMENT_3D('',#6069,#4909,#4910);
#4260=AXIS2_PLACEMENT_3D('',#6070,#4911,#4912);
#4261=AXIS2_PLACEMENT_3D('',#6076,#4916,#4917);
#4262=AXIS2_PLACEMENT_3D('',#6078,#4918,#4919);
#4263=AXIS2_PLACEMENT_3D('',#6080,#4921,#4922);
#4264=AXIS2_PLACEMENT_3D('',#6084,#4925,#4926);
#4265=AXIS2_PLACEMENT_3D('',#6086,#4927,#4928);
#4266=AXIS2_PLACEMENT_3D('',#6088,#4930,#4931);
#4267=AXIS2_PLACEMENT_3D('',#6092,#4934,#4935);
#4268=AXIS2_PLACEMENT_3D('',#6094,#4936,#4937);
#4269=AXIS2_PLACEMENT_3D('',#6096,#4939,#4940);
#4270=AXIS2_PLACEMENT_3D('',#6100,#4943,#4944);
#4271=AXIS2_PLACEMENT_3D('',#6101,#4945,#4946);
#4272=AXIS2_PLACEMENT_3D('',#6102,#4947,#4948);
#4273=AXIS2_PLACEMENT_3D('',#6108,#4952,#4953);
#4274=AXIS2_PLACEMENT_3D('',#6114,#4957,#4958);
#4275=AXIS2_PLACEMENT_3D('',#6116,#4959,#4960);
#4276=AXIS2_PLACEMENT_3D('',#6118,#4962,#4963);
#4277=AXIS2_PLACEMENT_3D('',#6122,#4966,#4967);
#4278=AXIS2_PLACEMENT_3D('',#6124,#4968,#4969);
#4279=AXIS2_PLACEMENT_3D('',#6126,#4971,#4972);
#4280=AXIS2_PLACEMENT_3D('',#6130,#4975,#4976);
#4281=AXIS2_PLACEMENT_3D('',#6132,#4977,#4978);
#4282=AXIS2_PLACEMENT_3D('',#6134,#4980,#4981);
#4283=AXIS2_PLACEMENT_3D('',#6138,#4984,#4985);
#4284=AXIS2_PLACEMENT_3D('',#6139,#4986,#4987);
#4285=AXIS2_PLACEMENT_3D('',#6140,#4988,#4989);
#4286=AXIS2_PLACEMENT_3D('',#6146,#4993,#4994);
#4287=AXIS2_PLACEMENT_3D('',#6148,#4995,#4996);
#4288=AXIS2_PLACEMENT_3D('',#6150,#4998,#4999);
#4289=AXIS2_PLACEMENT_3D('',#6154,#5002,#5003);
#4290=AXIS2_PLACEMENT_3D('',#6156,#5004,#5005);
#4291=AXIS2_PLACEMENT_3D('',#6158,#5007,#5008);
#4292=AXIS2_PLACEMENT_3D('',#6162,#5011,#5012);
#4293=AXIS2_PLACEMENT_3D('',#6164,#5013,#5014);
#4294=AXIS2_PLACEMENT_3D('',#6166,#5016,#5017);
#4295=AXIS2_PLACEMENT_3D('',#6170,#5020,#5021);
#4296=AXIS2_PLACEMENT_3D('',#6171,#5022,#5023);
#4297=AXIS2_PLACEMENT_3D('',#6172,#5024,#5025);
#4298=AXIS2_PLACEMENT_3D('',#6178,#5029,#5030);
#4299=AXIS2_PLACEMENT_3D('',#6180,#5031,#5032);
#4300=AXIS2_PLACEMENT_3D('',#6182,#5034,#5035);
#4301=AXIS2_PLACEMENT_3D('',#6186,#5038,#5039);
#4302=AXIS2_PLACEMENT_3D('',#6188,#5040,#5041);
#4303=AXIS2_PLACEMENT_3D('',#6190,#5043,#5044);
#4304=AXIS2_PLACEMENT_3D('',#6194,#5047,#5048);
#4305=AXIS2_PLACEMENT_3D('',#6196,#5049,#5050);
#4306=AXIS2_PLACEMENT_3D('',#6198,#5052,#5053);
#4307=AXIS2_PLACEMENT_3D('',#6202,#5056,#5057);
#4308=AXIS2_PLACEMENT_3D('',#6203,#5058,#5059);
#4309=AXIS2_PLACEMENT_3D('',#6204,#5060,#5061);
#4310=AXIS2_PLACEMENT_3D('',#6210,#5065,#5066);
#4311=AXIS2_PLACEMENT_3D('',#6212,#5067,#5068);
#4312=AXIS2_PLACEMENT_3D('',#6214,#5070,#5071);
#4313=AXIS2_PLACEMENT_3D('',#6218,#5074,#5075);
#4314=AXIS2_PLACEMENT_3D('',#6220,#5076,#5077);
#4315=AXIS2_PLACEMENT_3D('',#6222,#5079,#5080);
#4316=AXIS2_PLACEMENT_3D('',#6226,#5083,#5084);
#4317=AXIS2_PLACEMENT_3D('',#6228,#5085,#5086);
#4318=AXIS2_PLACEMENT_3D('',#6230,#5088,#5089);
#4319=AXIS2_PLACEMENT_3D('',#6234,#5092,#5093);
#4320=AXIS2_PLACEMENT_3D('',#6235,#5094,#5095);
#4321=AXIS2_PLACEMENT_3D('',#6236,#5096,#5097);
#4322=AXIS2_PLACEMENT_3D('',#6239,#5098,#5099);
#4323=AXIS2_PLACEMENT_3D('',#6247,#5103,#5104);
#4324=AXIS2_PLACEMENT_3D('',#6255,#5108,#5109);
#4325=AXIS2_PLACEMENT_3D('',#6263,#5113,#5114);
#4326=AXIS2_PLACEMENT_3D('',#6274,#5120,#5121);
#4327=AXIS2_PLACEMENT_3D('',#6282,#5125,#5126);
#4328=AXIS2_PLACEMENT_3D('',#6286,#5129,#5130);
#4329=AXIS2_PLACEMENT_3D('',#6292,#5134,#5135);
#4330=AXIS2_PLACEMENT_3D('',#6296,#5138,#5139);
#4331=AXIS2_PLACEMENT_3D('',#6300,#5142,#5143);
#4332=AXIS2_PLACEMENT_3D('',#6302,#5144,#5145);
#4333=AXIS2_PLACEMENT_3D('',#6304,#5147,#5148);
#4334=AXIS2_PLACEMENT_3D('',#6308,#5151,#5152);
#4335=AXIS2_PLACEMENT_3D('',#6312,#5155,#5156);
#4336=AXIS2_PLACEMENT_3D('',#6316,#5159,#5160);
#4337=AXIS2_PLACEMENT_3D('',#6318,#5161,#5162);
#4338=AXIS2_PLACEMENT_3D('',#6320,#5164,#5165);
#4339=AXIS2_PLACEMENT_3D('',#6324,#5168,#5169);
#4340=AXIS2_PLACEMENT_3D('',#6328,#5172,#5173);
#4341=AXIS2_PLACEMENT_3D('',#6332,#5176,#5177);
#4342=AXIS2_PLACEMENT_3D('',#6334,#5178,#5179);
#4343=AXIS2_PLACEMENT_3D('',#6336,#5181,#5182);
#4344=AXIS2_PLACEMENT_3D('',#6340,#5185,#5186);
#4345=AXIS2_PLACEMENT_3D('',#6344,#5189,#5190);
#4346=AXIS2_PLACEMENT_3D('',#6348,#5193,#5194);
#4347=AXIS2_PLACEMENT_3D('',#6349,#5195,#5196);
#4348=AXIS2_PLACEMENT_3D('',#6350,#5197,#5198);
#4349=AXIS2_PLACEMENT_3D('',#6353,#5199,#5200);
#4350=AXIS2_PLACEMENT_3D('',#6356,#5203,#5204);
#4351=AXIS2_PLACEMENT_3D('',#6360,#5207,#5208);
#4352=AXIS2_PLACEMENT_3D('',#6364,#5211,#5212);
#4353=AXIS2_PLACEMENT_3D('',#6368,#5215,#5216);
#4354=AXIS2_PLACEMENT_3D('',#6370,#5217,#5218);
#4355=AXIS2_PLACEMENT_3D('',#6372,#5220,#5221);
#4356=AXIS2_PLACEMENT_3D('',#6376,#5224,#5225);
#4357=AXIS2_PLACEMENT_3D('',#6380,#5228,#5229);
#4358=AXIS2_PLACEMENT_3D('',#6384,#5232,#5233);
#4359=AXIS2_PLACEMENT_3D('',#6386,#5234,#5235);
#4360=AXIS2_PLACEMENT_3D('',#6388,#5237,#5238);
#4361=AXIS2_PLACEMENT_3D('',#6392,#5241,#5242);
#4362=AXIS2_PLACEMENT_3D('',#6396,#5245,#5246);
#4363=AXIS2_PLACEMENT_3D('',#6400,#5249,#5250);
#4364=AXIS2_PLACEMENT_3D('',#6402,#5251,#5252);
#4365=AXIS2_PLACEMENT_3D('',#6404,#5254,#5255);
#4366=AXIS2_PLACEMENT_3D('',#6408,#5258,#5259);
#4367=AXIS2_PLACEMENT_3D('',#6412,#5262,#5263);
#4368=AXIS2_PLACEMENT_3D('',#6414,#5265,#5266);
#4369=AXIS2_PLACEMENT_3D('',#6415,#5267,#5268);
#4370=AXIS2_PLACEMENT_3D('',#6417,#5269,#5270);
#4371=AXIS2_PLACEMENT_3D('',#6420,#5272,#5273);
#4372=AXIS2_PLACEMENT_3D('',#6421,#5274,#5275);
#4373=AXIS2_PLACEMENT_3D('',#6430,#5279,#5280);
#4374=AXIS2_PLACEMENT_3D('',#6438,#5284,#5285);
#4375=AXIS2_PLACEMENT_3D('',#6443,#5288,#5289);
#4376=AXIS2_PLACEMENT_3D('',#6446,#5290,#5291);
#4377=AXIS2_PLACEMENT_3D('',#6450,#5293,#5294);
#4378=AXIS2_PLACEMENT_3D('',#6454,#5296,#5297);
#4379=AXIS2_PLACEMENT_3D('',#6458,#5299,#5300);
#4380=AXIS2_PLACEMENT_3D('',#6464,#5303,#5304);
#4381=AXIS2_PLACEMENT_3D('',#6468,#5306,#5307);
#4382=AXIS2_PLACEMENT_3D('',#6472,#5309,#5310);
#4383=AXIS2_PLACEMENT_3D('',#6475,#5312,#5313);
#4384=AXIS2_PLACEMENT_3D('',#6484,#5318,#5319);
#4385=AXIS2_PLACEMENT_3D('',#6487,#5321,#5322);
#4386=AXIS2_PLACEMENT_3D('',#6488,#5323,#5324);
#4387=AXIS2_PLACEMENT_3D('',#6489,#5325,#5326);
#4388=AXIS2_PLACEMENT_3D('',#6490,#5327,#5328);
#4389=AXIS2_PLACEMENT_3D('',#6493,#5329,#5330);
#4390=AXIS2_PLACEMENT_3D('',#6497,#5332,#5333);
#4391=AXIS2_PLACEMENT_3D('',#6502,#5334,#5335);
#4392=AXIS2_PLACEMENT_3D('',#6508,#5339,#5340);
#4393=AXIS2_PLACEMENT_3D('',#6517,#5343,#5344);
#4394=AXIS2_PLACEMENT_3D('',#6523,#5348,#5349);
#4395=AXIS2_PLACEMENT_3D('',#6532,#5354,#5355);
#4396=AXIS2_PLACEMENT_3D('',#6533,#5356,#5357);
#4397=AXIS2_PLACEMENT_3D('',#6534,#5358,#5359);
#4398=AXIS2_PLACEMENT_3D('',#6535,#5360,#5361);
#4399=AXIS2_PLACEMENT_3D('',#6585,#5366,#5367);
#4400=AXIS2_PLACEMENT_3D('',#6680,#5371,#5372);
#4401=AXIS2_PLACEMENT_3D('',#6683,#5375,#5376);
#4402=AXIS2_PLACEMENT_3D('',#6685,#5378,#5379);
#4403=AXIS2_PLACEMENT_3D('',#6687,#5381,#5382);
#4404=AXIS2_PLACEMENT_3D('',#6689,#5384,#5385);
#4405=AXIS2_PLACEMENT_3D('',#6691,#5387,#5388);
#4406=AXIS2_PLACEMENT_3D('',#6718,#5403,#5404);
#4407=AXIS2_PLACEMENT_3D('',#6724,#5408,#5409);
#4408=AXIS2_PLACEMENT_3D('',#6730,#5413,#5414);
#4409=AXIS2_PLACEMENT_3D('',#6733,#5417,#5418);
#4410=AXIS2_PLACEMENT_3D('',#6739,#5422,#5423);
#4411=AXIS2_PLACEMENT_3D('',#6743,#5426,#5427);
#4412=AXIS2_PLACEMENT_3D('',#6747,#5430,#5431);
#4413=AXIS2_PLACEMENT_3D('',#6749,#5433,#5434);
#4414=AXIS2_PLACEMENT_3D('',#6755,#5438,#5439);
#4415=AXIS2_PLACEMENT_3D('',#6761,#5443,#5444);
#4416=AXIS2_PLACEMENT_3D('',#6767,#5448,#5449);
#4417=AXIS2_PLACEMENT_3D('',#6771,#5452,#5453);
#4418=AXIS2_PLACEMENT_3D('',#6775,#5456,#5457);
#4419=AXIS2_PLACEMENT_3D('',#6777,#5459,#5460);
#4420=AXIS2_PLACEMENT_3D('',#6783,#5464,#5465);
#4421=AXIS2_PLACEMENT_3D('',#6787,#5468,#5469);
#4422=AXIS2_PLACEMENT_3D('',#6791,#5472,#5473);
#4423=AXIS2_PLACEMENT_3D('',#6793,#5475,#5476);
#4424=AXIS2_PLACEMENT_3D('',#6796,#5479,#5480);
#4425=AXIS2_PLACEMENT_3D('',#6797,#5481,#5482);
#4426=AXIS2_PLACEMENT_3D('',#6806,#5487,#5488);
#4427=AXIS2_PLACEMENT_3D('',#6810,#5490,#5491);
#4428=AXIS2_PLACEMENT_3D('',#6811,#5492,#5493);
#4429=AXIS2_PLACEMENT_3D('',#6812,#5494,#5495);
#4430=AXIS2_PLACEMENT_3D('',#6818,#5499,#5500);
#4431=AXIS2_PLACEMENT_3D('',#6822,#5502,#5503);
#4432=AXIS2_PLACEMENT_3D('',#6823,#5504,#5505);
#4433=AXIS2_PLACEMENT_3D('',#6824,#5506,#5507);
#4434=AXIS2_PLACEMENT_3D('',#6830,#5511,#5512);
#4435=AXIS2_PLACEMENT_3D('',#6834,#5514,#5515);
#4436=AXIS2_PLACEMENT_3D('',#6835,#5516,#5517);
#4437=AXIS2_PLACEMENT_3D('',#6836,#5518,#5519);
#4438=AXIS2_PLACEMENT_3D('',#6842,#5523,#5524);
#4439=AXIS2_PLACEMENT_3D('',#6843,#5525,#5526);
#4440=AXIS2_PLACEMENT_3D('',#6844,#5527,#5528);
#4441=AXIS2_PLACEMENT_3D('',#6845,#5529,#5530);
#4442=AXIS2_PLACEMENT_3D('',#6848,#5533,#5534);
#4443=AXIS2_PLACEMENT_3D('',#6850,#5536,#5537);
#4444=AXIS2_PLACEMENT_3D('',#6852,#5539,#5540);
#4445=AXIS2_PLACEMENT_3D('',#6854,#5542,#5543);
#4446=AXIS2_PLACEMENT_3D('',#6860,#5546,#5547);
#4447=AXIS2_PLACEMENT_3D('',#6868,#5551,#5552);
#4448=AXIS2_PLACEMENT_3D('',#6872,#5555,#5556);
#4449=AXIS2_PLACEMENT_3D('',#6874,#5558,#5559);
#4450=AXIS2_PLACEMENT_3D('',#6876,#5561,#5562);
#4451=AXIS2_PLACEMENT_3D('',#6878,#5564,#5565);
#4452=AXIS2_PLACEMENT_3D('',#6880,#5567,#5568);
#4453=AXIS2_PLACEMENT_3D('',#6882,#5570,#5571);
#4454=AXIS2_PLACEMENT_3D('',#6883,#5572,#5573);
#4455=AXIS2_PLACEMENT_3D('',#6885,#5575,#5576);
#4456=AXIS2_PLACEMENT_3D('',#6886,#5577,#5578);
#4457=AXIS2_PLACEMENT_3D('',#6887,#5579,#5580);
#4458=AXIS2_PLACEMENT_3D('',#6889,#5582,#5583);
#4459=AXIS2_PLACEMENT_3D('',#6891,#5585,#5586);
#4460=AXIS2_PLACEMENT_3D('',#6893,#5588,#5589);
#4461=AXIS2_PLACEMENT_3D('',#6895,#5591,#5592);
#4462=AXIS2_PLACEMENT_3D('',#6897,#5594,#5595);
#4463=AXIS2_PLACEMENT_3D('',#6899,#5597,#5598);
#4464=AXIS2_PLACEMENT_3D('',#6901,#5600,#5601);
#4465=AXIS2_PLACEMENT_3D('',#6902,#5602,#5603);
#4466=AXIS2_PLACEMENT_3D('',#6903,#5604,#5605);
#4467=DIRECTION('axis',(0.,0.,1.));
#4468=DIRECTION('refdir',(1.,0.,0.));
#4469=DIRECTION('axis',(0.,0.,1.));
#4470=DIRECTION('refdir',(1.,0.,0.));
#4471=DIRECTION('axis',(0.,0.,1.));
#4472=DIRECTION('refdir',(1.,0.,0.));
#4473=DIRECTION('center_axis',(0.,0.,-1.));
#4474=DIRECTION('ref_axis',(-1.,0.,0.));
#4475=DIRECTION('center_axis',(0.,0.,-1.));
#4476=DIRECTION('ref_axis',(-1.,0.,0.));
#4477=DIRECTION('',(0.,0.,-1.));
#4478=DIRECTION('center_axis',(0.,0.,1.));
#4479=DIRECTION('ref_axis',(-1.,0.,0.));
#4480=DIRECTION('center_axis',(0.,0.,-1.));
#4481=DIRECTION('ref_axis',(-1.,0.,0.));
#4482=DIRECTION('center_axis',(0.,0.,-1.));
#4483=DIRECTION('ref_axis',(-1.,0.,0.));
#4484=DIRECTION('',(0.,0.,-1.));
#4485=DIRECTION('center_axis',(0.,0.,1.));
#4486=DIRECTION('ref_axis',(-1.,0.,0.));
#4487=DIRECTION('center_axis',(0.,0.,-1.));
#4488=DIRECTION('ref_axis',(-1.,0.,0.));
#4489=DIRECTION('center_axis',(0.,0.,-1.));
#4490=DIRECTION('ref_axis',(-1.,0.,0.));
#4491=DIRECTION('',(0.,0.,-1.));
#4492=DIRECTION('center_axis',(0.,0.,1.));
#4493=DIRECTION('ref_axis',(-1.,0.,0.));
#4494=DIRECTION('center_axis',(0.,0.,-1.));
#4495=DIRECTION('ref_axis',(-1.,0.,0.));
#4496=DIRECTION('center_axis',(0.,0.,-1.));
#4497=DIRECTION('ref_axis',(-1.,0.,0.));
#4498=DIRECTION('',(0.,0.,-1.));
#4499=DIRECTION('center_axis',(0.,0.,1.));
#4500=DIRECTION('ref_axis',(-1.,0.,0.));
#4501=DIRECTION('center_axis',(0.,0.,1.));
#4502=DIRECTION('ref_axis',(-1.,0.,0.));
#4503=DIRECTION('',(0.,1.,0.));
#4504=DIRECTION('',(-1.,0.,0.));
#4505=DIRECTION('',(0.,-1.,0.));
#4506=DIRECTION('',(-0.0126336715591262,-0.999920191986808,0.));
#4507=DIRECTION('center_axis',(0.,0.,-1.));
#4508=DIRECTION('ref_axis',(0.0731162550298516,-0.997323424597262,0.));
#4509=DIRECTION('',(-0.999917831837358,-0.0128191097068724,0.));
#4510=DIRECTION('',(-1.,0.,0.));
#4511=DIRECTION('',(-0.999914438534692,0.0130811165368577,0.));
#4512=DIRECTION('center_axis',(0.,0.,-1.));
#4513=DIRECTION('ref_axis',(-0.99733215691852,-0.0729970463529334,0.));
#4514=DIRECTION('',(-0.0130756624595645,0.999914509871341,0.));
#4515=DIRECTION('center_axis',(0.,0.,-1.));
#4516=DIRECTION('ref_axis',(0.,-1.,0.));
#4517=DIRECTION('',(0.,-1.,0.));
#4518=DIRECTION('center_axis',(0.,0.,-1.));
#4519=DIRECTION('ref_axis',(1.,0.,0.));
#4520=DIRECTION('',(1.,0.,0.));
#4521=DIRECTION('center_axis',(0.,0.,-1.));
#4522=DIRECTION('ref_axis',(0.,1.,0.));
#4523=DIRECTION('',(0.,1.,0.));
#4524=DIRECTION('center_axis',(0.,0.,-1.));
#4525=DIRECTION('ref_axis',(-1.,0.,0.));
#4526=DIRECTION('',(-1.,0.,0.));
#4527=DIRECTION('center_axis',(0.,0.,-1.));
#4528=DIRECTION('ref_axis',(0.,-1.,0.));
#4529=DIRECTION('',(0.,-1.,0.));
#4530=DIRECTION('center_axis',(0.,0.,-1.));
#4531=DIRECTION('ref_axis',(1.,0.,0.));
#4532=DIRECTION('',(1.,0.,0.));
#4533=DIRECTION('center_axis',(0.,0.,-1.));
#4534=DIRECTION('ref_axis',(0.,1.,0.));
#4535=DIRECTION('',(0.,1.,0.));
#4536=DIRECTION('center_axis',(0.,0.,-1.));
#4537=DIRECTION('ref_axis',(-1.,0.,0.));
#4538=DIRECTION('',(-1.,0.,0.));
#4539=DIRECTION('center_axis',(0.,0.,-1.));
#4540=DIRECTION('ref_axis',(0.,-1.,0.));
#4541=DIRECTION('',(0.,-1.,0.));
#4542=DIRECTION('center_axis',(0.,0.,-1.));
#4543=DIRECTION('ref_axis',(1.,0.,0.));
#4544=DIRECTION('',(1.,0.,0.));
#4545=DIRECTION('center_axis',(0.,0.,-1.));
#4546=DIRECTION('ref_axis',(0.,1.,0.));
#4547=DIRECTION('',(0.,1.,0.));
#4548=DIRECTION('center_axis',(0.,0.,-1.));
#4549=DIRECTION('ref_axis',(-1.,0.,0.));
#4550=DIRECTION('',(-1.,0.,0.));
#4551=DIRECTION('center_axis',(0.,0.,-1.));
#4552=DIRECTION('ref_axis',(0.,-1.,0.));
#4553=DIRECTION('',(0.,-1.,0.));
#4554=DIRECTION('center_axis',(0.,0.,-1.));
#4555=DIRECTION('ref_axis',(1.,0.,0.));
#4556=DIRECTION('',(1.,0.,0.));
#4557=DIRECTION('center_axis',(0.,0.,-1.));
#4558=DIRECTION('ref_axis',(0.,1.,0.));
#4559=DIRECTION('',(0.,1.,0.));
#4560=DIRECTION('center_axis',(0.,0.,-1.));
#4561=DIRECTION('ref_axis',(-1.,0.,0.));
#4562=DIRECTION('',(-1.,0.,0.));
#4563=DIRECTION('center_axis',(0.,0.,-1.));
#4564=DIRECTION('ref_axis',(0.,-1.,0.));
#4565=DIRECTION('',(0.,-1.,0.));
#4566=DIRECTION('center_axis',(0.,0.,-1.));
#4567=DIRECTION('ref_axis',(1.,0.,0.));
#4568=DIRECTION('',(1.,0.,0.));
#4569=DIRECTION('center_axis',(0.,0.,-1.));
#4570=DIRECTION('ref_axis',(0.,1.,0.));
#4571=DIRECTION('',(0.,1.,0.));
#4572=DIRECTION('center_axis',(0.,0.,-1.));
#4573=DIRECTION('ref_axis',(-1.,0.,0.));
#4574=DIRECTION('',(-1.,0.,0.));
#4575=DIRECTION('center_axis',(0.,0.,-1.));
#4576=DIRECTION('ref_axis',(0.,-1.,0.));
#4577=DIRECTION('',(0.,-1.,0.));
#4578=DIRECTION('center_axis',(0.,0.,-1.));
#4579=DIRECTION('ref_axis',(1.,0.,0.));
#4580=DIRECTION('',(1.,0.,0.));
#4581=DIRECTION('center_axis',(0.,0.,-1.));
#4582=DIRECTION('ref_axis',(0.,1.,0.));
#4583=DIRECTION('',(0.,1.,0.));
#4584=DIRECTION('center_axis',(0.,0.,-1.));
#4585=DIRECTION('ref_axis',(-1.,0.,0.));
#4586=DIRECTION('',(-1.,0.,0.));
#4587=DIRECTION('center_axis',(0.,0.,-1.));
#4588=DIRECTION('ref_axis',(0.,-1.,0.));
#4589=DIRECTION('',(0.,-1.,0.));
#4590=DIRECTION('center_axis',(0.,0.,-1.));
#4591=DIRECTION('ref_axis',(1.,0.,0.));
#4592=DIRECTION('',(1.,0.,0.));
#4593=DIRECTION('center_axis',(0.,0.,-1.));
#4594=DIRECTION('ref_axis',(0.,1.,0.));
#4595=DIRECTION('',(0.,1.,0.));
#4596=DIRECTION('center_axis',(0.,0.,-1.));
#4597=DIRECTION('ref_axis',(-1.,0.,0.));
#4598=DIRECTION('',(-1.,0.,0.));
#4599=DIRECTION('center_axis',(0.,0.,-1.));
#4600=DIRECTION('ref_axis',(0.,-1.,0.));
#4601=DIRECTION('',(0.,-1.,0.));
#4602=DIRECTION('center_axis',(0.,0.,-1.));
#4603=DIRECTION('ref_axis',(1.,0.,0.));
#4604=DIRECTION('',(1.,0.,0.));
#4605=DIRECTION('center_axis',(0.,0.,-1.));
#4606=DIRECTION('ref_axis',(0.,1.,0.));
#4607=DIRECTION('',(0.,1.,0.));
#4608=DIRECTION('center_axis',(0.,0.,-1.));
#4609=DIRECTION('ref_axis',(-1.,0.,0.));
#4610=DIRECTION('',(-1.,0.,0.));
#4611=DIRECTION('center_axis',(0.,0.,-1.));
#4612=DIRECTION('ref_axis',(0.,-1.,0.));
#4613=DIRECTION('',(0.,-1.,0.));
#4614=DIRECTION('center_axis',(0.,0.,-1.));
#4615=DIRECTION('ref_axis',(1.,0.,0.));
#4616=DIRECTION('',(1.,0.,0.));
#4617=DIRECTION('center_axis',(0.,0.,-1.));
#4618=DIRECTION('ref_axis',(0.,1.,0.));
#4619=DIRECTION('',(0.,1.,0.));
#4620=DIRECTION('center_axis',(0.,0.,-1.));
#4621=DIRECTION('ref_axis',(-1.,0.,0.));
#4622=DIRECTION('',(-1.,0.,0.));
#4623=DIRECTION('center_axis',(0.,0.,-1.));
#4624=DIRECTION('ref_axis',(0.,-1.,0.));
#4625=DIRECTION('',(0.,-1.,0.));
#4626=DIRECTION('center_axis',(0.,0.,-1.));
#4627=DIRECTION('ref_axis',(1.,0.,0.));
#4628=DIRECTION('',(1.,0.,0.));
#4629=DIRECTION('center_axis',(0.,0.,-1.));
#4630=DIRECTION('ref_axis',(0.,1.,0.));
#4631=DIRECTION('',(0.,1.,0.));
#4632=DIRECTION('center_axis',(0.,0.,-1.));
#4633=DIRECTION('ref_axis',(-1.,0.,0.));
#4634=DIRECTION('',(-1.,0.,0.));
#4635=DIRECTION('center_axis',(0.,0.,-1.));
#4636=DIRECTION('ref_axis',(0.,-1.,0.));
#4637=DIRECTION('',(0.,-1.,0.));
#4638=DIRECTION('center_axis',(0.,0.,-1.));
#4639=DIRECTION('ref_axis',(1.,0.,0.));
#4640=DIRECTION('',(1.,0.,0.));
#4641=DIRECTION('center_axis',(0.,0.,-1.));
#4642=DIRECTION('ref_axis',(0.,1.,0.));
#4643=DIRECTION('',(0.,1.,0.));
#4644=DIRECTION('center_axis',(0.,0.,-1.));
#4645=DIRECTION('ref_axis',(-1.,0.,0.));
#4646=DIRECTION('',(-1.,0.,0.));
#4647=DIRECTION('center_axis',(0.,0.,-1.));
#4648=DIRECTION('ref_axis',(0.,-1.,0.));
#4649=DIRECTION('',(0.,-1.,0.));
#4650=DIRECTION('center_axis',(0.,0.,-1.));
#4651=DIRECTION('ref_axis',(1.,0.,0.));
#4652=DIRECTION('',(1.,0.,0.));
#4653=DIRECTION('center_axis',(0.,0.,-1.));
#4654=DIRECTION('ref_axis',(0.,1.,0.));
#4655=DIRECTION('',(0.,1.,0.));
#4656=DIRECTION('center_axis',(0.,0.,-1.));
#4657=DIRECTION('ref_axis',(-1.,0.,0.));
#4658=DIRECTION('',(-1.,0.,0.));
#4659=DIRECTION('center_axis',(-1.,0.,0.));
#4660=DIRECTION('ref_axis',(0.,-1.,0.));
#4661=DIRECTION('',(0.,0.,1.));
#4662=DIRECTION('',(0.,-1.,0.));
#4663=DIRECTION('',(0.,0.,1.));
#4664=DIRECTION('center_axis',(0.,0.,1.));
#4665=DIRECTION('ref_axis',(1.,0.,0.));
#4666=DIRECTION('center_axis',(0.,0.,-1.));
#4667=DIRECTION('ref_axis',(1.,0.,0.));
#4668=DIRECTION('',(0.,0.,1.));
#4669=DIRECTION('center_axis',(0.,-1.,0.));
#4670=DIRECTION('ref_axis',(1.,0.,0.));
#4671=DIRECTION('',(1.,0.,0.));
#4672=DIRECTION('',(0.,0.,1.));
#4673=DIRECTION('center_axis',(0.,0.,1.));
#4674=DIRECTION('ref_axis',(0.,1.,0.));
#4675=DIRECTION('center_axis',(0.,0.,-1.));
#4676=DIRECTION('ref_axis',(0.,1.,0.));
#4677=DIRECTION('',(0.,0.,1.));
#4678=DIRECTION('center_axis',(1.,0.,0.));
#4679=DIRECTION('ref_axis',(0.,1.,0.));
#4680=DIRECTION('',(0.,1.,0.));
#4681=DIRECTION('',(0.,0.,1.));
#4682=DIRECTION('center_axis',(0.,0.,1.));
#4683=DIRECTION('ref_axis',(-1.,0.,0.));
#4684=DIRECTION('center_axis',(0.,0.,-1.));
#4685=DIRECTION('ref_axis',(-1.,0.,0.));
#4686=DIRECTION('',(0.,0.,1.));
#4687=DIRECTION('center_axis',(0.,1.,0.));
#4688=DIRECTION('ref_axis',(-1.,0.,0.));
#4689=DIRECTION('',(-1.,0.,0.));
#4690=DIRECTION('',(0.,0.,1.));
#4691=DIRECTION('center_axis',(0.,0.,1.));
#4692=DIRECTION('ref_axis',(0.,-1.,0.));
#4693=DIRECTION('center_axis',(0.,0.,-1.));
#4694=DIRECTION('ref_axis',(0.,-1.,0.));
#4695=DIRECTION('center_axis',(-1.,0.,0.));
#4696=DIRECTION('ref_axis',(0.,-1.,0.));
#4697=DIRECTION('',(0.,0.,1.));
#4698=DIRECTION('',(0.,-1.,0.));
#4699=DIRECTION('',(0.,0.,1.));
#4700=DIRECTION('center_axis',(0.,0.,1.));
#4701=DIRECTION('ref_axis',(1.,0.,0.));
#4702=DIRECTION('center_axis',(0.,0.,-1.));
#4703=DIRECTION('ref_axis',(1.,0.,0.));
#4704=DIRECTION('',(0.,0.,1.));
#4705=DIRECTION('center_axis',(0.,-1.,0.));
#4706=DIRECTION('ref_axis',(1.,0.,0.));
#4707=DIRECTION('',(1.,0.,0.));
#4708=DIRECTION('',(0.,0.,1.));
#4709=DIRECTION('center_axis',(0.,0.,1.));
#4710=DIRECTION('ref_axis',(0.,1.,0.));
#4711=DIRECTION('center_axis',(0.,0.,-1.));
#4712=DIRECTION('ref_axis',(0.,1.,0.));
#4713=DIRECTION('',(0.,0.,1.));
#4714=DIRECTION('center_axis',(1.,0.,0.));
#4715=DIRECTION('ref_axis',(0.,1.,0.));
#4716=DIRECTION('',(0.,1.,0.));
#4717=DIRECTION('',(0.,0.,1.));
#4718=DIRECTION('center_axis',(0.,0.,1.));
#4719=DIRECTION('ref_axis',(-1.,0.,0.));
#4720=DIRECTION('center_axis',(0.,0.,-1.));
#4721=DIRECTION('ref_axis',(-1.,0.,0.));
#4722=DIRECTION('',(0.,0.,1.));
#4723=DIRECTION('center_axis',(0.,1.,0.));
#4724=DIRECTION('ref_axis',(-1.,0.,0.));
#4725=DIRECTION('',(-1.,0.,0.));
#4726=DIRECTION('',(0.,0.,1.));
#4727=DIRECTION('center_axis',(0.,0.,1.));
#4728=DIRECTION('ref_axis',(0.,-1.,0.));
#4729=DIRECTION('center_axis',(0.,0.,-1.));
#4730=DIRECTION('ref_axis',(0.,-1.,0.));
#4731=DIRECTION('center_axis',(-1.,0.,0.));
#4732=DIRECTION('ref_axis',(0.,-1.,0.));
#4733=DIRECTION('',(0.,0.,1.));
#4734=DIRECTION('',(0.,-1.,0.));
#4735=DIRECTION('',(0.,0.,1.));
#4736=DIRECTION('center_axis',(0.,0.,1.));
#4737=DIRECTION('ref_axis',(1.,0.,0.));
#4738=DIRECTION('center_axis',(0.,0.,-1.));
#4739=DIRECTION('ref_axis',(1.,0.,0.));
#4740=DIRECTION('',(0.,0.,1.));
#4741=DIRECTION('center_axis',(0.,-1.,0.));
#4742=DIRECTION('ref_axis',(1.,0.,0.));
#4743=DIRECTION('',(1.,0.,0.));
#4744=DIRECTION('',(0.,0.,1.));
#4745=DIRECTION('center_axis',(0.,0.,1.));
#4746=DIRECTION('ref_axis',(0.,1.,0.));
#4747=DIRECTION('center_axis',(0.,0.,-1.));
#4748=DIRECTION('ref_axis',(0.,1.,0.));
#4749=DIRECTION('',(0.,0.,1.));
#4750=DIRECTION('center_axis',(1.,0.,0.));
#4751=DIRECTION('ref_axis',(0.,1.,0.));
#4752=DIRECTION('',(0.,1.,0.));
#4753=DIRECTION('',(0.,0.,1.));
#4754=DIRECTION('center_axis',(0.,0.,1.));
#4755=DIRECTION('ref_axis',(-1.,0.,0.));
#4756=DIRECTION('center_axis',(0.,0.,-1.));
#4757=DIRECTION('ref_axis',(-1.,0.,0.));
#4758=DIRECTION('',(0.,0.,1.));
#4759=DIRECTION('center_axis',(0.,1.,0.));
#4760=DIRECTION('ref_axis',(-1.,0.,0.));
#4761=DIRECTION('',(-1.,0.,0.));
#4762=DIRECTION('',(0.,0.,1.));
#4763=DIRECTION('center_axis',(0.,0.,1.));
#4764=DIRECTION('ref_axis',(0.,-1.,0.));
#4765=DIRECTION('center_axis',(0.,0.,-1.));
#4766=DIRECTION('ref_axis',(0.,-1.,0.));
#4767=DIRECTION('center_axis',(-1.,0.,0.));
#4768=DIRECTION('ref_axis',(0.,-1.,0.));
#4769=DIRECTION('',(0.,0.,1.));
#4770=DIRECTION('',(0.,-1.,0.));
#4771=DIRECTION('',(0.,0.,1.));
#4772=DIRECTION('center_axis',(0.,0.,1.));
#4773=DIRECTION('ref_axis',(1.,0.,0.));
#4774=DIRECTION('center_axis',(0.,0.,-1.));
#4775=DIRECTION('ref_axis',(1.,0.,0.));
#4776=DIRECTION('',(0.,0.,1.));
#4777=DIRECTION('center_axis',(0.,-1.,0.));
#4778=DIRECTION('ref_axis',(1.,0.,0.));
#4779=DIRECTION('',(1.,0.,0.));
#4780=DIRECTION('',(0.,0.,1.));
#4781=DIRECTION('center_axis',(0.,0.,1.));
#4782=DIRECTION('ref_axis',(0.,1.,0.));
#4783=DIRECTION('center_axis',(0.,0.,-1.));
#4784=DIRECTION('ref_axis',(0.,1.,0.));
#4785=DIRECTION('',(0.,0.,1.));
#4786=DIRECTION('center_axis',(1.,0.,0.));
#4787=DIRECTION('ref_axis',(0.,1.,0.));
#4788=DIRECTION('',(0.,1.,0.));
#4789=DIRECTION('',(0.,0.,1.));
#4790=DIRECTION('center_axis',(0.,0.,1.));
#4791=DIRECTION('ref_axis',(-1.,0.,0.));
#4792=DIRECTION('center_axis',(0.,0.,-1.));
#4793=DIRECTION('ref_axis',(-1.,0.,0.));
#4794=DIRECTION('',(0.,0.,1.));
#4795=DIRECTION('center_axis',(0.,1.,0.));
#4796=DIRECTION('ref_axis',(-1.,0.,0.));
#4797=DIRECTION('',(-1.,0.,0.));
#4798=DIRECTION('',(0.,0.,1.));
#4799=DIRECTION('center_axis',(0.,0.,1.));
#4800=DIRECTION('ref_axis',(0.,-1.,0.));
#4801=DIRECTION('center_axis',(0.,0.,-1.));
#4802=DIRECTION('ref_axis',(0.,-1.,0.));
#4803=DIRECTION('center_axis',(-1.,0.,0.));
#4804=DIRECTION('ref_axis',(0.,-1.,0.));
#4805=DIRECTION('',(0.,0.,1.));
#4806=DIRECTION('',(0.,-1.,0.));
#4807=DIRECTION('',(0.,0.,1.));
#4808=DIRECTION('center_axis',(0.,0.,1.));
#4809=DIRECTION('ref_axis',(1.,0.,0.));
#4810=DIRECTION('center_axis',(0.,0.,-1.));
#4811=DIRECTION('ref_axis',(1.,0.,0.));
#4812=DIRECTION('',(0.,0.,1.));
#4813=DIRECTION('center_axis',(0.,-1.,0.));
#4814=DIRECTION('ref_axis',(1.,0.,0.));
#4815=DIRECTION('',(1.,0.,0.));
#4816=DIRECTION('',(0.,0.,1.));
#4817=DIRECTION('center_axis',(0.,0.,1.));
#4818=DIRECTION('ref_axis',(0.,1.,0.));
#4819=DIRECTION('center_axis',(0.,0.,-1.));
#4820=DIRECTION('ref_axis',(0.,1.,0.));
#4821=DIRECTION('',(0.,0.,1.));
#4822=DIRECTION('center_axis',(1.,0.,0.));
#4823=DIRECTION('ref_axis',(0.,1.,0.));
#4824=DIRECTION('',(0.,1.,0.));
#4825=DIRECTION('',(0.,0.,1.));
#4826=DIRECTION('center_axis',(0.,0.,1.));
#4827=DIRECTION('ref_axis',(-1.,0.,0.));
#4828=DIRECTION('center_axis',(0.,0.,-1.));
#4829=DIRECTION('ref_axis',(-1.,0.,0.));
#4830=DIRECTION('',(0.,0.,1.));
#4831=DIRECTION('center_axis',(0.,1.,0.));
#4832=DIRECTION('ref_axis',(-1.,0.,0.));
#4833=DIRECTION('',(-1.,0.,0.));
#4834=DIRECTION('',(0.,0.,1.));
#4835=DIRECTION('center_axis',(0.,0.,1.));
#4836=DIRECTION('ref_axis',(0.,-1.,0.));
#4837=DIRECTION('center_axis',(0.,0.,-1.));
#4838=DIRECTION('ref_axis',(0.,-1.,0.));
#4839=DIRECTION('center_axis',(-1.,0.,0.));
#4840=DIRECTION('ref_axis',(0.,-1.,0.));
#4841=DIRECTION('',(0.,0.,1.));
#4842=DIRECTION('',(0.,-1.,0.));
#4843=DIRECTION('',(0.,0.,1.));
#4844=DIRECTION('center_axis',(0.,0.,1.));
#4845=DIRECTION('ref_axis',(1.,0.,0.));
#4846=DIRECTION('center_axis',(0.,0.,-1.));
#4847=DIRECTION('ref_axis',(1.,0.,0.));
#4848=DIRECTION('',(0.,0.,1.));
#4849=DIRECTION('center_axis',(0.,-1.,0.));
#4850=DIRECTION('ref_axis',(1.,0.,0.));
#4851=DIRECTION('',(1.,0.,0.));
#4852=DIRECTION('',(0.,0.,1.));
#4853=DIRECTION('center_axis',(0.,0.,1.));
#4854=DIRECTION('ref_axis',(0.,1.,0.));
#4855=DIRECTION('center_axis',(0.,0.,-1.));
#4856=DIRECTION('ref_axis',(0.,1.,0.));
#4857=DIRECTION('',(0.,0.,1.));
#4858=DIRECTION('center_axis',(1.,0.,0.));
#4859=DIRECTION('ref_axis',(0.,1.,0.));
#4860=DIRECTION('',(0.,1.,0.));
#4861=DIRECTION('',(0.,0.,1.));
#4862=DIRECTION('center_axis',(0.,0.,1.));
#4863=DIRECTION('ref_axis',(-1.,0.,0.));
#4864=DIRECTION('center_axis',(0.,0.,-1.));
#4865=DIRECTION('ref_axis',(-1.,0.,0.));
#4866=DIRECTION('',(0.,0.,1.));
#4867=DIRECTION('center_axis',(0.,1.,0.));
#4868=DIRECTION('ref_axis',(-1.,0.,0.));
#4869=DIRECTION('',(-1.,0.,0.));
#4870=DIRECTION('',(0.,0.,1.));
#4871=DIRECTION('center_axis',(0.,0.,1.));
#4872=DIRECTION('ref_axis',(0.,-1.,0.));
#4873=DIRECTION('center_axis',(0.,0.,-1.));
#4874=DIRECTION('ref_axis',(0.,-1.,0.));
#4875=DIRECTION('center_axis',(-1.,0.,0.));
#4876=DIRECTION('ref_axis',(0.,-1.,0.));
#4877=DIRECTION('',(0.,0.,1.));
#4878=DIRECTION('',(0.,-1.,0.));
#4879=DIRECTION('',(0.,0.,1.));
#4880=DIRECTION('center_axis',(0.,0.,1.));
#4881=DIRECTION('ref_axis',(1.,0.,0.));
#4882=DIRECTION('center_axis',(0.,0.,-1.));
#4883=DIRECTION('ref_axis',(1.,0.,0.));
#4884=DIRECTION('',(0.,0.,1.));
#4885=DIRECTION('center_axis',(0.,-1.,0.));
#4886=DIRECTION('ref_axis',(1.,0.,0.));
#4887=DIRECTION('',(1.,0.,0.));
#4888=DIRECTION('',(0.,0.,1.));
#4889=DIRECTION('center_axis',(0.,0.,1.));
#4890=DIRECTION('ref_axis',(0.,1.,0.));
#4891=DIRECTION('center_axis',(0.,0.,-1.));
#4892=DIRECTION('ref_axis',(0.,1.,0.));
#4893=DIRECTION('',(0.,0.,1.));
#4894=DIRECTION('center_axis',(1.,0.,0.));
#4895=DIRECTION('ref_axis',(0.,1.,0.));
#4896=DIRECTION('',(0.,1.,0.));
#4897=DIRECTION('',(0.,0.,1.));
#4898=DIRECTION('center_axis',(0.,0.,1.));
#4899=DIRECTION('ref_axis',(-1.,0.,0.));
#4900=DIRECTION('center_axis',(0.,0.,-1.));
#4901=DIRECTION('ref_axis',(-1.,0.,0.));
#4902=DIRECTION('',(0.,0.,1.));
#4903=DIRECTION('center_axis',(0.,1.,0.));
#4904=DIRECTION('ref_axis',(-1.,0.,0.));
#4905=DIRECTION('',(-1.,0.,0.));
#4906=DIRECTION('',(0.,0.,1.));
#4907=DIRECTION('center_axis',(0.,0.,1.));
#4908=DIRECTION('ref_axis',(0.,-1.,0.));
#4909=DIRECTION('center_axis',(0.,0.,-1.));
#4910=DIRECTION('ref_axis',(0.,-1.,0.));
#4911=DIRECTION('center_axis',(-1.,0.,0.));
#4912=DIRECTION('ref_axis',(0.,-1.,0.));
#4913=DIRECTION('',(0.,0.,1.));
#4914=DIRECTION('',(0.,-1.,0.));
#4915=DIRECTION('',(0.,0.,1.));
#4916=DIRECTION('center_axis',(0.,0.,1.));
#4917=DIRECTION('ref_axis',(1.,0.,0.));
#4918=DIRECTION('center_axis',(0.,0.,-1.));
#4919=DIRECTION('ref_axis',(1.,0.,0.));
#4920=DIRECTION('',(0.,0.,1.));
#4921=DIRECTION('center_axis',(0.,-1.,0.));
#4922=DIRECTION('ref_axis',(1.,0.,0.));
#4923=DIRECTION('',(1.,0.,0.));
#4924=DIRECTION('',(0.,0.,1.));
#4925=DIRECTION('center_axis',(0.,0.,1.));
#4926=DIRECTION('ref_axis',(0.,1.,0.));
#4927=DIRECTION('center_axis',(0.,0.,-1.));
#4928=DIRECTION('ref_axis',(0.,1.,0.));
#4929=DIRECTION('',(0.,0.,1.));
#4930=DIRECTION('center_axis',(1.,0.,0.));
#4931=DIRECTION('ref_axis',(0.,1.,0.));
#4932=DIRECTION('',(0.,1.,0.));
#4933=DIRECTION('',(0.,0.,1.));
#4934=DIRECTION('center_axis',(0.,0.,1.));
#4935=DIRECTION('ref_axis',(-1.,0.,0.));
#4936=DIRECTION('center_axis',(0.,0.,-1.));
#4937=DIRECTION('ref_axis',(-1.,0.,0.));
#4938=DIRECTION('',(0.,0.,1.));
#4939=DIRECTION('center_axis',(0.,1.,0.));
#4940=DIRECTION('ref_axis',(-1.,0.,0.));
#4941=DIRECTION('',(-1.,0.,0.));
#4942=DIRECTION('',(0.,0.,1.));
#4943=DIRECTION('center_axis',(0.,0.,1.));
#4944=DIRECTION('ref_axis',(0.,-1.,0.));
#4945=DIRECTION('center_axis',(0.,0.,-1.));
#4946=DIRECTION('ref_axis',(0.,-1.,0.));
#4947=DIRECTION('center_axis',(0.,1.,0.));
#4948=DIRECTION('ref_axis',(-1.,0.,0.));
#4949=DIRECTION('',(0.,0.,1.));
#4950=DIRECTION('',(-1.,0.,0.));
#4951=DIRECTION('',(0.,0.,1.));
#4952=DIRECTION('center_axis',(-1.,0.,0.));
#4953=DIRECTION('ref_axis',(0.,-1.,0.));
#4954=DIRECTION('',(0.,0.,1.));
#4955=DIRECTION('',(0.,-1.,0.));
#4956=DIRECTION('',(0.,0.,1.));
#4957=DIRECTION('center_axis',(0.,0.,1.));
#4958=DIRECTION('ref_axis',(1.,0.,0.));
#4959=DIRECTION('center_axis',(0.,0.,-1.));
#4960=DIRECTION('ref_axis',(1.,0.,0.));
#4961=DIRECTION('',(0.,0.,1.));
#4962=DIRECTION('center_axis',(0.,-1.,0.));
#4963=DIRECTION('ref_axis',(1.,0.,0.));
#4964=DIRECTION('',(1.,0.,0.));
#4965=DIRECTION('',(0.,0.,1.));
#4966=DIRECTION('center_axis',(0.,0.,1.));
#4967=DIRECTION('ref_axis',(0.,1.,0.));
#4968=DIRECTION('center_axis',(0.,0.,-1.));
#4969=DIRECTION('ref_axis',(0.,1.,0.));
#4970=DIRECTION('',(0.,0.,1.));
#4971=DIRECTION('center_axis',(1.,0.,0.));
#4972=DIRECTION('ref_axis',(0.,1.,0.));
#4973=DIRECTION('',(0.,1.,0.));
#4974=DIRECTION('',(0.,0.,1.));
#4975=DIRECTION('center_axis',(0.,0.,1.));
#4976=DIRECTION('ref_axis',(-1.,0.,0.));
#4977=DIRECTION('center_axis',(0.,0.,-1.));
#4978=DIRECTION('ref_axis',(-1.,0.,0.));
#4979=DIRECTION('',(0.,0.,1.));
#4980=DIRECTION('center_axis',(0.,1.,0.));
#4981=DIRECTION('ref_axis',(-1.,0.,0.));
#4982=DIRECTION('',(-1.,0.,0.));
#4983=DIRECTION('',(0.,0.,1.));
#4984=DIRECTION('center_axis',(0.,0.,1.));
#4985=DIRECTION('ref_axis',(0.,-1.,0.));
#4986=DIRECTION('center_axis',(0.,0.,-1.));
#4987=DIRECTION('ref_axis',(0.,-1.,0.));
#4988=DIRECTION('center_axis',(-1.,0.,0.));
#4989=DIRECTION('ref_axis',(0.,-1.,0.));
#4990=DIRECTION('',(0.,0.,1.));
#4991=DIRECTION('',(0.,-1.,0.));
#4992=DIRECTION('',(0.,0.,1.));
#4993=DIRECTION('center_axis',(0.,0.,1.));
#4994=DIRECTION('ref_axis',(1.,0.,0.));
#4995=DIRECTION('center_axis',(0.,0.,-1.));
#4996=DIRECTION('ref_axis',(1.,0.,0.));
#4997=DIRECTION('',(0.,0.,1.));
#4998=DIRECTION('center_axis',(0.,-1.,0.));
#4999=DIRECTION('ref_axis',(1.,0.,0.));
#5000=DIRECTION('',(1.,0.,0.));
#5001=DIRECTION('',(0.,0.,1.));
#5002=DIRECTION('center_axis',(0.,0.,1.));
#5003=DIRECTION('ref_axis',(0.,1.,0.));
#5004=DIRECTION('center_axis',(0.,0.,-1.));
#5005=DIRECTION('ref_axis',(0.,1.,0.));
#5006=DIRECTION('',(0.,0.,1.));
#5007=DIRECTION('center_axis',(1.,0.,0.));
#5008=DIRECTION('ref_axis',(0.,1.,0.));
#5009=DIRECTION('',(0.,1.,0.));
#5010=DIRECTION('',(0.,0.,1.));
#5011=DIRECTION('center_axis',(0.,0.,1.));
#5012=DIRECTION('ref_axis',(-1.,0.,0.));
#5013=DIRECTION('center_axis',(0.,0.,-1.));
#5014=DIRECTION('ref_axis',(-1.,0.,0.));
#5015=DIRECTION('',(0.,0.,1.));
#5016=DIRECTION('center_axis',(0.,1.,0.));
#5017=DIRECTION('ref_axis',(-1.,0.,0.));
#5018=DIRECTION('',(-1.,0.,0.));
#5019=DIRECTION('',(0.,0.,1.));
#5020=DIRECTION('center_axis',(0.,0.,1.));
#5021=DIRECTION('ref_axis',(0.,-1.,0.));
#5022=DIRECTION('center_axis',(0.,0.,-1.));
#5023=DIRECTION('ref_axis',(0.,-1.,0.));
#5024=DIRECTION('center_axis',(-1.,0.,0.));
#5025=DIRECTION('ref_axis',(0.,-1.,0.));
#5026=DIRECTION('',(0.,0.,1.));
#5027=DIRECTION('',(0.,-1.,0.));
#5028=DIRECTION('',(0.,0.,1.));
#5029=DIRECTION('center_axis',(0.,0.,1.));
#5030=DIRECTION('ref_axis',(1.,0.,0.));
#5031=DIRECTION('center_axis',(0.,0.,-1.));
#5032=DIRECTION('ref_axis',(1.,0.,0.));
#5033=DIRECTION('',(0.,0.,1.));
#5034=DIRECTION('center_axis',(0.,-1.,0.));
#5035=DIRECTION('ref_axis',(1.,0.,0.));
#5036=DIRECTION('',(1.,0.,0.));
#5037=DIRECTION('',(0.,0.,1.));
#5038=DIRECTION('center_axis',(0.,0.,1.));
#5039=DIRECTION('ref_axis',(0.,1.,0.));
#5040=DIRECTION('center_axis',(0.,0.,-1.));
#5041=DIRECTION('ref_axis',(0.,1.,0.));
#5042=DIRECTION('',(0.,0.,1.));
#5043=DIRECTION('center_axis',(1.,0.,0.));
#5044=DIRECTION('ref_axis',(0.,1.,0.));
#5045=DIRECTION('',(0.,1.,0.));
#5046=DIRECTION('',(0.,0.,1.));
#5047=DIRECTION('center_axis',(0.,0.,1.));
#5048=DIRECTION('ref_axis',(-1.,0.,0.));
#5049=DIRECTION('center_axis',(0.,0.,-1.));
#5050=DIRECTION('ref_axis',(-1.,0.,0.));
#5051=DIRECTION('',(0.,0.,1.));
#5052=DIRECTION('center_axis',(0.,1.,0.));
#5053=DIRECTION('ref_axis',(-1.,0.,0.));
#5054=DIRECTION('',(-1.,0.,0.));
#5055=DIRECTION('',(0.,0.,1.));
#5056=DIRECTION('center_axis',(0.,0.,1.));
#5057=DIRECTION('ref_axis',(0.,-1.,0.));
#5058=DIRECTION('center_axis',(0.,0.,-1.));
#5059=DIRECTION('ref_axis',(0.,-1.,0.));
#5060=DIRECTION('center_axis',(-1.,0.,0.));
#5061=DIRECTION('ref_axis',(0.,-1.,0.));
#5062=DIRECTION('',(0.,0.,1.));
#5063=DIRECTION('',(0.,-1.,0.));
#5064=DIRECTION('',(0.,0.,1.));
#5065=DIRECTION('center_axis',(0.,0.,1.));
#5066=DIRECTION('ref_axis',(1.,0.,0.));
#5067=DIRECTION('center_axis',(0.,0.,-1.));
#5068=DIRECTION('ref_axis',(1.,0.,0.));
#5069=DIRECTION('',(0.,0.,1.));
#5070=DIRECTION('center_axis',(0.,-1.,0.));
#5071=DIRECTION('ref_axis',(1.,0.,0.));
#5072=DIRECTION('',(1.,0.,0.));
#5073=DIRECTION('',(0.,0.,1.));
#5074=DIRECTION('center_axis',(0.,0.,1.));
#5075=DIRECTION('ref_axis',(0.,1.,0.));
#5076=DIRECTION('center_axis',(0.,0.,-1.));
#5077=DIRECTION('ref_axis',(0.,1.,0.));
#5078=DIRECTION('',(0.,0.,1.));
#5079=DIRECTION('center_axis',(1.,0.,0.));
#5080=DIRECTION('ref_axis',(0.,1.,0.));
#5081=DIRECTION('',(0.,1.,0.));
#5082=DIRECTION('',(0.,0.,1.));
#5083=DIRECTION('center_axis',(0.,0.,1.));
#5084=DIRECTION('ref_axis',(-1.,0.,0.));
#5085=DIRECTION('center_axis',(0.,0.,-1.));
#5086=DIRECTION('ref_axis',(-1.,0.,0.));
#5087=DIRECTION('',(0.,0.,1.));
#5088=DIRECTION('center_axis',(0.,1.,0.));
#5089=DIRECTION('ref_axis',(-1.,0.,0.));
#5090=DIRECTION('',(-1.,0.,0.));
#5091=DIRECTION('',(0.,0.,1.));
#5092=DIRECTION('center_axis',(0.,0.,1.));
#5093=DIRECTION('ref_axis',(0.,-1.,0.));
#5094=DIRECTION('center_axis',(0.,0.,-1.));
#5095=DIRECTION('ref_axis',(0.,-1.,0.));
#5096=DIRECTION('center_axis',(0.,0.,1.));
#5097=DIRECTION('ref_axis',(-1.,0.,0.));
#5098=DIRECTION('center_axis',(0.,0.,1.));
#5099=DIRECTION('ref_axis',(-0.0523364831314393,0.998629507141378,0.));
#5100=DIRECTION('',(-0.0126280797166832,-0.99992026262231,0.));
#5101=DIRECTION('',(0.,-1.,0.));
#5102=DIRECTION('',(0.0130756624586387,-0.999914509871353,0.));
#5103=DIRECTION('center_axis',(0.,0.,1.));
#5104=DIRECTION('ref_axis',(-0.998629492086659,-0.0523367703889208,0.));
#5105=DIRECTION('',(0.999914438534693,-0.0130811165368063,0.));
#5106=DIRECTION('',(1.,0.,0.));
#5107=DIRECTION('',(0.999917831837351,0.0128191097074509,0.));
#5108=DIRECTION('center_axis',(0.,0.,1.));
#5109=DIRECTION('ref_axis',(0.0523268271481849,-0.998630013148315,0.));
#5110=DIRECTION('',(0.012633671559151,0.999920191986808,0.));
#5111=DIRECTION('',(0.,1.,0.));
#5112=DIRECTION('',(-0.0125789934488124,0.999920881332026,0.));
#5113=DIRECTION('center_axis',(0.,0.,1.));
#5114=DIRECTION('ref_axis',(0.998629845035674,0.0523300353910263,0.));
#5115=DIRECTION('',(-0.999920331486866,0.0126226256855045,0.));
#5116=DIRECTION('',(-1.,0.,0.));
#5117=DIRECTION('',(-0.999921907161666,-0.0124971828096248,0.));
#5118=DIRECTION('',(0.,1.,0.));
#5119=DIRECTION('',(0.0126280797167073,0.999920262622309,0.));
#5120=DIRECTION('center_axis',(0.,0.,-1.));
#5121=DIRECTION('ref_axis',(-0.0732998820619277,0.997309945448108,0.));
#5122=DIRECTION('',(0.999921907161666,0.0124971828096284,0.));
#5123=DIRECTION('',(1.,0.,0.));
#5124=DIRECTION('',(0.999920331486866,-0.0126226256854575,0.));
#5125=DIRECTION('center_axis',(0.,0.,-1.));
#5126=DIRECTION('ref_axis',(0.99731380902354,0.0732472957245351,0.));
#5127=DIRECTION('',(0.0125789934487285,-0.999920881332027,0.));
#5128=DIRECTION('',(0.,-1.,0.));
#5129=DIRECTION('center_axis',(0.99992026262231,-0.0126280797166847,0.));
#5130=DIRECTION('ref_axis',(0.0126280797166847,0.99992026262231,0.));
#5131=DIRECTION('',(0.0126280797166847,0.99992026262231,0.));
#5132=DIRECTION('',(0.,0.,1.));
#5133=DIRECTION('',(0.,0.,1.));
#5134=DIRECTION('center_axis',(1.,0.,0.));
#5135=DIRECTION('ref_axis',(0.,1.,0.));
#5136=DIRECTION('',(0.,1.,0.));
#5137=DIRECTION('',(0.,0.,1.));
#5138=DIRECTION('center_axis',(0.999914509871341,0.0130756624595645,0.));
#5139=DIRECTION('ref_axis',(-0.0130756624595645,0.999914509871341,0.));
#5140=DIRECTION('',(-0.0130756624595645,0.999914509871341,0.));
#5141=DIRECTION('',(0.,0.,1.));
#5142=DIRECTION('center_axis',(0.,0.,1.));
#5143=DIRECTION('ref_axis',(-0.99733215691852,-0.0729970463529334,0.));
#5144=DIRECTION('center_axis',(0.,0.,-1.));
#5145=DIRECTION('ref_axis',(-0.99733215691852,-0.0729970463529334,0.));
#5146=DIRECTION('',(0.,0.,1.));
#5147=DIRECTION('center_axis',(0.0130811165368577,0.999914438534692,0.));
#5148=DIRECTION('ref_axis',(-0.999914438534692,0.0130811165368577,0.));
#5149=DIRECTION('',(-0.999914438534692,0.0130811165368577,0.));
#5150=DIRECTION('',(0.,0.,1.));
#5151=DIRECTION('center_axis',(0.,1.,0.));
#5152=DIRECTION('ref_axis',(-1.,0.,0.));
#5153=DIRECTION('',(-1.,0.,0.));
#5154=DIRECTION('',(0.,0.,1.));
#5155=DIRECTION('center_axis',(-0.0128191097068724,0.999917831837358,0.));
#5156=DIRECTION('ref_axis',(-0.999917831837358,-0.0128191097068724,0.));
#5157=DIRECTION('',(-0.999917831837358,-0.0128191097068724,0.));
#5158=DIRECTION('',(0.,0.,1.));
#5159=DIRECTION('center_axis',(0.,0.,1.));
#5160=DIRECTION('ref_axis',(0.0731162550298516,-0.997323424597262,0.));
#5161=DIRECTION('center_axis',(0.,0.,-1.));
#5162=DIRECTION('ref_axis',(0.0731162550298516,-0.997323424597262,0.));
#5163=DIRECTION('',(0.,0.,1.));
#5164=DIRECTION('center_axis',(-0.999920191986809,0.0126336715591262,0.));
#5165=DIRECTION('ref_axis',(-0.0126336715591262,-0.999920191986808,0.));
#5166=DIRECTION('',(-0.0126336715591262,-0.999920191986808,0.));
#5167=DIRECTION('',(0.,0.,1.));
#5168=DIRECTION('center_axis',(-1.,0.,0.));
#5169=DIRECTION('ref_axis',(0.,-1.,0.));
#5170=DIRECTION('',(0.,-1.,0.));
#5171=DIRECTION('',(0.,0.,1.));
#5172=DIRECTION('center_axis',(-0.999920881332026,-0.0125789934488009,0.));
#5173=DIRECTION('ref_axis',(0.0125789934488009,-0.999920881332026,0.));
#5174=DIRECTION('',(0.0125789934488009,-0.999920881332026,0.));
#5175=DIRECTION('',(0.,0.,1.));
#5176=DIRECTION('center_axis',(0.,0.,1.));
#5177=DIRECTION('ref_axis',(0.99731380902354,0.0732472957245351,0.));
#5178=DIRECTION('center_axis',(0.,0.,-1.));
#5179=DIRECTION('ref_axis',(0.99731380902354,0.0732472957245351,0.));
#5180=DIRECTION('',(0.,0.,1.));
#5181=DIRECTION('center_axis',(-0.0126226256854565,-0.999920331486867,0.));
#5182=DIRECTION('ref_axis',(0.999920331486866,-0.0126226256854565,0.));
#5183=DIRECTION('',(0.999920331486866,-0.0126226256854565,0.));
#5184=DIRECTION('',(0.,0.,1.));
#5185=DIRECTION('center_axis',(0.,-1.,0.));
#5186=DIRECTION('ref_axis',(1.,0.,0.));
#5187=DIRECTION('',(1.,0.,0.));
#5188=DIRECTION('',(0.,0.,1.));
#5189=DIRECTION('center_axis',(0.0124971828096284,-0.999921907161666,0.));
#5190=DIRECTION('ref_axis',(0.999921907161666,0.0124971828096284,0.));
#5191=DIRECTION('',(0.999921907161666,0.0124971828096284,0.));
#5192=DIRECTION('',(0.,0.,1.));
#5193=DIRECTION('center_axis',(0.,0.,1.));
#5194=DIRECTION('ref_axis',(-0.0732998820619311,0.997309945448107,0.));
#5195=DIRECTION('center_axis',(0.,0.,-1.));
#5196=DIRECTION('ref_axis',(-0.0732998820619311,0.997309945448107,0.));
#5197=DIRECTION('center_axis',(0.,0.,1.));
#5198=DIRECTION('ref_axis',(-0.0523364831314429,0.998629507141378,0.));
#5199=DIRECTION('center_axis',(0.,0.,1.));
#5200=DIRECTION('ref_axis',(-0.0523364831314429,0.998629507141378,0.));
#5201=DIRECTION('',(0.,0.,1.));
#5202=DIRECTION('',(0.,0.,1.));
#5203=DIRECTION('center_axis',(-0.0124971828096248,0.999921907161666,0.));
#5204=DIRECTION('ref_axis',(-0.999921907161666,-0.0124971828096248,0.));
#5205=DIRECTION('',(-0.999921907161666,-0.0124971828096248,0.));
#5206=DIRECTION('',(0.,0.,1.));
#5207=DIRECTION('center_axis',(0.,1.,0.));
#5208=DIRECTION('ref_axis',(-1.,0.,0.));
#5209=DIRECTION('',(-1.,0.,0.));
#5210=DIRECTION('',(0.,0.,1.));
#5211=DIRECTION('center_axis',(0.0126226256854567,0.999920331486866,0.));
#5212=DIRECTION('ref_axis',(-0.999920331486866,0.0126226256854567,0.));
#5213=DIRECTION('',(-0.999920331486866,0.0126226256854567,0.));
#5214=DIRECTION('',(0.,0.,1.));
#5215=DIRECTION('center_axis',(0.,0.,1.));
#5216=DIRECTION('ref_axis',(0.998629845035674,0.0523300353910287,0.));
#5217=DIRECTION('center_axis',(0.,0.,1.));
#5218=DIRECTION('ref_axis',(0.998629845035674,0.0523300353910287,0.));
#5219=DIRECTION('',(0.,0.,1.));
#5220=DIRECTION('center_axis',(0.99992088133201,0.0125789934500725,0.));
#5221=DIRECTION('ref_axis',(-0.0125789934500725,0.99992088133201,0.));
#5222=DIRECTION('',(-0.0125789934500725,0.99992088133201,0.));
#5223=DIRECTION('',(0.,0.,1.));
#5224=DIRECTION('center_axis',(1.,0.,0.));
#5225=DIRECTION('ref_axis',(0.,1.,0.));
#5226=DIRECTION('',(0.,1.,0.));
#5227=DIRECTION('',(0.,0.,1.));
#5228=DIRECTION('center_axis',(0.999920191986809,-0.012633671559054,0.));
#5229=DIRECTION('ref_axis',(0.012633671559054,0.99992019198681,0.));
#5230=DIRECTION('',(0.012633671559054,0.99992019198681,0.));
#5231=DIRECTION('',(0.,0.,1.));
#5232=DIRECTION('center_axis',(0.,0.,1.));
#5233=DIRECTION('ref_axis',(0.05232682714819,-0.998630013148315,0.));
#5234=DIRECTION('center_axis',(0.,0.,1.));
#5235=DIRECTION('ref_axis',(0.05232682714819,-0.998630013148315,0.));
#5236=DIRECTION('',(0.,0.,1.));
#5237=DIRECTION('center_axis',(0.0128191097074448,-0.999917831837351,0.));
#5238=DIRECTION('ref_axis',(0.999917831837351,0.0128191097074448,0.));
#5239=DIRECTION('',(0.999917831837351,0.0128191097074448,0.));
#5240=DIRECTION('',(0.,0.,1.));
#5241=DIRECTION('center_axis',(0.,-1.,0.));
#5242=DIRECTION('ref_axis',(1.,0.,0.));
#5243=DIRECTION('',(1.,0.,0.));
#5244=DIRECTION('',(0.,0.,1.));
#5245=DIRECTION('center_axis',(-0.0130811165368063,-0.999914438534693,0.));
#5246=DIRECTION('ref_axis',(0.999914438534693,-0.0130811165368063,0.));
#5247=DIRECTION('',(0.999914438534693,-0.0130811165368063,0.));
#5248=DIRECTION('',(0.,0.,1.));
#5249=DIRECTION('center_axis',(0.,0.,1.));
#5250=DIRECTION('ref_axis',(-0.998629492086659,-0.0523367703889206,0.));
#5251=DIRECTION('center_axis',(0.,0.,1.));
#5252=DIRECTION('ref_axis',(-0.998629492086659,-0.0523367703889206,0.));
#5253=DIRECTION('',(0.,0.,1.));
#5254=DIRECTION('center_axis',(-0.999914509871353,-0.0130756624586387,0.));
#5255=DIRECTION('ref_axis',(0.0130756624586387,-0.999914509871353,0.));
#5256=DIRECTION('',(0.0130756624586387,-0.999914509871353,0.));
#5257=DIRECTION('',(0.,0.,1.));
#5258=DIRECTION('center_axis',(-1.,0.,0.));
#5259=DIRECTION('ref_axis',(0.,-1.,0.));
#5260=DIRECTION('',(0.,-1.,0.));
#5261=DIRECTION('',(0.,0.,1.));
#5262=DIRECTION('center_axis',(-0.99992026262231,0.0126280797166832,0.));
#5263=DIRECTION('ref_axis',(-0.0126280797166832,-0.99992026262231,0.));
#5264=DIRECTION('',(-0.0126280797166832,-0.99992026262231,0.));
#5265=DIRECTION('center_axis',(0.,0.,1.));
#5266=DIRECTION('ref_axis',(-1.,0.,0.));
#5267=DIRECTION('center_axis',(0.,0.,-1.));
#5268=DIRECTION('ref_axis',(1.,0.,0.));
#5269=DIRECTION('center_axis',(0.,0.,-1.));
#5270=DIRECTION('ref_axis',(1.,0.,0.));
#5271=DIRECTION('',(0.707106781186547,-8.65956056235493E-17,0.707106781186548));
#5272=DIRECTION('center_axis',(0.,0.,1.));
#5273=DIRECTION('ref_axis',(1.,0.,0.));
#5274=DIRECTION('center_axis',(0.,0.,1.));
#5275=DIRECTION('ref_axis',(-1.,0.,0.));
#5276=DIRECTION('',(-1.,0.,0.));
#5277=DIRECTION('',(0.,-1.,0.));
#5278=DIRECTION('',(-0.0126280797166801,-0.99992026262231,0.));
#5279=DIRECTION('center_axis',(0.,0.,1.));
#5280=DIRECTION('ref_axis',(-0.0523364831314384,0.998629507141378,0.));
#5281=DIRECTION('',(-0.999921907161666,-0.0124971828096248,0.));
#5282=DIRECTION('',(-1.,0.,0.));
#5283=DIRECTION('',(-0.999920331486866,0.0126226256855045,0.));
#5284=DIRECTION('center_axis',(0.,0.,1.));
#5285=DIRECTION('ref_axis',(0.998629845035674,0.0523300353910213,0.));
#5286=DIRECTION('',(-0.012578993448813,0.999920881332026,0.));
#5287=DIRECTION('',(0.,1.,0.));
#5288=DIRECTION('center_axis',(0.,0.,-1.));
#5289=DIRECTION('ref_axis',(1.,0.,0.));
#5290=DIRECTION('center_axis',(0.,0.,-1.));
#5291=DIRECTION('ref_axis',(0.,-1.,0.));
#5292=DIRECTION('',(8.88178419700125E-16,-1.,0.));
#5293=DIRECTION('center_axis',(0.,0.,-1.));
#5294=DIRECTION('ref_axis',(1.,0.,0.));
#5295=DIRECTION('',(1.,0.,0.));
#5296=DIRECTION('center_axis',(0.,0.,-1.));
#5297=DIRECTION('ref_axis',(0.,1.,0.));
#5298=DIRECTION('',(8.88178419700125E-16,1.,0.));
#5299=DIRECTION('center_axis',(0.,0.,-1.));
#5300=DIRECTION('ref_axis',(-1.,0.,0.));
#5301=DIRECTION('',(-1.,0.,0.));
#5302=DIRECTION('',(1.,0.,0.));
#5303=DIRECTION('center_axis',(0.,0.,-1.));
#5304=DIRECTION('ref_axis',(-0.359010987142304,0.933333333333332,0.));
#5305=DIRECTION('',(1.00020092308573E-16,1.,0.));
#5306=DIRECTION('center_axis',(0.,0.,-1.));
#5307=DIRECTION('ref_axis',(-1.,0.,0.));
#5308=DIRECTION('',(-1.,0.,0.));
#5309=DIRECTION('center_axis',(0.,0.,-1.));
#5310=DIRECTION('ref_axis',(0.359010987142301,-0.933333333333333,0.));
#5311=DIRECTION('',(-4.00080369234291E-16,-1.,0.));
#5312=DIRECTION('center_axis',(0.,0.,-1.));
#5313=DIRECTION('ref_axis',(1.,5.9211894646675E-15,0.));
#5314=DIRECTION('',(0.,1.,0.));
#5315=DIRECTION('',(-1.,0.,0.));
#5316=DIRECTION('',(0.,-1.,0.));
#5317=DIRECTION('',(1.,0.,0.));
#5318=DIRECTION('center_axis',(0.,0.,-1.));
#5319=DIRECTION('ref_axis',(1.,0.,0.));
#5320=DIRECTION('',(0.707106781186547,-8.65956056235493E-17,0.707106781186547));
#5321=DIRECTION('center_axis',(0.,0.,1.));
#5322=DIRECTION('ref_axis',(1.,0.,0.));
#5323=DIRECTION('center_axis',(0.,0.,-1.));
#5324=DIRECTION('ref_axis',(1.,0.,0.));
#5325=DIRECTION('center_axis',(0.,0.,-1.));
#5326=DIRECTION('ref_axis',(1.,0.,0.));
#5327=DIRECTION('center_axis',(0.,0.,1.));
#5328=DIRECTION('ref_axis',(1.,5.9211894646675E-15,0.));
#5329=DIRECTION('center_axis',(0.,0.,-1.));
#5330=DIRECTION('ref_axis',(1.,5.9211894646675E-15,0.));
#5331=DIRECTION('',(0.707106781186547,0.,0.707106781186547));
#5332=DIRECTION('center_axis',(0.,0.,1.));
#5333=DIRECTION('ref_axis',(1.,5.9211894646675E-15,0.));
#5334=DIRECTION('center_axis',(-0.707106781186548,2.82899542105185E-16,
0.707106781186548));
#5335=DIRECTION('ref_axis',(0.707106781186548,0.,0.707106781186548));
#5336=DIRECTION('',(4.00080369234291E-16,1.,0.));
#5337=DIRECTION('',(-4.00080369234291E-16,-1.,0.));
#5338=DIRECTION('',(0.678598344545848,-0.281084637714816,0.678598344545848));
#5339=DIRECTION('center_axis',(0.,-0.707106781186548,0.707106781186548));
#5340=DIRECTION('ref_axis',(1.,0.,0.));
#5341=DIRECTION('',(1.,0.,0.));
#5342=DIRECTION('',(-1.,0.,0.));
#5343=DIRECTION('center_axis',(-0.707106781186544,-0.500000000000003,0.500000000000003));
#5344=DIRECTION('ref_axis',(0.57735026918963,0.,0.816496580927723));
#5345=DIRECTION('',(-2.82899542105184E-16,-0.707106781186547,-0.707106781186548));
#5346=DIRECTION('',(0.707106781186551,-0.499999999999994,0.500000000000001));
#5347=DIRECTION('',(2.82899542105185E-16,0.707106781186547,0.707106781186548));
#5348=DIRECTION('center_axis',(0.707106781186548,-7.07248855262962E-17,
0.707106781186547));
#5349=DIRECTION('ref_axis',(0.707106781186547,0.,-0.707106781186548));
#5350=DIRECTION('',(1.00020092308573E-16,1.,0.));
#5351=DIRECTION('',(-0.707106781186547,0.,0.707106781186548));
#5352=DIRECTION('',(-1.00020092308573E-16,-1.,0.));
#5353=DIRECTION('',(0.678598344545842,0.28108463771484,-0.678598344545844));
#5354=DIRECTION('center_axis',(0.,0.,1.));
#5355=DIRECTION('ref_axis',(-0.359010987142304,0.933333333333332,0.));
#5356=DIRECTION('center_axis',(0.,0.,1.));
#5357=DIRECTION('ref_axis',(-0.359010987142304,0.933333333333332,0.));
#5358=DIRECTION('center_axis',(0.,0.,-1.));
#5359=DIRECTION('ref_axis',(-0.359010987142304,0.933333333333332,0.));
#5360=DIRECTION('center_axis',(0.70710678118655,-0.499999999999998,0.499999999999998));
#5361=DIRECTION('ref_axis',(0.577350269189623,0.,-0.816496580927728));
#5362=DIRECTION('',(-7.07248855262962E-17,-0.707106781186547,-0.707106781186548));
#5363=DIRECTION('',(0.707106781186546,0.500000000000001,-0.500000000000001));
#5364=DIRECTION('',(7.07248855262962E-17,0.707106781186547,0.707106781186548));
#5365=DIRECTION('',(-0.669741382548788,-0.595985314725677,0.442998854550409));
#5366=DIRECTION('center_axis',(0.,0.382683432365089,0.923879532511287));
#5367=DIRECTION('ref_axis',(1.,0.,0.));
#5368=DIRECTION('',(1.,0.,0.));
#5369=DIRECTION('',(-1.,0.,0.));
#5370=DIRECTION('',(-0.669741382548789,0.595985314725677,-0.442998854550406));
#5371=DIRECTION('center_axis',(0.,0.,1.));
#5372=DIRECTION('ref_axis',(1.,5.9211894646675E-15,0.));
#5373=DIRECTION('',(0.,0.,1.));
#5374=DIRECTION('',(0.,0.,1.));
#5375=DIRECTION('center_axis',(0.,-1.,0.));
#5376=DIRECTION('ref_axis',(1.,0.,0.));
#5377=DIRECTION('',(0.,0.,1.));
#5378=DIRECTION('center_axis',(0.,0.,1.));
#5379=DIRECTION('ref_axis',(-0.359010987142304,0.933333333333332,0.));
#5380=DIRECTION('',(0.,0.,1.));
#5381=DIRECTION('center_axis',(1.,-1.00020092308573E-16,0.));
#5382=DIRECTION('ref_axis',(1.00020092308573E-16,1.,0.));
#5383=DIRECTION('',(0.,0.,1.));
#5384=DIRECTION('center_axis',(0.,0.,1.));
#5385=DIRECTION('ref_axis',(-1.,0.,0.));
#5386=DIRECTION('',(0.,0.,1.));
#5387=DIRECTION('center_axis',(0.,-0.707106781186548,0.707106781186547));
#5388=DIRECTION('ref_axis',(1.,0.,0.));
#5389=DIRECTION('',(-1.,0.,0.));
#5390=DIRECTION('',(0.,-0.707106781186547,-0.707106781186548));
#5391=DIRECTION('',(0.,0.707106781186547,0.707106781186548));
#5392=DIRECTION('',(-1.,0.,0.));
#5393=DIRECTION('',(0.577350269189626,-0.577350269189626,-0.577350269189626));
#5394=DIRECTION('',(-1.,0.,0.));
#5395=DIRECTION('',(0.577350269189626,0.577350269189626,0.577350269189626));
#5396=DIRECTION('',(0.,-0.707106781186547,-0.707106781186548));
#5397=DIRECTION('',(-1.,3.44255201434157E-16,3.44255201434157E-16));
#5398=DIRECTION('',(0.,0.707106781186547,0.707106781186548));
#5399=DIRECTION('',(0.577350269189626,-0.577350269189626,-0.577350269189626));
#5400=DIRECTION('',(-1.,0.,0.));
#5401=DIRECTION('',(0.577350269189625,0.577350269189626,0.577350269189626));
#5402=DIRECTION('',(-1.,0.,0.));
#5403=DIRECTION('center_axis',(-0.707106781186548,0.,0.707106781186547));
#5404=DIRECTION('ref_axis',(0.707106781186547,0.,0.707106781186548));
#5405=DIRECTION('',(0.,1.,0.));
#5406=DIRECTION('',(0.,1.,0.));
#5407=DIRECTION('',(-0.577350269189625,0.577350269189626,-0.577350269189626));
#5408=DIRECTION('center_axis',(0.,0.707106781186548,0.707106781186548));
#5409=DIRECTION('ref_axis',(1.,0.,0.));
#5410=DIRECTION('',(1.,0.,0.));
#5411=DIRECTION('',(0.577350269189626,0.577350269189626,-0.577350269189626));
#5412=DIRECTION('',(1.,0.,0.));
#5413=DIRECTION('center_axis',(0.707106781186548,0.,0.707106781186548));
#5414=DIRECTION('ref_axis',(0.707106781186548,0.,-0.707106781186548));
#5415=DIRECTION('',(0.,-1.,0.));
#5416=DIRECTION('',(0.,-1.,0.));
#5417=DIRECTION('center_axis',(0.,0.,1.));
#5418=DIRECTION('ref_axis',(1.,0.,0.));
#5419=DIRECTION('',(0.,-1.,0.));
#5420=DIRECTION('',(-1.,0.,0.));
#5421=DIRECTION('',(0.,1.,0.));
#5422=DIRECTION('center_axis',(-0.707106781186548,0.,0.707106781186548));
#5423=DIRECTION('ref_axis',(0.707106781186548,0.,0.707106781186548));
#5424=DIRECTION('',(0.,-1.,0.));
#5425=DIRECTION('',(-0.577350269189626,-0.577350269189626,-0.577350269189626));
#5426=DIRECTION('center_axis',(0.,-0.707106781186548,0.707106781186548));
#5427=DIRECTION('ref_axis',(1.,0.,0.));
#5428=DIRECTION('',(1.,0.,0.));
#5429=DIRECTION('',(0.577350269189626,-0.577350269189626,-0.577350269189626));
#5430=DIRECTION('center_axis',(0.707106781186548,0.,0.707106781186548));
#5431=DIRECTION('ref_axis',(0.707106781186548,0.,-0.707106781186548));
#5432=DIRECTION('',(0.,1.,0.));
#5433=DIRECTION('center_axis',(-1.,0.,0.));
#5434=DIRECTION('ref_axis',(0.,-1.,0.));
#5435=DIRECTION('',(0.,0.,1.));
#5436=DIRECTION('',(0.,-1.,0.));
#5437=DIRECTION('',(0.,0.,1.));
#5438=DIRECTION('center_axis',(1.,0.,0.));
#5439=DIRECTION('ref_axis',(0.,1.,0.));
#5440=DIRECTION('',(0.,0.,1.));
#5441=DIRECTION('',(0.,1.,0.));
#5442=DIRECTION('',(0.,0.,1.));
#5443=DIRECTION('center_axis',(0.707106781186548,0.,-0.707106781186548));
#5444=DIRECTION('ref_axis',(-0.707106781186548,0.,-0.707106781186548));
#5445=DIRECTION('',(0.577350269189626,-0.577350269189626,0.577350269189626));
#5446=DIRECTION('',(0.,-1.,0.));
#5447=DIRECTION('',(-0.577350269189626,-0.577350269189626,-0.577350269189626));
#5448=DIRECTION('center_axis',(0.,-0.707106781186548,-0.707106781186548));
#5449=DIRECTION('ref_axis',(-1.,0.,0.));
#5450=DIRECTION('',(-0.577350269189626,-0.577350269189626,0.577350269189626));
#5451=DIRECTION('',(-1.,0.,0.));
#5452=DIRECTION('center_axis',(-0.707106781186548,0.,-0.707106781186548));
#5453=DIRECTION('ref_axis',(-0.707106781186548,0.,0.707106781186548));
#5454=DIRECTION('',(-0.577350269189626,0.577350269189626,0.577350269189626));
#5455=DIRECTION('',(0.,1.,0.));
#5456=DIRECTION('center_axis',(0.,0.707106781186548,-0.707106781186548));
#5457=DIRECTION('ref_axis',(-1.,0.,0.));
#5458=DIRECTION('',(1.,0.,0.));
#5459=DIRECTION('center_axis',(0.,-1.,0.));
#5460=DIRECTION('ref_axis',(1.,0.,0.));
#5461=DIRECTION('',(0.,0.,1.));
#5462=DIRECTION('',(1.,0.,0.));
#5463=DIRECTION('',(0.,0.,1.));
#5464=DIRECTION('center_axis',(-1.,0.,0.));
#5465=DIRECTION('ref_axis',(0.,-1.,0.));
#5466=DIRECTION('',(0.,0.,1.));
#5467=DIRECTION('',(0.,-1.,0.));
#5468=DIRECTION('center_axis',(0.,1.,0.));
#5469=DIRECTION('ref_axis',(-1.,0.,0.));
#5470=DIRECTION('',(0.,0.,1.));
#5471=DIRECTION('',(-1.,0.,0.));
#5472=DIRECTION('center_axis',(1.,0.,0.));
#5473=DIRECTION('ref_axis',(0.,1.,0.));
#5474=DIRECTION('',(0.,1.,0.));
#5475=DIRECTION('center_axis',(0.,0.,1.));
#5476=DIRECTION('ref_axis',(1.,0.,0.));
#5477=DIRECTION('',(-1.,3.44255201434157E-16,0.));
#5478=DIRECTION('',(1.,0.,0.));
#5479=DIRECTION('center_axis',(3.44255201434157E-16,1.,0.));
#5480=DIRECTION('ref_axis',(-1.,3.44255201434157E-16,0.));
#5481=DIRECTION('center_axis',(0.,-0.707106781186549,0.707106781186546));
#5482=DIRECTION('ref_axis',(1.,0.,0.));
#5483=DIRECTION('',(0.,0.707106781186546,0.707106781186549));
#5484=DIRECTION('',(-1.,0.,0.));
#5485=DIRECTION('',(0.,-0.707106781186546,-0.707106781186549));
#5486=DIRECTION('',(1.,0.,0.));
#5487=DIRECTION('center_axis',(0.,0.,1.));
#5488=DIRECTION('ref_axis',(1.,0.,0.));
#5489=DIRECTION('',(0.707106781186546,0.,0.707106781186549));
#5490=DIRECTION('center_axis',(0.,0.,1.));
#5491=DIRECTION('ref_axis',(1.,0.,0.));
#5492=DIRECTION('center_axis',(0.,0.,-1.));
#5493=DIRECTION('ref_axis',(1.,0.,0.));
#5494=DIRECTION('center_axis',(-0.707106781186549,-6.28036983473511E-16,
0.707106781186546));
#5495=DIRECTION('ref_axis',(0.707106781186546,0.,0.707106781186549));
#5496=DIRECTION('',(0.707106781186549,0.,0.707106781186546));
#5497=DIRECTION('',(-8.88178419700125E-16,1.,0.));
#5498=DIRECTION('',(8.88178419700125E-16,-1.,0.));
#5499=DIRECTION('center_axis',(0.,0.,1.));
#5500=DIRECTION('ref_axis',(0.,-1.,0.));
#5501=DIRECTION('',(0.,-0.707106781186546,0.707106781186549));
#5502=DIRECTION('center_axis',(0.,0.,1.));
#5503=DIRECTION('ref_axis',(0.,-1.,0.));
#5504=DIRECTION('center_axis',(0.,0.,-1.));
#5505=DIRECTION('ref_axis',(0.,-1.,0.));
#5506=DIRECTION('center_axis',(0.,0.707106781186549,0.707106781186546));
#5507=DIRECTION('ref_axis',(1.,0.,0.));
#5508=DIRECTION('',(0.,-0.707106781186546,0.707106781186549));
#5509=DIRECTION('',(1.,0.,0.));
#5510=DIRECTION('',(-1.,0.,0.));
#5511=DIRECTION('center_axis',(0.,0.,1.));
#5512=DIRECTION('ref_axis',(-1.,0.,0.));
#5513=DIRECTION('',(-0.707106781186546,0.,0.707106781186549));
#5514=DIRECTION('center_axis',(0.,0.,1.));
#5515=DIRECTION('ref_axis',(-1.,0.,0.));
#5516=DIRECTION('center_axis',(0.,0.,-1.));
#5517=DIRECTION('ref_axis',(-1.,0.,0.));
#5518=DIRECTION('center_axis',(0.707106781186549,-6.28036983473511E-16,
0.707106781186546));
#5519=DIRECTION('ref_axis',(0.707106781186546,0.,-0.707106781186549));
#5520=DIRECTION('',(-0.707106781186546,0.,0.707106781186549));
#5521=DIRECTION('',(-8.88178419700125E-16,-1.,0.));
#5522=DIRECTION('',(8.88178419700125E-16,1.,0.));
#5523=DIRECTION('center_axis',(0.,0.,1.));
#5524=DIRECTION('ref_axis',(0.,1.,0.));
#5525=DIRECTION('center_axis',(0.,0.,1.));
#5526=DIRECTION('ref_axis',(0.,1.,0.));
#5527=DIRECTION('center_axis',(0.,0.,-1.));
#5528=DIRECTION('ref_axis',(0.,1.,0.));
#5529=DIRECTION('center_axis',(0.,0.,1.));
#5530=DIRECTION('ref_axis',(0.,-1.,0.));
#5531=DIRECTION('',(0.,0.,1.));
#5532=DIRECTION('',(0.,0.,1.));
#5533=DIRECTION('center_axis',(-1.,-8.88178419700125E-16,0.));
#5534=DIRECTION('ref_axis',(8.88178419700125E-16,-1.,0.));
#5535=DIRECTION('',(0.,0.,1.));
#5536=DIRECTION('center_axis',(0.,0.,1.));
#5537=DIRECTION('ref_axis',(1.,0.,0.));
#5538=DIRECTION('',(0.,0.,1.));
#5539=DIRECTION('center_axis',(0.,-1.,0.));
#5540=DIRECTION('ref_axis',(1.,0.,0.));
#5541=DIRECTION('',(0.,0.,1.));
#5542=DIRECTION('center_axis',(0.,0.,1.));
#5543=DIRECTION('ref_axis',(-1.,0.,0.));
#5544=DIRECTION('',(0.,1.,0.));
#5545=DIRECTION('',(-0.012578993448813,0.999920881332026,0.));
#5546=DIRECTION('center_axis',(0.,0.,1.));
#5547=DIRECTION('ref_axis',(0.998629845035674,0.0523300353910213,0.));
#5548=DIRECTION('',(-0.999920331486866,0.0126226256855045,0.));
#5549=DIRECTION('',(-1.,0.,0.));
#5550=DIRECTION('',(-0.999921907161666,-0.0124971828096248,0.));
#5551=DIRECTION('center_axis',(0.,0.,1.));
#5552=DIRECTION('ref_axis',(-0.0523364831314384,0.998629507141378,0.));
#5553=DIRECTION('',(-0.0126280797166801,-0.99992026262231,0.));
#5554=DIRECTION('',(0.,-1.,0.));
#5555=DIRECTION('center_axis',(-1.,4.00080369234291E-16,0.));
#5556=DIRECTION('ref_axis',(-4.00080369234291E-16,-1.,0.));
#5557=DIRECTION('',(0.,0.,1.));
#5558=DIRECTION('center_axis',(1.,0.,0.));
#5559=DIRECTION('ref_axis',(0.,1.,0.));
#5560=DIRECTION('',(0.,0.,1.));
#5561=DIRECTION('center_axis',(0.,0.,1.));
#5562=DIRECTION('ref_axis',(0.,1.,0.));
#5563=DIRECTION('',(0.,0.,1.));
#5564=DIRECTION('center_axis',(1.,-8.88178419700125E-16,0.));
#5565=DIRECTION('ref_axis',(8.88178419700125E-16,1.,0.));
#5566=DIRECTION('',(0.,0.,1.));
#5567=DIRECTION('center_axis',(0.,0.,1.));
#5568=DIRECTION('ref_axis',(-1.,0.,0.));
#5569=DIRECTION('',(0.,0.,1.));
#5570=DIRECTION('center_axis',(0.,1.,0.));
#5571=DIRECTION('ref_axis',(-1.,0.,0.));
#5572=DIRECTION('center_axis',(0.,1.,0.));
#5573=DIRECTION('ref_axis',(-1.,0.,0.));
#5574=DIRECTION('',(0.,0.,1.));
#5575=DIRECTION('center_axis',(0.,0.,1.));
#5576=DIRECTION('ref_axis',(0.359010987142301,-0.933333333333333,0.));
#5577=DIRECTION('center_axis',(0.,-1.,0.));
#5578=DIRECTION('ref_axis',(1.,0.,0.));
#5579=DIRECTION('center_axis',(-1.,0.,0.));
#5580=DIRECTION('ref_axis',(0.,-1.,0.));
#5581=DIRECTION('',(0.,0.,1.));
#5582=DIRECTION('center_axis',(-0.99992026262231,0.0126280797166801,0.));
#5583=DIRECTION('ref_axis',(-0.0126280797166801,-0.99992026262231,0.));
#5584=DIRECTION('',(0.,0.,1.));
#5585=DIRECTION('center_axis',(0.,0.,1.));
#5586=DIRECTION('ref_axis',(-0.0523364831314384,0.998629507141378,0.));
#5587=DIRECTION('',(0.,0.,1.));
#5588=DIRECTION('center_axis',(-0.0124971828096248,0.999921907161666,0.));
#5589=DIRECTION('ref_axis',(-0.999921907161666,-0.0124971828096248,0.));
#5590=DIRECTION('',(0.,0.,1.));
#5591=DIRECTION('center_axis',(0.,1.,0.));
#5592=DIRECTION('ref_axis',(-1.,0.,0.));
#5593=DIRECTION('',(0.,0.,1.));
#5594=DIRECTION('center_axis',(0.0126226256855045,0.999920331486866,0.));
#5595=DIRECTION('ref_axis',(-0.999920331486866,0.0126226256855045,0.));
#5596=DIRECTION('',(0.,0.,1.));
#5597=DIRECTION('center_axis',(0.,0.,1.));
#5598=DIRECTION('ref_axis',(0.998629845035674,0.0523300353910213,0.));
#5599=DIRECTION('',(0.,0.,1.));
#5600=DIRECTION('center_axis',(0.999920881332026,0.012578993448813,0.));
#5601=DIRECTION('ref_axis',(-0.012578993448813,0.999920881332026,0.));
#5602=DIRECTION('',(0.,0.,1.));
#5603=DIRECTION('',(1.,0.,0.));
#5604=DIRECTION('',(0.,0.,1.));
#5605=DIRECTION('',(1.,0.,0.));
#5606=CARTESIAN_POINT('',(0.,0.,0.));
#5607=CARTESIAN_POINT('',(0.,0.,0.));
#5608=CARTESIAN_POINT('',(0.,0.,0.));
#5609=CARTESIAN_POINT('Origin',(0.,0.,18.06));
#5610=CARTESIAN_POINT('',(1.587462,1.94408025706806E-16,18.06));
#5611=CARTESIAN_POINT('Origin',(0.,0.,18.06));
#5612=CARTESIAN_POINT('',(1.587462,1.94408025706806E-16,15.56));
#5613=CARTESIAN_POINT('',(1.587462,-1.94408025706806E-16,18.06));
#5614=CARTESIAN_POINT('Origin',(0.,0.,15.56));
#5615=CARTESIAN_POINT('Origin',(76.2,38.1,18.06));
#5616=CARTESIAN_POINT('',(77.787462,38.1,18.06));
#5617=CARTESIAN_POINT('Origin',(76.2,38.1,18.06));
#5618=CARTESIAN_POINT('',(77.787462,38.1,15.56));
#5619=CARTESIAN_POINT('',(77.787462,38.1,18.06));
#5620=CARTESIAN_POINT('Origin',(76.2,38.1,15.56));
#5621=CARTESIAN_POINT('Origin',(76.2,0.,18.06));
#5622=CARTESIAN_POINT('',(77.787462,1.94408025706806E-16,18.06));
#5623=CARTESIAN_POINT('Origin',(76.2,0.,18.06));
#5624=CARTESIAN_POINT('',(77.787462,1.94408025706806E-16,15.56));
#5625=CARTESIAN_POINT('',(77.787462,-1.94408025706806E-16,18.06));
#5626=CARTESIAN_POINT('Origin',(76.2,0.,15.56));
#5627=CARTESIAN_POINT('Origin',(0.,38.1,18.06));
#5628=CARTESIAN_POINT('',(1.587462,38.1,18.06));
#5629=CARTESIAN_POINT('Origin',(0.,38.1,18.06));
#5630=CARTESIAN_POINT('',(1.587462,38.1,15.56));
#5631=CARTESIAN_POINT('',(1.587462,38.1,18.06));
#5632=CARTESIAN_POINT('Origin',(0.,38.1,15.56));
#5633=CARTESIAN_POINT('Origin',(38.100033,37.5046865,15.56));
#5634=CARTESIAN_POINT('',(-2.762501,-1.24942677859742,15.56));
#5635=CARTESIAN_POINT('',(-2.762501,57.15,15.56));
#5636=CARTESIAN_POINT('',(-2.762501,76.2592474167983,15.56));
#5637=CARTESIAN_POINT('',(78.962567,57.15,15.56));
#5638=CARTESIAN_POINT('',(76.2,57.15,15.56));
#5639=CARTESIAN_POINT('',(78.962567,-1.24986882428659,15.56));
#5640=CARTESIAN_POINT('',(78.962567,76.2592965089154,15.56));
#5641=CARTESIAN_POINT('',(78.9610172967929,-1.37252355067599,15.56));
#5642=CARTESIAN_POINT('',(78.962567,-1.24986882428669,15.56));
#5643=CARTESIAN_POINT('',(77.5724534498867,-2.7609298879586,15.56));
#5644=CARTESIAN_POINT('Origin',(77.462599833119,-1.262499952859,15.56));
#5645=CARTESIAN_POINT('',(77.4497473636102,-2.762503,15.56));
#5646=CARTESIAN_POINT('',(77.5724534498867,-2.7609298879586,15.56));
#5647=CARTESIAN_POINT('',(-1.24941932381946,-2.762503,15.56));
#5648=CARTESIAN_POINT('',(77.4497473636102,-2.762503,15.56));
#5649=CARTESIAN_POINT('',(-1.37216560791739,-2.760897204159,15.56));
#5650=CARTESIAN_POINT('',(-1.24941932381946,-2.762503,15.56));
#5651=CARTESIAN_POINT('',(-2.76089589355268,-1.37217155206589,15.56));
#5652=CARTESIAN_POINT('Origin',(-1.262499511979,-1.262500456672,15.56));
#5653=CARTESIAN_POINT('',(-2.76089589355268,-1.37217155206589,15.56));
#5654=CARTESIAN_POINT('',(73.675,41.125,15.56));
#5655=CARTESIAN_POINT('',(73.175,40.625,15.56));
#5656=CARTESIAN_POINT('Origin',(73.175,41.125,15.56));
#5657=CARTESIAN_POINT('',(73.675,54.125,15.56));
#5658=CARTESIAN_POINT('',(73.675,41.125,15.56));
#5659=CARTESIAN_POINT('',(73.175,54.625,15.56));
#5660=CARTESIAN_POINT('Origin',(73.175,54.125,15.56));
#5661=CARTESIAN_POINT('',(60.175,54.625,15.56));
#5662=CARTESIAN_POINT('',(73.175,54.625,15.56));
#5663=CARTESIAN_POINT('',(59.675,54.125,15.56));
#5664=CARTESIAN_POINT('Origin',(60.175,54.125,15.56));
#5665=CARTESIAN_POINT('',(59.675,41.125,15.56));
#5666=CARTESIAN_POINT('',(59.675,41.125,15.56));
#5667=CARTESIAN_POINT('',(60.175,40.625,15.56));
#5668=CARTESIAN_POINT('Origin',(60.175,41.125,15.56));
#5669=CARTESIAN_POINT('',(73.175,40.625,15.56));
#5670=CARTESIAN_POINT('',(54.625,3.025,15.56));
#5671=CARTESIAN_POINT('',(54.125,2.525,15.56));
#5672=CARTESIAN_POINT('Origin',(54.125,3.025,15.56));
#5673=CARTESIAN_POINT('',(54.625,16.025,15.56));
#5674=CARTESIAN_POINT('',(54.625,3.025,15.56));
#5675=CARTESIAN_POINT('',(54.125,16.525,15.56));
#5676=CARTESIAN_POINT('Origin',(54.125,16.025,15.56));
#5677=CARTESIAN_POINT('',(41.125,16.525,15.56));
#5678=CARTESIAN_POINT('',(54.125,16.525,15.56));
#5679=CARTESIAN_POINT('',(40.625,16.025,15.56));
#5680=CARTESIAN_POINT('Origin',(41.125,16.025,15.56));
#5681=CARTESIAN_POINT('',(40.625,3.025,15.56));
#5682=CARTESIAN_POINT('',(40.625,3.025,15.56));
#5683=CARTESIAN_POINT('',(41.125,2.52499999999999,15.56));
#5684=CARTESIAN_POINT('Origin',(41.125,3.025,15.56));
#5685=CARTESIAN_POINT('',(54.125,2.525,15.56));
#5686=CARTESIAN_POINT('',(35.575,41.125,15.56));
#5687=CARTESIAN_POINT('',(35.075,40.625,15.56));
#5688=CARTESIAN_POINT('Origin',(35.075,41.125,15.56));
#5689=CARTESIAN_POINT('',(35.575,54.125,15.56));
#5690=CARTESIAN_POINT('',(35.575,41.125,15.56));
#5691=CARTESIAN_POINT('',(35.075,54.625,15.56));
#5692=CARTESIAN_POINT('Origin',(35.075,54.125,15.56));
#5693=CARTESIAN_POINT('',(22.075,54.625,15.56));
#5694=CARTESIAN_POINT('',(35.075,54.625,15.56));
#5695=CARTESIAN_POINT('',(21.575,54.125,15.56));
#5696=CARTESIAN_POINT('Origin',(22.075,54.125,15.56));
#5697=CARTESIAN_POINT('',(21.575,41.125,15.56));
#5698=CARTESIAN_POINT('',(21.575,41.125,15.56));
#5699=CARTESIAN_POINT('',(22.075,40.625,15.56));
#5700=CARTESIAN_POINT('Origin',(22.075,41.125,15.56));
#5701=CARTESIAN_POINT('',(35.075,40.625,15.56));
#5702=CARTESIAN_POINT('',(54.625,22.075,15.56));
#5703=CARTESIAN_POINT('',(54.125,21.575,15.56));
#5704=CARTESIAN_POINT('Origin',(54.125,22.075,15.56));
#5705=CARTESIAN_POINT('',(54.625,35.075,15.56));
#5706=CARTESIAN_POINT('',(54.625,22.075,15.56));
#5707=CARTESIAN_POINT('',(54.125,35.575,15.56));
#5708=CARTESIAN_POINT('Origin',(54.125,35.075,15.56));
#5709=CARTESIAN_POINT('',(41.125,35.575,15.56));
#5710=CARTESIAN_POINT('',(54.125,35.575,15.56));
#5711=CARTESIAN_POINT('',(40.625,35.075,15.56));
#5712=CARTESIAN_POINT('Origin',(41.125,35.075,15.56));
#5713=CARTESIAN_POINT('',(40.625,22.075,15.56));
#5714=CARTESIAN_POINT('',(40.625,22.075,15.56));
#5715=CARTESIAN_POINT('',(41.125,21.575,15.56));
#5716=CARTESIAN_POINT('Origin',(41.125,22.075,15.56));
#5717=CARTESIAN_POINT('',(54.125,21.575,15.56));
#5718=CARTESIAN_POINT('',(16.525,22.075,15.56));
#5719=CARTESIAN_POINT('',(16.025,21.575,15.56));
#5720=CARTESIAN_POINT('Origin',(16.025,22.075,15.56));
#5721=CARTESIAN_POINT('',(16.525,35.075,15.56));
#5722=CARTESIAN_POINT('',(16.525,22.075,15.56));
#5723=CARTESIAN_POINT('',(16.025,35.575,15.56));
#5724=CARTESIAN_POINT('Origin',(16.025,35.075,15.56));
#5725=CARTESIAN_POINT('',(3.02500000000001,35.575,15.56));
#5726=CARTESIAN_POINT('',(16.025,35.575,15.56));
#5727=CARTESIAN_POINT('',(2.52500000000001,35.075,15.56));
#5728=CARTESIAN_POINT('Origin',(3.02500000000001,35.075,15.56));
#5729=CARTESIAN_POINT('',(2.52500000000001,22.075,15.56));
#5730=CARTESIAN_POINT('',(2.52500000000001,22.075,15.56));
#5731=CARTESIAN_POINT('',(3.02500000000001,21.575,15.56));
#5732=CARTESIAN_POINT('Origin',(3.02500000000001,22.075,15.56));
#5733=CARTESIAN_POINT('',(16.025,21.575,15.56));
#5734=CARTESIAN_POINT('',(35.575,3.025,15.56));
#5735=CARTESIAN_POINT('',(35.075,2.525,15.56));
#5736=CARTESIAN_POINT('Origin',(35.075,3.025,15.56));
#5737=CARTESIAN_POINT('',(35.575,16.025,15.56));
#5738=CARTESIAN_POINT('',(35.575,3.025,15.56));
#5739=CARTESIAN_POINT('',(35.075,16.525,15.56));
#5740=CARTESIAN_POINT('Origin',(35.075,16.025,15.56));
#5741=CARTESIAN_POINT('',(22.075,16.525,15.56));
#5742=CARTESIAN_POINT('',(35.075,16.525,15.56));
#5743=CARTESIAN_POINT('',(21.575,16.025,15.56));
#5744=CARTESIAN_POINT('Origin',(22.075,16.025,15.56));
#5745=CARTESIAN_POINT('',(21.575,3.025,15.56));
#5746=CARTESIAN_POINT('',(21.575,3.025,15.56));
#5747=CARTESIAN_POINT('',(22.075,2.525,15.56));
#5748=CARTESIAN_POINT('Origin',(22.075,3.025,15.56));
#5749=CARTESIAN_POINT('',(35.075,2.525,15.56));
#5750=CARTESIAN_POINT('',(73.675,22.075,15.56));
#5751=CARTESIAN_POINT('',(73.175,21.575,15.56));
#5752=CARTESIAN_POINT('Origin',(73.175,22.075,15.56));
#5753=CARTESIAN_POINT('',(73.675,35.075,15.56));
#5754=CARTESIAN_POINT('',(73.675,22.075,15.56));
#5755=CARTESIAN_POINT('',(73.175,35.575,15.56));
#5756=CARTESIAN_POINT('Origin',(73.175,35.075,15.56));
#5757=CARTESIAN_POINT('',(60.175,35.575,15.56));
#5758=CARTESIAN_POINT('',(73.175,35.575,15.56));
#5759=CARTESIAN_POINT('',(59.675,35.075,15.56));
#5760=CARTESIAN_POINT('Origin',(60.175,35.075,15.56));
#5761=CARTESIAN_POINT('',(59.675,22.075,15.56));
#5762=CARTESIAN_POINT('',(59.675,22.075,15.56));
#5763=CARTESIAN_POINT('',(60.175,21.575,15.56));
#5764=CARTESIAN_POINT('Origin',(60.175,22.075,15.56));
#5765=CARTESIAN_POINT('',(73.175,21.575,15.56));
#5766=CARTESIAN_POINT('',(54.625,41.125,15.56));
#5767=CARTESIAN_POINT('',(54.125,40.625,15.56));
#5768=CARTESIAN_POINT('Origin',(54.125,41.125,15.56));
#5769=CARTESIAN_POINT('',(54.625,54.125,15.56));
#5770=CARTESIAN_POINT('',(54.625,41.125,15.56));
#5771=CARTESIAN_POINT('',(54.125,54.625,15.56));
#5772=CARTESIAN_POINT('Origin',(54.125,54.125,15.56));
#5773=CARTESIAN_POINT('',(41.125,54.625,15.56));
#5774=CARTESIAN_POINT('',(54.125,54.625,15.56));
#5775=CARTESIAN_POINT('',(40.625,54.125,15.56));
#5776=CARTESIAN_POINT('Origin',(41.125,54.125,15.56));
#5777=CARTESIAN_POINT('',(40.625,41.125,15.56));
#5778=CARTESIAN_POINT('',(40.625,41.125,15.56));
#5779=CARTESIAN_POINT('',(41.125,40.625,15.56));
#5780=CARTESIAN_POINT('Origin',(41.125,41.125,15.56));
#5781=CARTESIAN_POINT('',(54.125,40.625,15.56));
#5782=CARTESIAN_POINT('',(73.675,3.025,15.56));
#5783=CARTESIAN_POINT('',(73.175,2.525,15.56));
#5784=CARTESIAN_POINT('Origin',(73.175,3.025,15.56));
#5785=CARTESIAN_POINT('',(73.675,16.025,15.56));
#5786=CARTESIAN_POINT('',(73.675,3.025,15.56));
#5787=CARTESIAN_POINT('',(73.175,16.525,15.56));
#5788=CARTESIAN_POINT('Origin',(73.175,16.025,15.56));
#5789=CARTESIAN_POINT('',(60.175,16.525,15.56));
#5790=CARTESIAN_POINT('',(73.175,16.525,15.56));
#5791=CARTESIAN_POINT('',(59.675,16.025,15.56));
#5792=CARTESIAN_POINT('Origin',(60.175,16.025,15.56));
#5793=CARTESIAN_POINT('',(59.675,3.025,15.56));
#5794=CARTESIAN_POINT('',(59.675,3.025,15.56));
#5795=CARTESIAN_POINT('',(60.175,2.525,15.56));
#5796=CARTESIAN_POINT('Origin',(60.175,3.025,15.56));
#5797=CARTESIAN_POINT('',(73.175,2.525,15.56));
#5798=CARTESIAN_POINT('',(16.525,3.025,15.56));
#5799=CARTESIAN_POINT('',(16.025,2.525,15.56));
#5800=CARTESIAN_POINT('Origin',(16.025,3.025,15.56));
#5801=CARTESIAN_POINT('',(16.525,16.025,15.56));
#5802=CARTESIAN_POINT('',(16.525,3.025,15.56));
#5803=CARTESIAN_POINT('',(16.025,16.525,15.56));
#5804=CARTESIAN_POINT('Origin',(16.025,16.025,15.56));
#5805=CARTESIAN_POINT('',(3.02500000000001,16.525,15.56));
#5806=CARTESIAN_POINT('',(16.025,16.525,15.56));
#5807=CARTESIAN_POINT('',(2.52500000000001,16.025,15.56));
#5808=CARTESIAN_POINT('Origin',(3.02500000000001,16.025,15.56));
#5809=CARTESIAN_POINT('',(2.52500000000001,3.025,15.56));
#5810=CARTESIAN_POINT('',(2.52500000000001,3.025,15.56));
#5811=CARTESIAN_POINT('',(3.02500000000001,2.525,15.56));
#5812=CARTESIAN_POINT('Origin',(3.02500000000001,3.025,15.56));
#5813=CARTESIAN_POINT('',(16.025,2.525,15.56));
#5814=CARTESIAN_POINT('',(35.575,22.075,15.56));
#5815=CARTESIAN_POINT('',(35.075,21.575,15.56));
#5816=CARTESIAN_POINT('Origin',(35.075,22.075,15.56));
#5817=CARTESIAN_POINT('',(35.575,35.075,15.56));
#5818=CARTESIAN_POINT('',(35.575,22.075,15.56));
#5819=CARTESIAN_POINT('',(35.075,35.575,15.56));
#5820=CARTESIAN_POINT('Origin',(35.075,35.075,15.56));
#5821=CARTESIAN_POINT('',(22.075,35.575,15.56));
#5822=CARTESIAN_POINT('',(35.075,35.575,15.56));
#5823=CARTESIAN_POINT('',(21.575,35.075,15.56));
#5824=CARTESIAN_POINT('Origin',(22.075,35.075,15.56));
#5825=CARTESIAN_POINT('',(21.575,22.075,15.56));
#5826=CARTESIAN_POINT('',(21.575,22.075,15.56));
#5827=CARTESIAN_POINT('',(22.075,21.575,15.56));
#5828=CARTESIAN_POINT('Origin',(22.075,22.075,15.56));
#5829=CARTESIAN_POINT('',(35.075,21.575,15.56));
#5830=CARTESIAN_POINT('',(16.525,41.125,15.56));
#5831=CARTESIAN_POINT('',(16.025,40.625,15.56));
#5832=CARTESIAN_POINT('Origin',(16.025,41.125,15.56));
#5833=CARTESIAN_POINT('',(16.525,54.125,15.56));
#5834=CARTESIAN_POINT('',(16.525,41.125,15.56));
#5835=CARTESIAN_POINT('',(16.025,54.625,15.56));
#5836=CARTESIAN_POINT('Origin',(16.025,54.125,15.56));
#5837=CARTESIAN_POINT('',(3.02500000000001,54.625,15.56));
#5838=CARTESIAN_POINT('',(16.025,54.625,15.56));
#5839=CARTESIAN_POINT('',(2.52500000000001,54.125,15.56));
#5840=CARTESIAN_POINT('Origin',(3.02500000000001,54.125,15.56));
#5841=CARTESIAN_POINT('',(2.52500000000001,41.125,15.56));
#5842=CARTESIAN_POINT('',(2.52500000000001,41.125,15.56));
#5843=CARTESIAN_POINT('',(3.02500000000001,40.625,15.56));
#5844=CARTESIAN_POINT('Origin',(3.02500000000001,41.125,15.56));
#5845=CARTESIAN_POINT('',(16.025,40.625,15.56));
#5846=CARTESIAN_POINT('Origin',(16.525,54.125,15.56));
#5847=CARTESIAN_POINT('',(16.525,41.125,18.06));
#5848=CARTESIAN_POINT('',(16.525,41.125,15.56));
#5849=CARTESIAN_POINT('',(16.525,54.125,18.06));
#5850=CARTESIAN_POINT('',(16.525,41.125,18.06));
#5851=CARTESIAN_POINT('',(16.525,54.125,15.56));
#5852=CARTESIAN_POINT('Origin',(16.025,54.125,15.56));
#5853=CARTESIAN_POINT('',(16.025,54.625,18.06));
#5854=CARTESIAN_POINT('Origin',(16.025,54.125,18.06));
#5855=CARTESIAN_POINT('',(16.025,54.625,15.56));
#5856=CARTESIAN_POINT('Origin',(3.02500000000001,54.625,15.56));
#5857=CARTESIAN_POINT('',(3.02500000000001,54.625,18.06));
#5858=CARTESIAN_POINT('',(16.025,54.625,18.06));
#5859=CARTESIAN_POINT('',(3.02500000000001,54.625,15.56));
#5860=CARTESIAN_POINT('Origin',(3.02500000000001,54.125,15.56));
#5861=CARTESIAN_POINT('',(2.52500000000001,54.125,18.06));
#5862=CARTESIAN_POINT('Origin',(3.02500000000001,54.125,18.06));
#5863=CARTESIAN_POINT('',(2.52500000000001,54.125,15.56));
#5864=CARTESIAN_POINT('Origin',(2.52500000000001,41.125,15.56));
#5865=CARTESIAN_POINT('',(2.52500000000001,41.125,18.06));
#5866=CARTESIAN_POINT('',(2.52500000000001,41.125,18.06));
#5867=CARTESIAN_POINT('',(2.52500000000001,41.125,15.56));
#5868=CARTESIAN_POINT('Origin',(3.02500000000001,41.125,15.56));
#5869=CARTESIAN_POINT('',(3.02500000000001,40.625,18.06));
#5870=CARTESIAN_POINT('Origin',(3.02500000000001,41.125,18.06));
#5871=CARTESIAN_POINT('',(3.02500000000001,40.625,15.56));
#5872=CARTESIAN_POINT('Origin',(16.025,40.625,15.56));
#5873=CARTESIAN_POINT('',(16.025,40.625,18.06));
#5874=CARTESIAN_POINT('',(16.025,40.625,18.06));
#5875=CARTESIAN_POINT('',(16.025,40.625,15.56));
#5876=CARTESIAN_POINT('Origin',(16.025,41.125,15.56));
#5877=CARTESIAN_POINT('Origin',(16.025,41.125,18.06));
#5878=CARTESIAN_POINT('Origin',(35.575,35.075,15.56));
#5879=CARTESIAN_POINT('',(35.575,22.075,18.06));
#5880=CARTESIAN_POINT('',(35.575,22.075,15.56));
#5881=CARTESIAN_POINT('',(35.575,35.075,18.06));
#5882=CARTESIAN_POINT('',(35.575,22.075,18.06));
#5883=CARTESIAN_POINT('',(35.575,35.075,15.56));
#5884=CARTESIAN_POINT('Origin',(35.075,35.075,15.56));
#5885=CARTESIAN_POINT('',(35.075,35.575,18.06));
#5886=CARTESIAN_POINT('Origin',(35.075,35.075,18.06));
#5887=CARTESIAN_POINT('',(35.075,35.575,15.56));
#5888=CARTESIAN_POINT('Origin',(22.075,35.575,15.56));
#5889=CARTESIAN_POINT('',(22.075,35.575,18.06));
#5890=CARTESIAN_POINT('',(35.075,35.575,18.06));
#5891=CARTESIAN_POINT('',(22.075,35.575,15.56));
#5892=CARTESIAN_POINT('Origin',(22.075,35.075,15.56));
#5893=CARTESIAN_POINT('',(21.575,35.075,18.06));
#5894=CARTESIAN_POINT('Origin',(22.075,35.075,18.06));
#5895=CARTESIAN_POINT('',(21.575,35.075,15.56));
#5896=CARTESIAN_POINT('Origin',(21.575,22.075,15.56));
#5897=CARTESIAN_POINT('',(21.575,22.075,18.06));
#5898=CARTESIAN_POINT('',(21.575,22.075,18.06));
#5899=CARTESIAN_POINT('',(21.575,22.075,15.56));
#5900=CARTESIAN_POINT('Origin',(22.075,22.075,15.56));
#5901=CARTESIAN_POINT('',(22.075,21.575,18.06));
#5902=CARTESIAN_POINT('Origin',(22.075,22.075,18.06));
#5903=CARTESIAN_POINT('',(22.075,21.575,15.56));
#5904=CARTESIAN_POINT('Origin',(35.075,21.575,15.56));
#5905=CARTESIAN_POINT('',(35.075,21.575,18.06));
#5906=CARTESIAN_POINT('',(35.075,21.575,18.06));
#5907=CARTESIAN_POINT('',(35.075,21.575,15.56));
#5908=CARTESIAN_POINT('Origin',(35.075,22.075,15.56));
#5909=CARTESIAN_POINT('Origin',(35.075,22.075,18.06));
#5910=CARTESIAN_POINT('Origin',(16.525,16.025,15.56));
#5911=CARTESIAN_POINT('',(16.525,3.025,18.06));
#5912=CARTESIAN_POINT('',(16.525,3.025,15.56));
#5913=CARTESIAN_POINT('',(16.525,16.025,18.06));
#5914=CARTESIAN_POINT('',(16.525,3.025,18.06));
#5915=CARTESIAN_POINT('',(16.525,16.025,15.56));
#5916=CARTESIAN_POINT('Origin',(16.025,16.025,15.56));
#5917=CARTESIAN_POINT('',(16.025,16.525,18.06));
#5918=CARTESIAN_POINT('Origin',(16.025,16.025,18.06));
#5919=CARTESIAN_POINT('',(16.025,16.525,15.56));
#5920=CARTESIAN_POINT('Origin',(3.02500000000001,16.525,15.56));
#5921=CARTESIAN_POINT('',(3.02500000000001,16.525,18.06));
#5922=CARTESIAN_POINT('',(16.025,16.525,18.06));
#5923=CARTESIAN_POINT('',(3.02500000000001,16.525,15.56));
#5924=CARTESIAN_POINT('Origin',(3.02500000000001,16.025,15.56));
#5925=CARTESIAN_POINT('',(2.52500000000001,16.025,18.06));
#5926=CARTESIAN_POINT('Origin',(3.02500000000001,16.025,18.06));
#5927=CARTESIAN_POINT('',(2.52500000000001,16.025,15.56));
#5928=CARTESIAN_POINT('Origin',(2.52500000000001,3.025,15.56));
#5929=CARTESIAN_POINT('',(2.52500000000001,3.025,18.06));
#5930=CARTESIAN_POINT('',(2.52500000000001,3.025,18.06));
#5931=CARTESIAN_POINT('',(2.52500000000001,3.025,15.56));
#5932=CARTESIAN_POINT('Origin',(3.02500000000001,3.025,15.56));
#5933=CARTESIAN_POINT('',(3.02500000000001,2.525,18.06));
#5934=CARTESIAN_POINT('Origin',(3.02500000000001,3.025,18.06));
#5935=CARTESIAN_POINT('',(3.02500000000001,2.525,15.56));
#5936=CARTESIAN_POINT('Origin',(16.025,2.525,15.56));
#5937=CARTESIAN_POINT('',(16.025,2.525,18.06));
#5938=CARTESIAN_POINT('',(16.025,2.525,18.06));
#5939=CARTESIAN_POINT('',(16.025,2.525,15.56));
#5940=CARTESIAN_POINT('Origin',(16.025,3.025,15.56));
#5941=CARTESIAN_POINT('Origin',(16.025,3.025,18.06));
#5942=CARTESIAN_POINT('Origin',(73.675,16.025,15.56));
#5943=CARTESIAN_POINT('',(73.675,3.025,18.06));
#5944=CARTESIAN_POINT('',(73.675,3.025,15.56));
#5945=CARTESIAN_POINT('',(73.675,16.025,18.06));
#5946=CARTESIAN_POINT('',(73.675,3.025,18.06));
#5947=CARTESIAN_POINT('',(73.675,16.025,15.56));
#5948=CARTESIAN_POINT('Origin',(73.175,16.025,15.56));
#5949=CARTESIAN_POINT('',(73.175,16.525,18.06));
#5950=CARTESIAN_POINT('Origin',(73.175,16.025,18.06));
#5951=CARTESIAN_POINT('',(73.175,16.525,15.56));
#5952=CARTESIAN_POINT('Origin',(60.175,16.525,15.56));
#5953=CARTESIAN_POINT('',(60.175,16.525,18.06));
#5954=CARTESIAN_POINT('',(73.175,16.525,18.06));
#5955=CARTESIAN_POINT('',(60.175,16.525,15.56));
#5956=CARTESIAN_POINT('Origin',(60.175,16.025,15.56));
#5957=CARTESIAN_POINT('',(59.675,16.025,18.06));
#5958=CARTESIAN_POINT('Origin',(60.175,16.025,18.06));
#5959=CARTESIAN_POINT('',(59.675,16.025,15.56));
#5960=CARTESIAN_POINT('Origin',(59.675,3.025,15.56));
#5961=CARTESIAN_POINT('',(59.675,3.025,18.06));
#5962=CARTESIAN_POINT('',(59.675,3.025,18.06));
#5963=CARTESIAN_POINT('',(59.675,3.025,15.56));
#5964=CARTESIAN_POINT('Origin',(60.175,3.025,15.56));
#5965=CARTESIAN_POINT('',(60.175,2.525,18.06));
#5966=CARTESIAN_POINT('Origin',(60.175,3.025,18.06));
#5967=CARTESIAN_POINT('',(60.175,2.525,15.56));
#5968=CARTESIAN_POINT('Origin',(73.175,2.525,15.56));
#5969=CARTESIAN_POINT('',(73.175,2.525,18.06));
#5970=CARTESIAN_POINT('',(73.175,2.525,18.06));
#5971=CARTESIAN_POINT('',(73.175,2.525,15.56));
#5972=CARTESIAN_POINT('Origin',(73.175,3.025,15.56));
#5973=CARTESIAN_POINT('Origin',(73.175,3.025,18.06));
#5974=CARTESIAN_POINT('Origin',(54.625,54.125,15.56));
#5975=CARTESIAN_POINT('',(54.625,41.125,18.06));
#5976=CARTESIAN_POINT('',(54.625,41.125,15.56));
#5977=CARTESIAN_POINT('',(54.625,54.125,18.06));
#5978=CARTESIAN_POINT('',(54.625,41.125,18.06));
#5979=CARTESIAN_POINT('',(54.625,54.125,15.56));
#5980=CARTESIAN_POINT('Origin',(54.125,54.125,15.56));
#5981=CARTESIAN_POINT('',(54.125,54.625,18.06));
#5982=CARTESIAN_POINT('Origin',(54.125,54.125,18.06));
#5983=CARTESIAN_POINT('',(54.125,54.625,15.56));
#5984=CARTESIAN_POINT('Origin',(41.125,54.625,15.56));
#5985=CARTESIAN_POINT('',(41.125,54.625,18.06));
#5986=CARTESIAN_POINT('',(54.125,54.625,18.06));
#5987=CARTESIAN_POINT('',(41.125,54.625,15.56));
#5988=CARTESIAN_POINT('Origin',(41.125,54.125,15.56));
#5989=CARTESIAN_POINT('',(40.625,54.125,18.06));
#5990=CARTESIAN_POINT('Origin',(41.125,54.125,18.06));
#5991=CARTESIAN_POINT('',(40.625,54.125,15.56));
#5992=CARTESIAN_POINT('Origin',(40.625,41.125,15.56));
#5993=CARTESIAN_POINT('',(40.625,41.125,18.06));
#5994=CARTESIAN_POINT('',(40.625,41.125,18.06));
#5995=CARTESIAN_POINT('',(40.625,41.125,15.56));
#5996=CARTESIAN_POINT('Origin',(41.125,41.125,15.56));
#5997=CARTESIAN_POINT('',(41.125,40.625,18.06));
#5998=CARTESIAN_POINT('Origin',(41.125,41.125,18.06));
#5999=CARTESIAN_POINT('',(41.125,40.625,15.56));
#6000=CARTESIAN_POINT('Origin',(54.125,40.625,15.56));
#6001=CARTESIAN_POINT('',(54.125,40.625,18.06));
#6002=CARTESIAN_POINT('',(54.125,40.625,18.06));
#6003=CARTESIAN_POINT('',(54.125,40.625,15.56));
#6004=CARTESIAN_POINT('Origin',(54.125,41.125,15.56));
#6005=CARTESIAN_POINT('Origin',(54.125,41.125,18.06));
#6006=CARTESIAN_POINT('Origin',(73.675,35.075,15.56));
#6007=CARTESIAN_POINT('',(73.675,22.075,18.06));
#6008=CARTESIAN_POINT('',(73.675,22.075,15.56));
#6009=CARTESIAN_POINT('',(73.675,35.075,18.06));
#6010=CARTESIAN_POINT('',(73.675,22.075,18.06));
#6011=CARTESIAN_POINT('',(73.675,35.075,15.56));
#6012=CARTESIAN_POINT('Origin',(73.175,35.075,15.56));
#6013=CARTESIAN_POINT('',(73.175,35.575,18.06));
#6014=CARTESIAN_POINT('Origin',(73.175,35.075,18.06));
#6015=CARTESIAN_POINT('',(73.175,35.575,15.56));
#6016=CARTESIAN_POINT('Origin',(60.175,35.575,15.56));
#6017=CARTESIAN_POINT('',(60.175,35.575,18.06));
#6018=CARTESIAN_POINT('',(73.175,35.575,18.06));
#6019=CARTESIAN_POINT('',(60.175,35.575,15.56));
#6020=CARTESIAN_POINT('Origin',(60.175,35.075,15.56));
#6021=CARTESIAN_POINT('',(59.675,35.075,18.06));
#6022=CARTESIAN_POINT('Origin',(60.175,35.075,18.06));
#6023=CARTESIAN_POINT('',(59.675,35.075,15.56));
#6024=CARTESIAN_POINT('Origin',(59.675,22.075,15.56));
#6025=CARTESIAN_POINT('',(59.675,22.075,18.06));
#6026=CARTESIAN_POINT('',(59.675,22.075,18.06));
#6027=CARTESIAN_POINT('',(59.675,22.075,15.56));
#6028=CARTESIAN_POINT('Origin',(60.175,22.075,15.56));
#6029=CARTESIAN_POINT('',(60.175,21.575,18.06));
#6030=CARTESIAN_POINT('Origin',(60.175,22.075,18.06));
#6031=CARTESIAN_POINT('',(60.175,21.575,15.56));
#6032=CARTESIAN_POINT('Origin',(73.175,21.575,15.56));
#6033=CARTESIAN_POINT('',(73.175,21.575,18.06));
#6034=CARTESIAN_POINT('',(73.175,21.575,18.06));
#6035=CARTESIAN_POINT('',(73.175,21.575,15.56));
#6036=CARTESIAN_POINT('Origin',(73.175,22.075,15.56));
#6037=CARTESIAN_POINT('Origin',(73.175,22.075,18.06));
#6038=CARTESIAN_POINT('Origin',(35.575,16.025,15.56));
#6039=CARTESIAN_POINT('',(35.575,3.025,18.06));
#6040=CARTESIAN_POINT('',(35.575,3.025,15.56));
#6041=CARTESIAN_POINT('',(35.575,16.025,18.06));
#6042=CARTESIAN_POINT('',(35.575,3.025,18.06));
#6043=CARTESIAN_POINT('',(35.575,16.025,15.56));
#6044=CARTESIAN_POINT('Origin',(35.075,16.025,15.56));
#6045=CARTESIAN_POINT('',(35.075,16.525,18.06));
#6046=CARTESIAN_POINT('Origin',(35.075,16.025,18.06));
#6047=CARTESIAN_POINT('',(35.075,16.525,15.56));
#6048=CARTESIAN_POINT('Origin',(22.075,16.525,15.56));
#6049=CARTESIAN_POINT('',(22.075,16.525,18.06));
#6050=CARTESIAN_POINT('',(35.075,16.525,18.06));
#6051=CARTESIAN_POINT('',(22.075,16.525,15.56));
#6052=CARTESIAN_POINT('Origin',(22.075,16.025,15.56));
#6053=CARTESIAN_POINT('',(21.575,16.025,18.06));
#6054=CARTESIAN_POINT('Origin',(22.075,16.025,18.06));
#6055=CARTESIAN_POINT('',(21.575,16.025,15.56));
#6056=CARTESIAN_POINT('Origin',(21.575,3.025,15.56));
#6057=CARTESIAN_POINT('',(21.575,3.025,18.06));
#6058=CARTESIAN_POINT('',(21.575,3.025,18.06));
#6059=CARTESIAN_POINT('',(21.575,3.025,15.56));
#6060=CARTESIAN_POINT('Origin',(22.075,3.025,15.56));
#6061=CARTESIAN_POINT('',(22.075,2.525,18.06));
#6062=CARTESIAN_POINT('Origin',(22.075,3.025,18.06));
#6063=CARTESIAN_POINT('',(22.075,2.525,15.56));
#6064=CARTESIAN_POINT('Origin',(35.075,2.525,15.56));
#6065=CARTESIAN_POINT('',(35.075,2.525,18.06));
#6066=CARTESIAN_POINT('',(35.075,2.525,18.06));
#6067=CARTESIAN_POINT('',(35.075,2.525,15.56));
#6068=CARTESIAN_POINT('Origin',(35.075,3.025,15.56));
#6069=CARTESIAN_POINT('Origin',(35.075,3.025,18.06));
#6070=CARTESIAN_POINT('Origin',(16.525,35.075,15.56));
#6071=CARTESIAN_POINT('',(16.525,22.075,18.06));
#6072=CARTESIAN_POINT('',(16.525,22.075,15.56));
#6073=CARTESIAN_POINT('',(16.525,35.075,18.06));
#6074=CARTESIAN_POINT('',(16.525,22.075,18.06));
#6075=CARTESIAN_POINT('',(16.525,35.075,15.56));
#6076=CARTESIAN_POINT('Origin',(16.025,35.075,15.56));
#6077=CARTESIAN_POINT('',(16.025,35.575,18.06));
#6078=CARTESIAN_POINT('Origin',(16.025,35.075,18.06));
#6079=CARTESIAN_POINT('',(16.025,35.575,15.56));
#6080=CARTESIAN_POINT('Origin',(3.02500000000001,35.575,15.56));
#6081=CARTESIAN_POINT('',(3.02500000000001,35.575,18.06));
#6082=CARTESIAN_POINT('',(16.025,35.575,18.06));
#6083=CARTESIAN_POINT('',(3.02500000000001,35.575,15.56));
#6084=CARTESIAN_POINT('Origin',(3.02500000000001,35.075,15.56));
#6085=CARTESIAN_POINT('',(2.525,35.075,18.06));
#6086=CARTESIAN_POINT('Origin',(3.02500000000001,35.075,18.06));
#6087=CARTESIAN_POINT('',(2.52500000000001,35.075,15.56));
#6088=CARTESIAN_POINT('Origin',(2.52500000000001,22.075,15.56));
#6089=CARTESIAN_POINT('',(2.52500000000001,22.075,18.06));
#6090=CARTESIAN_POINT('',(2.52500000000001,22.075,18.06));
#6091=CARTESIAN_POINT('',(2.52500000000001,22.075,15.56));
#6092=CARTESIAN_POINT('Origin',(3.02500000000001,22.075,15.56));
#6093=CARTESIAN_POINT('',(3.02500000000001,21.575,18.06));
#6094=CARTESIAN_POINT('Origin',(3.02500000000001,22.075,18.06));
#6095=CARTESIAN_POINT('',(3.02500000000001,21.575,15.56));
#6096=CARTESIAN_POINT('Origin',(16.025,21.575,15.56));
#6097=CARTESIAN_POINT('',(16.025,21.575,18.06));
#6098=CARTESIAN_POINT('',(16.025,21.575,18.06));
#6099=CARTESIAN_POINT('',(16.025,21.575,15.56));
#6100=CARTESIAN_POINT('Origin',(16.025,22.075,15.56));
#6101=CARTESIAN_POINT('Origin',(16.025,22.075,18.06));
#6102=CARTESIAN_POINT('Origin',(78.962567,57.15,15.56));
#6103=CARTESIAN_POINT('',(-2.762501,57.15,18.06));
#6104=CARTESIAN_POINT('',(-2.762501,57.15,15.56));
#6105=CARTESIAN_POINT('',(78.962567,57.15,18.06));
#6106=CARTESIAN_POINT('',(76.2,57.15,18.06));
#6107=CARTESIAN_POINT('',(78.962567,57.15,15.56));
#6108=CARTESIAN_POINT('Origin',(54.625,35.075,15.56));
#6109=CARTESIAN_POINT('',(54.625,22.075,18.06));
#6110=CARTESIAN_POINT('',(54.625,22.075,15.56));
#6111=CARTESIAN_POINT('',(54.625,35.075,18.06));
#6112=CARTESIAN_POINT('',(54.625,22.075,18.06));
#6113=CARTESIAN_POINT('',(54.625,35.075,15.56));
#6114=CARTESIAN_POINT('Origin',(54.125,35.075,15.56));
#6115=CARTESIAN_POINT('',(54.125,35.575,18.06));
#6116=CARTESIAN_POINT('Origin',(54.125,35.075,18.06));
#6117=CARTESIAN_POINT('',(54.125,35.575,15.56));
#6118=CARTESIAN_POINT('Origin',(41.125,35.575,15.56));
#6119=CARTESIAN_POINT('',(41.125,35.575,18.06));
#6120=CARTESIAN_POINT('',(54.125,35.575,18.06));
#6121=CARTESIAN_POINT('',(41.125,35.575,15.56));
#6122=CARTESIAN_POINT('Origin',(41.125,35.075,15.56));
#6123=CARTESIAN_POINT('',(40.625,35.075,18.06));
#6124=CARTESIAN_POINT('Origin',(41.125,35.075,18.06));
#6125=CARTESIAN_POINT('',(40.625,35.075,15.56));
#6126=CARTESIAN_POINT('Origin',(40.625,22.075,15.56));
#6127=CARTESIAN_POINT('',(40.625,22.075,18.06));
#6128=CARTESIAN_POINT('',(40.625,22.075,18.06));
#6129=CARTESIAN_POINT('',(40.625,22.075,15.56));
#6130=CARTESIAN_POINT('Origin',(41.125,22.075,15.56));
#6131=CARTESIAN_POINT('',(41.125,21.575,18.06));
#6132=CARTESIAN_POINT('Origin',(41.125,22.075,18.06));
#6133=CARTESIAN_POINT('',(41.125,21.575,15.56));
#6134=CARTESIAN_POINT('Origin',(54.125,21.575,15.56));
#6135=CARTESIAN_POINT('',(54.125,21.575,18.06));
#6136=CARTESIAN_POINT('',(54.125,21.575,18.06));
#6137=CARTESIAN_POINT('',(54.125,21.575,15.56));
#6138=CARTESIAN_POINT('Origin',(54.125,22.075,15.56));
#6139=CARTESIAN_POINT('Origin',(54.125,22.075,18.06));
#6140=CARTESIAN_POINT('Origin',(35.575,54.125,15.56));
#6141=CARTESIAN_POINT('',(35.575,41.125,18.06));
#6142=CARTESIAN_POINT('',(35.575,41.125,15.56));
#6143=CARTESIAN_POINT('',(35.575,54.125,18.06));
#6144=CARTESIAN_POINT('',(35.575,41.125,18.06));
#6145=CARTESIAN_POINT('',(35.575,54.125,15.56));
#6146=CARTESIAN_POINT('Origin',(35.075,54.125,15.56));
#6147=CARTESIAN_POINT('',(35.075,54.625,18.06));
#6148=CARTESIAN_POINT('Origin',(35.075,54.125,18.06));
#6149=CARTESIAN_POINT('',(35.075,54.625,15.56));
#6150=CARTESIAN_POINT('Origin',(22.075,54.625,15.56));
#6151=CARTESIAN_POINT('',(22.075,54.625,18.06));
#6152=CARTESIAN_POINT('',(35.075,54.625,18.06));
#6153=CARTESIAN_POINT('',(22.075,54.625,15.56));
#6154=CARTESIAN_POINT('Origin',(22.075,54.125,15.56));
#6155=CARTESIAN_POINT('',(21.575,54.125,18.06));
#6156=CARTESIAN_POINT('Origin',(22.075,54.125,18.06));
#6157=CARTESIAN_POINT('',(21.575,54.125,15.56));
#6158=CARTESIAN_POINT('Origin',(21.575,41.125,15.56));
#6159=CARTESIAN_POINT('',(21.575,41.125,18.06));
#6160=CARTESIAN_POINT('',(21.575,41.125,18.06));
#6161=CARTESIAN_POINT('',(21.575,41.125,15.56));
#6162=CARTESIAN_POINT('Origin',(22.075,41.125,15.56));
#6163=CARTESIAN_POINT('',(22.075,40.625,18.06));
#6164=CARTESIAN_POINT('Origin',(22.075,41.125,18.06));
#6165=CARTESIAN_POINT('',(22.075,40.625,15.56));
#6166=CARTESIAN_POINT('Origin',(35.075,40.625,15.56));
#6167=CARTESIAN_POINT('',(35.075,40.625,18.06));
#6168=CARTESIAN_POINT('',(35.075,40.625,18.06));
#6169=CARTESIAN_POINT('',(35.075,40.625,15.56));
#6170=CARTESIAN_POINT('Origin',(35.075,41.125,15.56));
#6171=CARTESIAN_POINT('Origin',(35.075,41.125,18.06));
#6172=CARTESIAN_POINT('Origin',(54.625,16.025,15.56));
#6173=CARTESIAN_POINT('',(54.625,3.025,18.06));
#6174=CARTESIAN_POINT('',(54.625,3.025,15.56));
#6175=CARTESIAN_POINT('',(54.625,16.025,18.06));
#6176=CARTESIAN_POINT('',(54.625,3.025,18.06));
#6177=CARTESIAN_POINT('',(54.625,16.025,15.56));
#6178=CARTESIAN_POINT('Origin',(54.125,16.025,15.56));
#6179=CARTESIAN_POINT('',(54.125,16.525,18.06));
#6180=CARTESIAN_POINT('Origin',(54.125,16.025,18.06));
#6181=CARTESIAN_POINT('',(54.125,16.525,15.56));
#6182=CARTESIAN_POINT('Origin',(41.125,16.525,15.56));
#6183=CARTESIAN_POINT('',(41.125,16.525,18.06));
#6184=CARTESIAN_POINT('',(54.125,16.525,18.06));
#6185=CARTESIAN_POINT('',(41.125,16.525,15.56));
#6186=CARTESIAN_POINT('Origin',(41.125,16.025,15.56));
#6187=CARTESIAN_POINT('',(40.625,16.025,18.06));
#6188=CARTESIAN_POINT('Origin',(41.125,16.025,18.06));
#6189=CARTESIAN_POINT('',(40.625,16.025,15.56));
#6190=CARTESIAN_POINT('Origin',(40.625,3.025,15.56));
#6191=CARTESIAN_POINT('',(40.625,3.025,18.06));
#6192=CARTESIAN_POINT('',(40.625,3.025,18.06));
#6193=CARTESIAN_POINT('',(40.625,3.025,15.56));
#6194=CARTESIAN_POINT('Origin',(41.125,3.025,15.56));
#6195=CARTESIAN_POINT('',(41.125,2.525,18.06));
#6196=CARTESIAN_POINT('Origin',(41.125,3.025,18.06));
#6197=CARTESIAN_POINT('',(41.125,2.52499999999999,15.56));
#6198=CARTESIAN_POINT('Origin',(54.125,2.525,15.56));
#6199=CARTESIAN_POINT('',(54.125,2.525,18.06));
#6200=CARTESIAN_POINT('',(54.125,2.525,18.06));
#6201=CARTESIAN_POINT('',(54.125,2.525,15.56));
#6202=CARTESIAN_POINT('Origin',(54.125,3.025,15.56));
#6203=CARTESIAN_POINT('Origin',(54.125,3.025,18.06));
#6204=CARTESIAN_POINT('Origin',(73.675,54.125,15.56));
#6205=CARTESIAN_POINT('',(73.675,41.125,18.06));
#6206=CARTESIAN_POINT('',(73.675,41.125,15.56));
#6207=CARTESIAN_POINT('',(73.675,54.125,18.06));
#6208=CARTESIAN_POINT('',(73.675,41.125,18.06));
#6209=CARTESIAN_POINT('',(73.675,54.125,15.56));
#6210=CARTESIAN_POINT('Origin',(73.175,54.125,15.56));
#6211=CARTESIAN_POINT('',(73.175,54.625,18.06));
#6212=CARTESIAN_POINT('Origin',(73.175,54.125,18.06));
#6213=CARTESIAN_POINT('',(73.175,54.625,15.56));
#6214=CARTESIAN_POINT('Origin',(60.175,54.625,15.56));
#6215=CARTESIAN_POINT('',(60.175,54.625,18.06));
#6216=CARTESIAN_POINT('',(73.175,54.625,18.06));
#6217=CARTESIAN_POINT('',(60.175,54.625,15.56));
#6218=CARTESIAN_POINT('Origin',(60.175,54.125,15.56));
#6219=CARTESIAN_POINT('',(59.675,54.125,18.06));
#6220=CARTESIAN_POINT('Origin',(60.175,54.125,18.06));
#6221=CARTESIAN_POINT('',(59.675,54.125,15.56));
#6222=CARTESIAN_POINT('Origin',(59.675,41.125,15.56));
#6223=CARTESIAN_POINT('',(59.675,41.125,18.06));
#6224=CARTESIAN_POINT('',(59.675,41.125,18.06));
#6225=CARTESIAN_POINT('',(59.675,41.125,15.56));
#6226=CARTESIAN_POINT('Origin',(60.175,41.125,15.56));
#6227=CARTESIAN_POINT('',(60.175,40.625,18.06));
#6228=CARTESIAN_POINT('Origin',(60.175,41.125,18.06));
#6229=CARTESIAN_POINT('',(60.175,40.625,15.56));
#6230=CARTESIAN_POINT('Origin',(73.175,40.625,15.56));
#6231=CARTESIAN_POINT('',(73.175,40.625,18.06));
#6232=CARTESIAN_POINT('',(73.175,40.625,18.06));
#6233=CARTESIAN_POINT('',(73.175,40.625,15.56));
#6234=CARTESIAN_POINT('Origin',(73.175,41.125,15.56));
#6235=CARTESIAN_POINT('Origin',(73.175,41.125,18.06));
#6236=CARTESIAN_POINT('Origin',(38.100033,37.5046865,18.06));
#6237=CARTESIAN_POINT('',(-1.445808,79.769585,18.06));
#6238=CARTESIAN_POINT('',(-4.76018599999934,76.455183,18.06));
#6239=CARTESIAN_POINT('Origin',(-1.26250027773801,76.271900605006,18.06));
#6240=CARTESIAN_POINT('',(-4.76250100000001,76.271876,18.06));
#6241=CARTESIAN_POINT('',(-4.76018599999935,76.455183,18.06));
#6242=CARTESIAN_POINT('',(-4.76250100000001,-1.262503,18.06));
#6243=CARTESIAN_POINT('',(-4.762501,76.271876,18.06));
#6244=CARTESIAN_POINT('',(-4.76010400000017,-1.44580500000001,18.06));
#6245=CARTESIAN_POINT('',(-4.762501,-1.262503,18.06));
#6246=CARTESIAN_POINT('',(-1.44580300000001,-4.76010500000017,18.06));
#6247=CARTESIAN_POINT('Origin',(-1.262499511979,-1.262500456672,18.06));
#6248=CARTESIAN_POINT('',(-1.262501,-4.76250299999999,18.06));
#6249=CARTESIAN_POINT('',(-1.44580300000001,-4.76010500000017,18.06));
#6250=CARTESIAN_POINT('',(77.462567,-4.76250299999999,18.06));
#6251=CARTESIAN_POINT('',(-1.262501,-4.76250299999999,18.06));
#6252=CARTESIAN_POINT('',(77.645872,-4.76015299999989,18.06));
#6253=CARTESIAN_POINT('',(77.462567,-4.76250299999999,18.06));
#6254=CARTESIAN_POINT('',(80.9602509999995,-1.44580799999997,18.06));
#6255=CARTESIAN_POINT('Origin',(77.462599833119,-1.26249995285901,18.06));
#6256=CARTESIAN_POINT('',(80.962567,-1.262503,18.06));
#6257=CARTESIAN_POINT('',(80.9602509999995,-1.44580799999997,18.06));
#6258=CARTESIAN_POINT('',(80.962567,76.271876,18.06));
#6259=CARTESIAN_POINT('',(80.962567,-1.262503,18.06));
#6260=CARTESIAN_POINT('',(80.9602610000002,76.455183,18.06));
#6261=CARTESIAN_POINT('',(80.962567,76.271876,18.06));
#6262=CARTESIAN_POINT('',(77.645874,79.7695620000005,18.06));
#6263=CARTESIAN_POINT('Origin',(77.462598513285,76.271899070899,18.06));
#6264=CARTESIAN_POINT('',(77.462567,79.771876,18.06));
#6265=CARTESIAN_POINT('',(77.645874,79.7695620000005,18.06));
#6266=CARTESIAN_POINT('',(-1.262501,79.771876,18.06));
#6267=CARTESIAN_POINT('',(77.462567,79.771876,18.06));
#6268=CARTESIAN_POINT('',(-1.262501,79.771876,18.06));
#6269=CARTESIAN_POINT('',(-2.762501,76.2592474167983,18.06));
#6270=CARTESIAN_POINT('',(-2.762501,-1.24942677859742,18.06));
#6271=CARTESIAN_POINT('',(-2.76095185130438,76.3819125571295,18.06));
#6272=CARTESIAN_POINT('',(-2.762501,76.2592474167983,18.06));
#6273=CARTESIAN_POINT('',(-1.37263221622207,77.7703433646933,18.06));
#6274=CARTESIAN_POINT('Origin',(-1.26250027773801,76.271900605006,18.06));
#6275=CARTESIAN_POINT('',(-1.250003329201,77.771876,18.06));
#6276=CARTESIAN_POINT('',(-1.37263221622206,77.7703433646933,18.06));
#6277=CARTESIAN_POINT('',(77.4499438714815,77.771876,18.06));
#6278=CARTESIAN_POINT('',(-1.250003329201,77.771876,18.06));
#6279=CARTESIAN_POINT('',(77.5726097525872,77.7703275111326,18.06));
#6280=CARTESIAN_POINT('',(77.4499438714815,77.771876,18.06));
#6281=CARTESIAN_POINT('',(78.9610240166176,76.3819503054961,18.06));
#6282=CARTESIAN_POINT('Origin',(77.462598513285,76.271899070899,18.06));
#6283=CARTESIAN_POINT('',(78.962567,76.2592965089154,18.06));
#6284=CARTESIAN_POINT('',(78.9610240166176,76.3819503054961,18.06));
#6285=CARTESIAN_POINT('',(78.962567,76.2592965089154,18.06));
#6286=CARTESIAN_POINT('Origin',(-2.762501,76.2592474167983,13.56));
#6287=CARTESIAN_POINT('',(-2.762501,76.2592474167983,13.56));
#6288=CARTESIAN_POINT('',(-2.76095185130439,76.3819125571295,13.56));
#6289=CARTESIAN_POINT('',(-2.762501,76.2592474167983,13.56));
#6290=CARTESIAN_POINT('',(-2.76095185130439,76.3819125571295,13.56));
#6291=CARTESIAN_POINT('',(-2.762501,76.2592474167983,13.56));
#6292=CARTESIAN_POINT('Origin',(-2.762501,-1.24942677859742,13.56));
#6293=CARTESIAN_POINT('',(-2.762501,-1.24942677859742,13.56));
#6294=CARTESIAN_POINT('',(-2.762501,76.2592474167983,13.56));
#6295=CARTESIAN_POINT('',(-2.762501,-1.24942677859742,13.56));
#6296=CARTESIAN_POINT('Origin',(-2.76089589355268,-1.37217155206589,13.56));
#6297=CARTESIAN_POINT('',(-2.76089589355268,-1.37217155206589,13.56));
#6298=CARTESIAN_POINT('',(-2.76089589355268,-1.37217155206589,13.56));
#6299=CARTESIAN_POINT('',(-2.76089589355268,-1.37217155206589,13.56));
#6300=CARTESIAN_POINT('Origin',(-1.262499511979,-1.262500456672,13.56));
#6301=CARTESIAN_POINT('',(-1.37216560791739,-2.760897204159,13.56));
#6302=CARTESIAN_POINT('Origin',(-1.262499511979,-1.262500456672,13.56));
#6303=CARTESIAN_POINT('',(-1.37216560791739,-2.760897204159,13.56));
#6304=CARTESIAN_POINT('Origin',(-1.24941932381946,-2.762503,13.56));
#6305=CARTESIAN_POINT('',(-1.24941932381946,-2.762503,13.56));
#6306=CARTESIAN_POINT('',(-1.24941932381946,-2.762503,13.56));
#6307=CARTESIAN_POINT('',(-1.24941932381946,-2.762503,13.56));
#6308=CARTESIAN_POINT('Origin',(77.4497473636102,-2.762503,13.56));
#6309=CARTESIAN_POINT('',(77.4497473636102,-2.762503,13.56));
#6310=CARTESIAN_POINT('',(77.4497473636102,-2.762503,13.56));
#6311=CARTESIAN_POINT('',(77.4497473636102,-2.762503,13.56));
#6312=CARTESIAN_POINT('Origin',(77.5724534498867,-2.7609298879586,13.56));
#6313=CARTESIAN_POINT('',(77.5724534498867,-2.7609298879586,13.56));
#6314=CARTESIAN_POINT('',(77.5724534498867,-2.7609298879586,13.56));
#6315=CARTESIAN_POINT('',(77.5724534498867,-2.7609298879586,13.56));
#6316=CARTESIAN_POINT('Origin',(77.462599833119,-1.262499952859,13.56));
#6317=CARTESIAN_POINT('',(78.9610172967929,-1.37252355067599,13.56));
#6318=CARTESIAN_POINT('Origin',(77.462599833119,-1.262499952859,13.56));
#6319=CARTESIAN_POINT('',(78.9610172967929,-1.37252355067599,13.56));
#6320=CARTESIAN_POINT('Origin',(78.962567,-1.24986882428669,13.56));
#6321=CARTESIAN_POINT('',(78.962567,-1.24986882428659,13.56));
#6322=CARTESIAN_POINT('',(78.962567,-1.24986882428669,13.56));
#6323=CARTESIAN_POINT('',(78.962567,-1.24986882428659,13.56));
#6324=CARTESIAN_POINT('Origin',(78.962567,76.2592965089154,13.56));
#6325=CARTESIAN_POINT('',(78.962567,76.2592965089154,13.56));
#6326=CARTESIAN_POINT('',(78.962567,76.2592965089154,13.56));
#6327=CARTESIAN_POINT('',(78.962567,76.2592965089154,13.56));
#6328=CARTESIAN_POINT('Origin',(78.9610240166176,76.3819503054961,13.56));
#6329=CARTESIAN_POINT('',(78.9610240166176,76.3819503054961,13.56));
#6330=CARTESIAN_POINT('',(78.9610240166176,76.3819503054961,13.56));
#6331=CARTESIAN_POINT('',(78.9610240166176,76.3819503054961,13.56));
#6332=CARTESIAN_POINT('Origin',(77.462598513285,76.271899070899,13.56));
#6333=CARTESIAN_POINT('',(77.5726097525873,77.7703275111326,13.56));
#6334=CARTESIAN_POINT('Origin',(77.462598513285,76.271899070899,13.56));
#6335=CARTESIAN_POINT('',(77.5726097525873,77.7703275111326,13.56));
#6336=CARTESIAN_POINT('Origin',(77.4499438714815,77.771876,13.56));
#6337=CARTESIAN_POINT('',(77.4499438714815,77.771876,13.56));
#6338=CARTESIAN_POINT('',(77.4499438714815,77.771876,13.56));
#6339=CARTESIAN_POINT('',(77.4499438714815,77.771876,13.56));
#6340=CARTESIAN_POINT('Origin',(-1.250003329201,77.771876,13.56));
#6341=CARTESIAN_POINT('',(-1.250003329201,77.771876,13.56));
#6342=CARTESIAN_POINT('',(-1.250003329201,77.771876,13.56));
#6343=CARTESIAN_POINT('',(-1.250003329201,77.771876,13.56));
#6344=CARTESIAN_POINT('Origin',(-1.37263221622206,77.7703433646933,13.56));
#6345=CARTESIAN_POINT('',(-1.37263221622206,77.7703433646933,13.56));
#6346=CARTESIAN_POINT('',(-1.37263221622206,77.7703433646933,13.56));
#6347=CARTESIAN_POINT('',(-1.37263221622206,77.7703433646933,13.56));
#6348=CARTESIAN_POINT('Origin',(-1.262500277738,76.271900605006,13.56));
#6349=CARTESIAN_POINT('Origin',(-1.262500277738,76.271900605006,13.56));
#6350=CARTESIAN_POINT('Origin',(-1.26250027773799,76.271900605006,13.56));
#6351=CARTESIAN_POINT('',(-1.445808,79.769585,13.56));
#6352=CARTESIAN_POINT('',(-4.76018599999935,76.455183,13.56));
#6353=CARTESIAN_POINT('Origin',(-1.26250027773799,76.271900605006,13.56));
#6354=CARTESIAN_POINT('',(-4.76018599999935,76.455183,13.56));
#6355=CARTESIAN_POINT('',(-1.445808,79.769585,13.56));
#6356=CARTESIAN_POINT('Origin',(-1.262501,79.771876,13.56));
#6357=CARTESIAN_POINT('',(-1.262501,79.771876,13.56));
#6358=CARTESIAN_POINT('',(-1.262501,79.771876,13.56));
#6359=CARTESIAN_POINT('',(-1.262501,79.771876,13.56));
#6360=CARTESIAN_POINT('Origin',(77.462567,79.771876,13.56));
#6361=CARTESIAN_POINT('',(77.462567,79.771876,13.56));
#6362=CARTESIAN_POINT('',(77.462567,79.771876,13.56));
#6363=CARTESIAN_POINT('',(77.462567,79.771876,13.56));
#6364=CARTESIAN_POINT('Origin',(77.645874,79.7695620000005,13.56));
#6365=CARTESIAN_POINT('',(77.645874,79.7695620000005,13.56));
#6366=CARTESIAN_POINT('',(77.645874,79.7695620000005,13.56));
#6367=CARTESIAN_POINT('',(77.645874,79.7695620000005,13.56));
#6368=CARTESIAN_POINT('Origin',(77.462598513285,76.271899070899,13.56));
#6369=CARTESIAN_POINT('',(80.9602610000002,76.455183,13.56));
#6370=CARTESIAN_POINT('Origin',(77.462598513285,76.271899070899,13.56));
#6371=CARTESIAN_POINT('',(80.9602610000002,76.455183,13.56));
#6372=CARTESIAN_POINT('Origin',(80.962567,76.271876,13.56));
#6373=CARTESIAN_POINT('',(80.962567,76.271876,13.56));
#6374=CARTESIAN_POINT('',(80.962567,76.271876,13.56));
#6375=CARTESIAN_POINT('',(80.962567,76.271876,13.56));
#6376=CARTESIAN_POINT('Origin',(80.962567,-1.262503,13.56));
#6377=CARTESIAN_POINT('',(80.962567,-1.262503,13.56));
#6378=CARTESIAN_POINT('',(80.962567,-1.262503,13.56));
#6379=CARTESIAN_POINT('',(80.962567,-1.262503,13.56));
#6380=CARTESIAN_POINT('Origin',(80.9602509999995,-1.44580799999997,13.56));
#6381=CARTESIAN_POINT('',(80.9602509999995,-1.44580799999997,13.56));
#6382=CARTESIAN_POINT('',(80.9602509999995,-1.44580799999997,13.56));
#6383=CARTESIAN_POINT('',(80.9602509999995,-1.44580799999997,13.56));
#6384=CARTESIAN_POINT('Origin',(77.462599833119,-1.262499952859,13.56));
#6385=CARTESIAN_POINT('',(77.645872,-4.76015299999989,13.56));
#6386=CARTESIAN_POINT('Origin',(77.462599833119,-1.262499952859,13.56));
#6387=CARTESIAN_POINT('',(77.645872,-4.76015299999989,13.56));
#6388=CARTESIAN_POINT('Origin',(77.462567,-4.76250299999999,13.56));
#6389=CARTESIAN_POINT('',(77.462567,-4.76250299999999,13.56));
#6390=CARTESIAN_POINT('',(77.462567,-4.76250299999999,13.56));
#6391=CARTESIAN_POINT('',(77.462567,-4.76250299999999,13.56));
#6392=CARTESIAN_POINT('Origin',(-1.262501,-4.76250299999999,13.56));
#6393=CARTESIAN_POINT('',(-1.262501,-4.76250299999999,13.56));
#6394=CARTESIAN_POINT('',(-1.262501,-4.76250299999999,13.56));
#6395=CARTESIAN_POINT('',(-1.262501,-4.76250299999999,13.56));
#6396=CARTESIAN_POINT('Origin',(-1.44580300000001,-4.76010500000017,13.56));
#6397=CARTESIAN_POINT('',(-1.44580300000001,-4.76010500000017,13.56));
#6398=CARTESIAN_POINT('',(-1.44580300000001,-4.76010500000017,13.56));
#6399=CARTESIAN_POINT('',(-1.44580300000001,-4.76010500000017,13.56));
#6400=CARTESIAN_POINT('Origin',(-1.262499511979,-1.262500456672,13.56));
#6401=CARTESIAN_POINT('',(-4.76010400000017,-1.44580500000001,13.56));
#6402=CARTESIAN_POINT('Origin',(-1.262499511979,-1.262500456672,13.56));
#6403=CARTESIAN_POINT('',(-4.76010400000017,-1.44580500000001,13.56));
#6404=CARTESIAN_POINT('Origin',(-4.762501,-1.262503,13.56));
#6405=CARTESIAN_POINT('',(-4.762501,-1.262503,13.56));
#6406=CARTESIAN_POINT('',(-4.762501,-1.262503,13.56));
#6407=CARTESIAN_POINT('',(-4.762501,-1.262503,13.56));
#6408=CARTESIAN_POINT('Origin',(-4.762501,76.271876,13.56));
#6409=CARTESIAN_POINT('',(-4.762501,76.271876,13.56));
#6410=CARTESIAN_POINT('',(-4.762501,76.271876,13.56));
#6411=CARTESIAN_POINT('',(-4.762501,76.271876,13.56));
#6412=CARTESIAN_POINT('Origin',(-4.76018599999935,76.455183,13.56));
#6413=CARTESIAN_POINT('',(-4.76018599999935,76.455183,13.56));
#6414=CARTESIAN_POINT('Origin',(38.100033,37.5046865,13.56));
#6415=CARTESIAN_POINT('Origin',(0.,75.009438,18.46));
#6416=CARTESIAN_POINT('',(-2.8,75.009438,18.06));
#6417=CARTESIAN_POINT('Origin',(0.,75.009438,18.06));
#6418=CARTESIAN_POINT('',(-2.,75.009438,18.86));
#6419=CARTESIAN_POINT('',(-2.4,75.009438,18.46));
#6420=CARTESIAN_POINT('Origin',(0.,75.009438,18.86));
#6421=CARTESIAN_POINT('Origin',(38.100033,67.960938,18.06));
#6422=CARTESIAN_POINT('',(80.962567,56.15,18.06));
#6423=CARTESIAN_POINT('',(-4.762501,56.15,18.06));
#6424=CARTESIAN_POINT('',(-2.762501,56.15,18.06));
#6425=CARTESIAN_POINT('',(-4.762501,76.271876,18.06));
#6426=CARTESIAN_POINT('',(-4.762501,76.271876,18.06));
#6427=CARTESIAN_POINT('',(-4.76018599999934,76.455183,18.06));
#6428=CARTESIAN_POINT('',(-4.76018599999934,76.455183,18.06));
#6429=CARTESIAN_POINT('',(-1.445808,79.769585,18.06));
#6430=CARTESIAN_POINT('Origin',(-1.26250027773801,76.271900605006,18.06));
#6431=CARTESIAN_POINT('',(-1.262501,79.771876,18.06));
#6432=CARTESIAN_POINT('',(-1.262501,79.771876,18.06));
#6433=CARTESIAN_POINT('',(77.462567,79.771876,18.06));
#6434=CARTESIAN_POINT('',(77.462567,79.771876,18.06));
#6435=CARTESIAN_POINT('',(77.645874,79.7695620000005,18.06));
#6436=CARTESIAN_POINT('',(77.645874,79.7695620000005,18.06));
#6437=CARTESIAN_POINT('',(80.9602610000002,76.455183,18.06));
#6438=CARTESIAN_POINT('Origin',(77.462598513285,76.271899070899,18.06));
#6439=CARTESIAN_POINT('',(80.962567,76.271876,18.06));
#6440=CARTESIAN_POINT('',(80.962567,76.271876,18.06));
#6441=CARTESIAN_POINT('',(80.962567,-1.262503,18.06));
#6442=CARTESIAN_POINT('',(35.3,75.009375,18.06));
#6443=CARTESIAN_POINT('Origin',(38.1,75.009375,18.06));
#6444=CARTESIAN_POINT('',(74.575,61.341875,18.06));
#6445=CARTESIAN_POINT('',(74.075,60.841875,18.06));
#6446=CARTESIAN_POINT('Origin',(74.075,61.341875,18.06));
#6447=CARTESIAN_POINT('',(74.575,71.341875,18.06));
#6448=CARTESIAN_POINT('',(74.575,61.341875,18.06));
#6449=CARTESIAN_POINT('',(74.075,71.841875,18.06));
#6450=CARTESIAN_POINT('Origin',(74.075,71.341875,18.06));
#6451=CARTESIAN_POINT('',(63.075,71.841875,18.06));
#6452=CARTESIAN_POINT('',(74.075,71.841875,18.06));
#6453=CARTESIAN_POINT('',(62.575,71.341875,18.06));
#6454=CARTESIAN_POINT('Origin',(63.075,71.341875,18.06));
#6455=CARTESIAN_POINT('',(62.575,61.341875,18.06));
#6456=CARTESIAN_POINT('',(62.575,71.341875,18.06));
#6457=CARTESIAN_POINT('',(63.075,60.841875,18.06));
#6458=CARTESIAN_POINT('Origin',(63.075,61.341875,18.06));
#6459=CARTESIAN_POINT('',(63.075,60.841875,18.06));
#6460=CARTESIAN_POINT('',(1.41148351928654,71.24375,18.06));
#6461=CARTESIAN_POINT('',(13.5885164807135,71.24375,18.06));
#6462=CARTESIAN_POINT('',(13.5885164807135,71.24375,18.06));
#6463=CARTESIAN_POINT('',(0.45,69.84375,18.06));
#6464=CARTESIAN_POINT('Origin',(1.95,69.84375,18.06));
#6465=CARTESIAN_POINT('',(0.449999999999998,58.74375,18.06));
#6466=CARTESIAN_POINT('',(0.45,69.84375,18.06));
#6467=CARTESIAN_POINT('',(1.41148351928654,57.34375,18.06));
#6468=CARTESIAN_POINT('Origin',(1.95,58.74375,18.06));
#6469=CARTESIAN_POINT('',(13.5885164807135,57.34375,18.06));
#6470=CARTESIAN_POINT('',(1.41148351928654,57.34375,18.06));
#6471=CARTESIAN_POINT('',(14.55,58.74375,18.06));
#6472=CARTESIAN_POINT('Origin',(13.05,58.74375,18.06));
#6473=CARTESIAN_POINT('',(14.55,69.84375,18.06));
#6474=CARTESIAN_POINT('',(14.55,58.74375,18.06));
#6475=CARTESIAN_POINT('Origin',(13.05,69.84375,18.06));
#6476=CARTESIAN_POINT('',(17.790625,57.463125,18.06));
#6477=CARTESIAN_POINT('',(17.790625,71.163125,18.06));
#6478=CARTESIAN_POINT('',(17.790625,69.1620315,18.06));
#6479=CARTESIAN_POINT('',(57.690625,57.463125,18.06));
#6480=CARTESIAN_POINT('',(28.345329,57.463125,18.06));
#6481=CARTESIAN_POINT('',(57.690625,71.163125,18.06));
#6482=CARTESIAN_POINT('',(57.690625,63.1120315,18.06));
#6483=CARTESIAN_POINT('',(47.495329,71.163125,18.06));
#6484=CARTESIAN_POINT('Origin',(38.1,75.009375,18.46));
#6485=CARTESIAN_POINT('',(36.1,75.009375,18.86));
#6486=CARTESIAN_POINT('',(35.7,75.009375,18.46));
#6487=CARTESIAN_POINT('Origin',(38.1,75.009375,18.86));
#6488=CARTESIAN_POINT('Origin',(0.,75.009438,18.86));
#6489=CARTESIAN_POINT('Origin',(38.1,75.009375,18.86));
#6490=CARTESIAN_POINT('Origin',(13.05,69.84375,20.82));
#6491=CARTESIAN_POINT('',(13.5885164807135,71.24375,20.58));
#6492=CARTESIAN_POINT('',(14.55,69.84375,20.58));
#6493=CARTESIAN_POINT('Origin',(13.05,69.84375,20.58));
#6494=CARTESIAN_POINT('',(15.03,69.84375,21.06));
#6495=CARTESIAN_POINT('',(14.55,69.84375,20.58));
#6496=CARTESIAN_POINT('',(13.6712889826804,71.72375,21.06));
#6497=CARTESIAN_POINT('Origin',(13.05,69.84375,21.06));
#6498=CARTESIAN_POINT('Ctrl Pts',(13.6712889826804,71.72375,21.06));
#6499=CARTESIAN_POINT('Ctrl Pts',(13.6456745654851,71.5646104479878,20.9008604479878));
#6500=CARTESIAN_POINT('Ctrl Pts',(13.6180129430716,71.4025933110258,20.7388433110259));
#6501=CARTESIAN_POINT('Ctrl Pts',(13.5885164807135,71.24375,20.58));
#6502=CARTESIAN_POINT('Origin',(14.79,68.902344,20.82));
#6503=CARTESIAN_POINT('',(15.03,59.15,21.06));
#6504=CARTESIAN_POINT('',(15.03,68.902344,21.06));
#6505=CARTESIAN_POINT('',(14.55,59.3488225099391,20.58));
#6506=CARTESIAN_POINT('',(14.55,68.902344,20.58));
#6507=CARTESIAN_POINT('',(14.55,59.3488225099391,20.58));
#6508=CARTESIAN_POINT('Origin',(19.7557582596433,71.48375,20.82));
#6509=CARTESIAN_POINT('',(1.41148351928654,71.24375,20.58));
#6510=CARTESIAN_POINT('',(19.7557582596433,71.24375,20.58));
#6511=CARTESIAN_POINT('',(1.32871101731965,71.72375,21.06));
#6512=CARTESIAN_POINT('',(19.7557582596433,71.72375,21.06));
#6513=CARTESIAN_POINT('Ctrl Pts',(1.32871101731963,71.72375,21.06));
#6514=CARTESIAN_POINT('Ctrl Pts',(1.35432543451474,71.564610447989,20.900860447989));
#6515=CARTESIAN_POINT('Ctrl Pts',(1.38198705692835,71.4025933110263,20.7388433110263));
#6516=CARTESIAN_POINT('Ctrl Pts',(1.41148351928653,71.24375,20.58));
#6517=CARTESIAN_POINT('Origin',(14.79,60.4931431274848,22.0637318725152));
#6518=CARTESIAN_POINT('',(14.55,59.0831612549695,20.3143387450305));
#6519=CARTESIAN_POINT('',(14.55,60.6628487549695,21.8940262450305));
#6520=CARTESIAN_POINT('',(15.03,58.74375,20.65375));
#6521=CARTESIAN_POINT('',(14.55,59.0831612549695,20.3143387450305));
#6522=CARTESIAN_POINT('',(15.03,60.3234375,22.2334375));
#6523=CARTESIAN_POINT('Origin',(0.209999999999999,63.352344,20.82));
#6524=CARTESIAN_POINT('',(0.449999999999999,59.3488225099391,20.58));
#6525=CARTESIAN_POINT('',(0.45,69.84375,20.58));
#6526=CARTESIAN_POINT('',(0.449999999999999,63.352344,20.58));
#6527=CARTESIAN_POINT('',(-0.0300000000000005,69.84375,21.06));
#6528=CARTESIAN_POINT('',(0.45,69.84375,20.58));
#6529=CARTESIAN_POINT('',(-0.0300000000000056,59.15,21.06));
#6530=CARTESIAN_POINT('',(-0.0300000000000011,63.352344,21.06));
#6531=CARTESIAN_POINT('',(-0.0300000000000011,59.15,21.06));
#6532=CARTESIAN_POINT('Origin',(1.95,69.84375,20.82));
#6533=CARTESIAN_POINT('Origin',(1.95,69.84375,21.06));
#6534=CARTESIAN_POINT('Origin',(1.95,69.84375,20.58));
#6535=CARTESIAN_POINT('Origin',(0.209999999999997,57.7181431274848,19.2887318725152));
#6536=CARTESIAN_POINT('',(-0.0300000000000043,58.74375,20.65375));
#6537=CARTESIAN_POINT('',(-0.0300000000000045,57.5484375,19.4584375));
#6538=CARTESIAN_POINT('',(0.449999999999999,59.0831612549696,20.3143387450305));
#6539=CARTESIAN_POINT('',(-0.0300000000000043,58.74375,20.65375));
#6540=CARTESIAN_POINT('',(0.449999999999998,57.8878487549696,19.1190262450305));
#6541=CARTESIAN_POINT('Ctrl Pts',(1.3516783812596,56.9886152227904,18.8986152227904));
#6542=CARTESIAN_POINT('Ctrl Pts',(1.04376728184825,57.0776454458596,18.9876454458596));
#6543=CARTESIAN_POINT('Ctrl Pts',(0.417740745970664,57.4380378431999,19.3480378431999));
#6544=CARTESIAN_POINT('Ctrl Pts',(0.0928089780923112,58.0097431084429,19.9197431084429));
#6545=CARTESIAN_POINT('Ctrl Pts',(0.0138076222612549,58.35559382763,20.26559382763));
#6546=CARTESIAN_POINT('Ctrl Pts',(1.37161342726858,57.1069934818603,18.8491823366719));
#6547=CARTESIAN_POINT('Ctrl Pts',(1.07577105792481,57.2011844809301,18.9354893939725));
#6548=CARTESIAN_POINT('Ctrl Pts',(0.485955217103631,57.579367000448,19.284802012521));
#6549=CARTESIAN_POINT('Ctrl Pts',(0.211872652061593,58.1503274290753,19.8373828751364));
#6550=CARTESIAN_POINT('Ctrl Pts',(0.159205081507503,58.4849792184198,20.1694210218592));
#6551=CARTESIAN_POINT('Ctrl Pts',(1.39154847327756,57.2253717409301,18.7997494505533));
#6552=CARTESIAN_POINT('Ctrl Pts',(1.10777483400138,57.3247235160006,18.8833333420854));
#6553=CARTESIAN_POINT('Ctrl Pts',(0.554169688236598,57.7206961576961,19.221566181842));
#6554=CARTESIAN_POINT('Ctrl Pts',(0.330936326030875,58.2909117497076,19.7550226418299));
#6555=CARTESIAN_POINT('Ctrl Pts',(0.304602540753751,58.6143646092095,20.0732482160883));
#6556=CARTESIAN_POINT('Ctrl Pts',(1.41148351928654,57.34375,18.7503165644348));
#6557=CARTESIAN_POINT('Ctrl Pts',(1.13977861007795,57.4482625510711,18.8311772901984));
#6558=CARTESIAN_POINT('Ctrl Pts',(0.622384159369565,57.8620253149442,19.158330351163));
#6559=CARTESIAN_POINT('Ctrl Pts',(0.450000000000157,58.43149607034,19.6726624085234));
#6560=CARTESIAN_POINT('Ctrl Pts',(0.449999999999998,58.7437499999992,19.9770754103175));
#6561=CARTESIAN_POINT('',(1.41148351928654,57.34375,18.7503165644348));
#6562=CARTESIAN_POINT('',(0.449999999999998,58.7437499999995,19.9770754103172));
#6563=CARTESIAN_POINT('Ctrl Pts',(1.41148351928654,57.34375,18.7503165644348));
#6564=CARTESIAN_POINT('Ctrl Pts',(1.13977861007795,57.4482625510711,18.8311772901984));
#6565=CARTESIAN_POINT('Ctrl Pts',(0.622384159369565,57.8620253149442,19.158330351163));
#6566=CARTESIAN_POINT('Ctrl Pts',(0.450000000000157,58.43149607034,19.6726624085234));
#6567=CARTESIAN_POINT('Ctrl Pts',(0.449999999999998,58.7437499999992,19.9770754103175));
#6568=CARTESIAN_POINT('',(0.0138076222612571,58.35559382763,20.26559382763));
#6569=CARTESIAN_POINT('',(0.449999999999998,58.7437499999995,19.9770754103172));
#6570=CARTESIAN_POINT('',(1.29981244101807,57.0043387450305,18.9143387450305));
#6571=CARTESIAN_POINT('Ctrl Pts',(0.0138076222612549,58.35559382763,20.26559382763));
#6572=CARTESIAN_POINT('Ctrl Pts',(0.0928089780923112,58.0097431084429,19.9197431084429));
#6573=CARTESIAN_POINT('Ctrl Pts',(0.409864568918221,57.4518956814786,19.3618956814786));
#6574=CARTESIAN_POINT('Ctrl Pts',(1.01359507554591,57.0952410517733,19.0052410517733));
#6575=CARTESIAN_POINT('Ctrl Pts',(1.29981614886955,57.0043445828004,18.9143445828003));
#6576=CARTESIAN_POINT('',(1.35935075286926,57.34375,18.77375));
#6577=CARTESIAN_POINT('Ctrl Pts',(1.29981244102198,57.0043387450665,18.9143387450165));
#6578=CARTESIAN_POINT('Ctrl Pts',(1.31955810320692,57.1174858131558,18.8674716948712));
#6579=CARTESIAN_POINT('Ctrl Pts',(1.33940478489156,57.2306328898091,18.8206046411888));
#6580=CARTESIAN_POINT('Ctrl Pts',(1.35935075286525,57.3437500001132,18.7737499999644));
#6581=CARTESIAN_POINT('Ctrl Pts',(1.35940691569058,57.343739361741,18.7737454637803));
#6582=CARTESIAN_POINT('Ctrl Pts',(1.37664580676192,57.3437404261108,18.7656580958866));
#6583=CARTESIAN_POINT('Ctrl Pts',(1.39398771096309,57.34375,18.7578459536063));
#6584=CARTESIAN_POINT('Ctrl Pts',(1.41148351928653,57.34375,18.7503165644348));
#6585=CARTESIAN_POINT('Origin',(15.1286412403567,57.1740443725152,18.8440443725152));
#6586=CARTESIAN_POINT('',(13.7001875589819,57.0043387450305,18.9143387450305));
#6587=CARTESIAN_POINT('',(15.1286412403567,57.0043387450305,18.9143387450305));
#6588=CARTESIAN_POINT('',(13.6406492471307,57.34375,18.77375));
#6589=CARTESIAN_POINT('Ctrl Pts',(13.700187558978,57.0043387450665,18.9143387450165));
#6590=CARTESIAN_POINT('Ctrl Pts',(13.68044189679,57.1174858131736,18.8674716948638));
#6591=CARTESIAN_POINT('Ctrl Pts',(13.6605952151067,57.2306328898189,18.8206046411847));
#6592=CARTESIAN_POINT('Ctrl Pts',(13.6406492471347,57.3437500001132,18.7737499999644));
#6593=CARTESIAN_POINT('',(15.1286412403567,57.34375,18.77375));
#6594=CARTESIAN_POINT('Ctrl Pts',(14.9861923777387,58.35559382763,20.26559382763));
#6595=CARTESIAN_POINT('Ctrl Pts',(14.9071910219077,58.0097431084429,19.9197431084429));
#6596=CARTESIAN_POINT('Ctrl Pts',(14.5822409962557,57.4380343856044,19.3480343856044));
#6597=CARTESIAN_POINT('Ctrl Pts',(13.9562327181517,57.0776454458596,18.9876454458596));
#6598=CARTESIAN_POINT('Ctrl Pts',(13.6483216187404,56.9886152227904,18.8986152227904));
#6599=CARTESIAN_POINT('Ctrl Pts',(14.8407949184925,58.4849792184198,20.1694210218592));
#6600=CARTESIAN_POINT('Ctrl Pts',(14.7881273479384,58.1503274290753,19.8373828751364));
#6601=CARTESIAN_POINT('Ctrl Pts',(14.5140236474486,57.579360995911,19.2847989964677));
#6602=CARTESIAN_POINT('Ctrl Pts',(13.9242289420752,57.2011844809301,18.9354893939725));
#6603=CARTESIAN_POINT('Ctrl Pts',(13.6283865727314,57.1069934818603,18.8491823366719));
#6604=CARTESIAN_POINT('Ctrl Pts',(14.6953974592462,58.6143646092095,20.0732482160883));
#6605=CARTESIAN_POINT('Ctrl Pts',(14.6690636739691,58.2909117497076,19.7550226418299));
#6606=CARTESIAN_POINT('Ctrl Pts',(14.4458062986415,57.7206876062176,19.2215636073309));
#6607=CARTESIAN_POINT('Ctrl Pts',(13.8922251659986,57.3247235160006,18.8833333420854));
#6608=CARTESIAN_POINT('Ctrl Pts',(13.6084515267224,57.2253717409301,18.7997494505533));
#6609=CARTESIAN_POINT('Ctrl Pts',(14.55,58.7437499999992,19.9770754103175));
#6610=CARTESIAN_POINT('Ctrl Pts',(14.5499999999998,58.43149607034,19.6726624085234));
#6611=CARTESIAN_POINT('Ctrl Pts',(14.3775889498345,57.8620142165242,19.1583282181942));
#6612=CARTESIAN_POINT('Ctrl Pts',(13.860221389922,57.4482625510711,18.8311772901984));
#6613=CARTESIAN_POINT('Ctrl Pts',(13.5885164807134,57.34375,18.7503165644348));
#6614=CARTESIAN_POINT('',(14.9861923777387,58.35559382763,20.26559382763));
#6615=CARTESIAN_POINT('Ctrl Pts',(13.7001838462167,57.0043445905294,18.9143445905294));
#6616=CARTESIAN_POINT('Ctrl Pts',(13.9864041001508,57.095240911468,19.005240911468));
#6617=CARTESIAN_POINT('Ctrl Pts',(14.590117626203,57.4518923258783,19.3618923258783));
#6618=CARTESIAN_POINT('Ctrl Pts',(14.9071910219077,58.0097431084429,19.9197431084429));
#6619=CARTESIAN_POINT('Ctrl Pts',(14.9861923777387,58.35559382763,20.26559382763));
#6620=CARTESIAN_POINT('',(14.55,58.7437499999995,19.9770754103172));
#6621=CARTESIAN_POINT('',(14.9861923777387,58.35559382763,20.26559382763));
#6622=CARTESIAN_POINT('',(13.5885164807135,57.34375,18.7503165644348));
#6623=CARTESIAN_POINT('Ctrl Pts',(14.55,58.7437499999992,19.9770754103175));
#6624=CARTESIAN_POINT('Ctrl Pts',(14.5499999999998,58.43149607034,19.6726624085234));
#6625=CARTESIAN_POINT('Ctrl Pts',(14.3775889498345,57.8620142165242,19.1583282181942));
#6626=CARTESIAN_POINT('Ctrl Pts',(13.860221389922,57.4482625510711,18.8311772901984));
#6627=CARTESIAN_POINT('Ctrl Pts',(13.5885164807134,57.34375,18.7503165644348));
#6628=CARTESIAN_POINT('Ctrl Pts',(13.5885164807135,57.34375,18.7503165644348));
#6629=CARTESIAN_POINT('Ctrl Pts',(13.6060104022221,57.34375,18.7578451416082));
#6630=CARTESIAN_POINT('Ctrl Pts',(13.6233446266909,57.343736809425,18.7656548175281));
#6631=CARTESIAN_POINT('Ctrl Pts',(13.640592966259,57.3437393140044,18.7737454539331));
#6632=CARTESIAN_POINT('Ctrl Pts',(15.03,58.74375,20.65375));
#6633=CARTESIAN_POINT('Ctrl Pts',(15.03,58.6134975906861,20.5234975906861));
#6634=CARTESIAN_POINT('Ctrl Pts',(15.0153518681518,58.4832477219765,20.3932477219765));
#6635=CARTESIAN_POINT('Ctrl Pts',(14.9861923777387,58.35559382763,20.26559382763));
#6636=CARTESIAN_POINT('Ctrl Pts',(14.87,58.8568870849899,20.5406129150102));
#6637=CARTESIAN_POINT('Ctrl Pts',(14.87,58.7326232921961,20.4163491222164));
#6638=CARTESIAN_POINT('Ctrl Pts',(14.8602345787679,58.6084995750067,20.2919766799777));
#6639=CARTESIAN_POINT('Ctrl Pts',(14.8407949184925,58.4849792184198,20.1694210218592));
#6640=CARTESIAN_POINT('Ctrl Pts',(14.71,58.9700241699797,20.4274758300203));
#6641=CARTESIAN_POINT('Ctrl Pts',(14.71,58.8517489937061,20.3092006537467));
#6642=CARTESIAN_POINT('Ctrl Pts',(14.7051172893839,58.7337514280369,20.1907056379789));
#6643=CARTESIAN_POINT('Ctrl Pts',(14.6953974592462,58.6143646092095,20.0732482160883));
#6644=CARTESIAN_POINT('Ctrl Pts',(14.55,59.0831612549695,20.3143387450305));
#6645=CARTESIAN_POINT('Ctrl Pts',(14.55,58.9708746952161,20.2020521852771));
#6646=CARTESIAN_POINT('Ctrl Pts',(14.55,58.8590032810671,20.0894345959801));
#6647=CARTESIAN_POINT('Ctrl Pts',(14.55,58.7437499999992,19.9770754103175));
#6648=CARTESIAN_POINT('Ctrl Pts',(14.9861923777387,58.35559382763,20.26559382763));
#6649=CARTESIAN_POINT('Ctrl Pts',(15.0153518681518,58.4832477219765,20.3932477219765));
#6650=CARTESIAN_POINT('Ctrl Pts',(15.03,58.6134975906861,20.5234975906861));
#6651=CARTESIAN_POINT('Ctrl Pts',(15.03,58.74375,20.65375));
#6652=CARTESIAN_POINT('Ctrl Pts',(14.55,59.0831612549695,20.3143387450305));
#6653=CARTESIAN_POINT('Ctrl Pts',(14.55,58.9708746952161,20.2020521852771));
#6654=CARTESIAN_POINT('Ctrl Pts',(14.55,58.8590032810671,20.0894345959801));
#6655=CARTESIAN_POINT('Ctrl Pts',(14.55,58.7437499999992,19.9770754103175));
#6656=CARTESIAN_POINT('Ctrl Pts',(0.0138076222612576,58.35559382763,20.26559382763));
#6657=CARTESIAN_POINT('Ctrl Pts',(-0.0153518681518039,58.4832477219765,
20.3932477219765));
#6658=CARTESIAN_POINT('Ctrl Pts',(-0.0300000000000011,58.6134975906861,
20.5234975906861));
#6659=CARTESIAN_POINT('Ctrl Pts',(-0.0300000000000011,58.74375,20.65375));
#6660=CARTESIAN_POINT('Ctrl Pts',(0.159205081507505,58.4849792184198,20.1694210218592));
#6661=CARTESIAN_POINT('Ctrl Pts',(0.13976542123213,58.6084995750067,20.2919766799777));
#6662=CARTESIAN_POINT('Ctrl Pts',(0.129999999999999,58.7326232921961,20.4163491222164));
#6663=CARTESIAN_POINT('Ctrl Pts',(0.129999999999999,58.8568870849899,20.5406129150102));
#6664=CARTESIAN_POINT('Ctrl Pts',(0.304602540753752,58.6143646092095,20.0732482160883));
#6665=CARTESIAN_POINT('Ctrl Pts',(0.294882710616064,58.7337514280369,20.1907056379789));
#6666=CARTESIAN_POINT('Ctrl Pts',(0.289999999999999,58.8517489937061,20.3092006537467));
#6667=CARTESIAN_POINT('Ctrl Pts',(0.289999999999999,58.9700241699797,20.4274758300203));
#6668=CARTESIAN_POINT('Ctrl Pts',(0.449999999999998,58.7437499999992,19.9770754103175));
#6669=CARTESIAN_POINT('Ctrl Pts',(0.449999999999998,58.8590032810671,20.0894345959801));
#6670=CARTESIAN_POINT('Ctrl Pts',(0.449999999999998,58.9708746952161,20.2020521852771));
#6671=CARTESIAN_POINT('Ctrl Pts',(0.449999999999998,59.0831612549695,20.3143387450305));
#6672=CARTESIAN_POINT('Ctrl Pts',(-0.0300000000000011,58.74375,20.65375));
#6673=CARTESIAN_POINT('Ctrl Pts',(-0.0300000000000011,58.6134975906861,
20.5234975906861));
#6674=CARTESIAN_POINT('Ctrl Pts',(-0.0153518681518039,58.4832477219765,
20.3932477219765));
#6675=CARTESIAN_POINT('Ctrl Pts',(0.0138076222612576,58.35559382763,20.26559382763));
#6676=CARTESIAN_POINT('Ctrl Pts',(0.449999999999998,58.7437499999992,19.9770754103175));
#6677=CARTESIAN_POINT('Ctrl Pts',(0.449999999999998,58.8590032810671,20.0894345959801));
#6678=CARTESIAN_POINT('Ctrl Pts',(0.449999999999998,58.9708746952161,20.2020521852771));
#6679=CARTESIAN_POINT('Ctrl Pts',(0.449999999999998,59.0831612549695,20.3143387450305));
#6680=CARTESIAN_POINT('Origin',(13.05,69.84375,18.06));
#6681=CARTESIAN_POINT('',(13.5885164807135,71.24375,18.06));
#6682=CARTESIAN_POINT('',(14.55,69.84375,18.06));
#6683=CARTESIAN_POINT('Origin',(1.41148351928654,71.24375,18.06));
#6684=CARTESIAN_POINT('',(1.41148351928654,71.24375,18.06));
#6685=CARTESIAN_POINT('Origin',(1.95,69.84375,18.06));
#6686=CARTESIAN_POINT('',(0.45,69.84375,18.06));
#6687=CARTESIAN_POINT('Origin',(0.449999999999998,58.74375,18.06));
#6688=CARTESIAN_POINT('',(0.449999999999998,58.74375,18.06));
#6689=CARTESIAN_POINT('Origin',(1.95,58.74375,18.06));
#6690=CARTESIAN_POINT('',(1.41148351928654,57.34375,18.06));
#6691=CARTESIAN_POINT('Origin',(16.668766,57.65,19.56));
#6692=CARTESIAN_POINT('',(-4.762501,59.15,21.06));
#6693=CARTESIAN_POINT('',(16.668766,59.15,21.06));
#6694=CARTESIAN_POINT('',(-4.762501,61.930469,23.840469));
#6695=CARTESIAN_POINT('',(80.962567,59.15,21.06));
#6696=CARTESIAN_POINT('',(80.962567,56.9,18.81));
#6697=CARTESIAN_POINT('',(56.890625,59.15,21.06));
#6698=CARTESIAN_POINT('',(16.668766,59.15,21.06));
#6699=CARTESIAN_POINT('',(54.890625,61.15,23.06));
#6700=CARTESIAN_POINT('',(49.678101625,66.362523375,28.272523375));
#6701=CARTESIAN_POINT('',(51.440625,61.15,23.06));
#6702=CARTESIAN_POINT('',(43.215625,61.15,23.06));
#6703=CARTESIAN_POINT('',(49.440625,59.15,21.06));
#6704=CARTESIAN_POINT('',(45.3886224583333,55.0979974583333,17.0079974583333));
#6705=CARTESIAN_POINT('',(49.440625,58.663125,20.573125));
#6706=CARTESIAN_POINT('',(49.440625,60.35328125,22.26328125));
#6707=CARTESIAN_POINT('',(23.640625,58.663125,20.573125));
#6708=CARTESIAN_POINT('',(33.0546955,58.663125,20.573125));
#6709=CARTESIAN_POINT('',(23.640625,59.15,21.06));
#6710=CARTESIAN_POINT('',(23.640625,57.52828125,19.43828125));
#6711=CARTESIAN_POINT('',(21.640625,61.15,23.06));
#6712=CARTESIAN_POINT('',(22.0103412083333,60.7802837916667,22.6902837916667));
#6713=CARTESIAN_POINT('',(19.090625,61.15,23.06));
#6714=CARTESIAN_POINT('',(27.040625,61.15,23.06));
#6715=CARTESIAN_POINT('',(17.090625,59.15,21.06));
#6716=CARTESIAN_POINT('',(18.880289125,60.939664125,22.849664125));
#6717=CARTESIAN_POINT('',(16.668766,59.15,21.06));
#6718=CARTESIAN_POINT('Origin',(18.090625,71.30984375,22.06));
#6719=CARTESIAN_POINT('',(17.090625,75.363125,21.06));
#6720=CARTESIAN_POINT('',(17.090625,71.6620315,21.06));
#6721=CARTESIAN_POINT('',(19.090625,73.363125,23.06));
#6722=CARTESIAN_POINT('',(19.090625,71.30984375,23.06));
#6723=CARTESIAN_POINT('',(19.090625,73.363125,23.06));
#6724=CARTESIAN_POINT('Origin',(46.940625,74.363125,22.06));
#6725=CARTESIAN_POINT('',(54.890625,73.363125,23.06));
#6726=CARTESIAN_POINT('',(46.940625,73.363125,23.06));
#6727=CARTESIAN_POINT('',(56.890625,75.363125,21.06));
#6728=CARTESIAN_POINT('',(54.890625,73.363125,23.06));
#6729=CARTESIAN_POINT('',(47.495329,75.363125,21.06));
#6730=CARTESIAN_POINT('Origin',(55.890625,63.20328125,22.06));
#6731=CARTESIAN_POINT('',(54.890625,63.20328125,23.06));
#6732=CARTESIAN_POINT('',(56.890625,63.555469,21.06));
#6733=CARTESIAN_POINT('Origin',(36.990625,67.2565625,23.06));
#6734=CARTESIAN_POINT('',(21.640625,71.963125,23.06));
#6735=CARTESIAN_POINT('',(21.640625,62.95984375,23.06));
#6736=CARTESIAN_POINT('',(51.440625,71.963125,23.06));
#6737=CARTESIAN_POINT('',(30.315625,71.963125,23.06));
#6738=CARTESIAN_POINT('',(51.440625,68.60984375,23.06));
#6739=CARTESIAN_POINT('Origin',(50.440625,68.60984375,22.06));
#6740=CARTESIAN_POINT('',(49.440625,69.963125,21.06));
#6741=CARTESIAN_POINT('',(49.440625,68.60984375,21.06));
#6742=CARTESIAN_POINT('',(51.440625,71.963125,23.06));
#6743=CARTESIAN_POINT('Origin',(30.315625,70.963125,22.06));
#6744=CARTESIAN_POINT('',(23.640625,69.963125,21.06));
#6745=CARTESIAN_POINT('',(30.315625,69.963125,21.06));
#6746=CARTESIAN_POINT('',(21.640625,71.963125,23.06));
#6747=CARTESIAN_POINT('Origin',(22.640625,62.95984375,22.06));
#6748=CARTESIAN_POINT('',(23.640625,62.95984375,21.06));
#6749=CARTESIAN_POINT('Origin',(49.440625,69.963125,18.06));
#6750=CARTESIAN_POINT('',(49.440625,69.963125,20.06));
#6751=CARTESIAN_POINT('',(49.440625,69.963125,18.06));
#6752=CARTESIAN_POINT('',(49.440625,58.663125,20.06));
#6753=CARTESIAN_POINT('',(49.440625,67.138125,20.06));
#6754=CARTESIAN_POINT('',(49.440625,58.663125,18.06));
#6755=CARTESIAN_POINT('Origin',(23.640625,58.663125,18.06));
#6756=CARTESIAN_POINT('',(23.640625,58.663125,20.06));
#6757=CARTESIAN_POINT('',(23.640625,58.663125,18.06));
#6758=CARTESIAN_POINT('',(23.640625,69.963125,20.06));
#6759=CARTESIAN_POINT('',(23.640625,61.488125,20.06));
#6760=CARTESIAN_POINT('',(23.640625,69.963125,18.06));
#6761=CARTESIAN_POINT('Origin',(18.190625,69.1620315,18.46));
#6762=CARTESIAN_POINT('',(18.590625,70.363125,18.86));
#6763=CARTESIAN_POINT('',(17.790625,71.163125,18.06));
#6764=CARTESIAN_POINT('',(18.590625,58.263125,18.86));
#6765=CARTESIAN_POINT('',(18.590625,69.1620315,18.86));
#6766=CARTESIAN_POINT('',(18.590625,58.263125,18.86));
#6767=CARTESIAN_POINT('Origin',(47.495329,70.763125,18.46));
#6768=CARTESIAN_POINT('',(56.890625,70.363125,18.86));
#6769=CARTESIAN_POINT('',(57.690625,71.163125,18.06));
#6770=CARTESIAN_POINT('',(47.495329,70.363125,18.86));
#6771=CARTESIAN_POINT('Origin',(57.290625,63.1120315,18.46));
#6772=CARTESIAN_POINT('',(56.890625,58.263125,18.86));
#6773=CARTESIAN_POINT('',(57.690625,57.463125,18.06));
#6774=CARTESIAN_POINT('',(56.890625,63.1120315,18.86));
#6775=CARTESIAN_POINT('Origin',(28.345329,57.863125,18.46));
#6776=CARTESIAN_POINT('',(28.345329,58.263125,18.86));
#6777=CARTESIAN_POINT('Origin',(18.590625,58.263125,18.06));
#6778=CARTESIAN_POINT('',(18.590625,58.263125,20.06));
#6779=CARTESIAN_POINT('',(18.590625,58.263125,18.06));
#6780=CARTESIAN_POINT('',(56.890625,58.263125,20.06));
#6781=CARTESIAN_POINT('',(18.590625,58.263125,20.06));
#6782=CARTESIAN_POINT('',(56.890625,58.263125,18.06));
#6783=CARTESIAN_POINT('Origin',(18.590625,70.363125,18.06));
#6784=CARTESIAN_POINT('',(18.590625,70.363125,20.06));
#6785=CARTESIAN_POINT('',(18.590625,70.363125,18.06));
#6786=CARTESIAN_POINT('',(18.590625,70.363125,20.06));
#6787=CARTESIAN_POINT('Origin',(56.890625,70.363125,18.06));
#6788=CARTESIAN_POINT('',(56.890625,70.363125,20.06));
#6789=CARTESIAN_POINT('',(56.890625,70.363125,18.06));
#6790=CARTESIAN_POINT('',(56.890625,70.363125,20.06));
#6791=CARTESIAN_POINT('Origin',(56.890625,58.263125,18.06));
#6792=CARTESIAN_POINT('',(56.890625,58.263125,20.06));
#6793=CARTESIAN_POINT('Origin',(37.740625,64.313125,20.06));
#6794=CARTESIAN_POINT('',(43.590625,58.663125,20.06));
#6795=CARTESIAN_POINT('',(30.690625,69.963125,20.06));
#6796=CARTESIAN_POINT('Origin',(49.440625,58.663125,18.06));
#6797=CARTESIAN_POINT('Origin',(50.5875165,72.341875,20.56));
#6798=CARTESIAN_POINT('',(74.075,71.841875,20.06));
#6799=CARTESIAN_POINT('',(74.075,72.841875,21.06));
#6800=CARTESIAN_POINT('',(74.075,71.841875,20.06));
#6801=CARTESIAN_POINT('',(63.075,72.841875,21.06));
#6802=CARTESIAN_POINT('',(50.5875165,72.841875,21.06));
#6803=CARTESIAN_POINT('',(63.075,71.841875,20.06));
#6804=CARTESIAN_POINT('',(63.075,72.841875,21.06));
#6805=CARTESIAN_POINT('',(50.5875165,71.841875,20.06));
#6806=CARTESIAN_POINT('Origin',(74.075,71.341875,20.56));
#6807=CARTESIAN_POINT('',(74.575,71.341875,20.06));
#6808=CARTESIAN_POINT('',(75.575,71.341875,21.06));
#6809=CARTESIAN_POINT('',(74.575,71.341875,20.06));
#6810=CARTESIAN_POINT('Origin',(74.075,71.341875,21.06));
#6811=CARTESIAN_POINT('Origin',(74.075,71.341875,20.06));
#6812=CARTESIAN_POINT('Origin',(75.075,69.6514065,20.56));
#6813=CARTESIAN_POINT('',(74.575,61.341875,20.06));
#6814=CARTESIAN_POINT('',(75.575,61.341875,21.06));
#6815=CARTESIAN_POINT('',(74.575,61.341875,20.06));
#6816=CARTESIAN_POINT('',(75.575,69.6514065,21.06));
#6817=CARTESIAN_POINT('',(74.575,69.6514065,20.06));
#6818=CARTESIAN_POINT('Origin',(74.075,61.341875,20.56));
#6819=CARTESIAN_POINT('',(74.075,60.841875,20.06));
#6820=CARTESIAN_POINT('',(74.075,59.841875,21.06));
#6821=CARTESIAN_POINT('',(74.075,60.841875,20.06));
#6822=CARTESIAN_POINT('Origin',(74.075,61.341875,21.06));
#6823=CARTESIAN_POINT('Origin',(74.075,61.341875,20.06));
#6824=CARTESIAN_POINT('Origin',(56.0875165,60.341875,20.56));
#6825=CARTESIAN_POINT('',(63.075,60.841875,20.06));
#6826=CARTESIAN_POINT('',(63.075,59.841875,21.06));
#6827=CARTESIAN_POINT('',(63.075,60.841875,20.06));
#6828=CARTESIAN_POINT('',(56.0875165,59.841875,21.06));
#6829=CARTESIAN_POINT('',(56.0875165,60.841875,20.06));
#6830=CARTESIAN_POINT('Origin',(63.075,61.341875,20.56));
#6831=CARTESIAN_POINT('',(62.575,61.341875,20.06));
#6832=CARTESIAN_POINT('',(61.575,61.341875,21.06));
#6833=CARTESIAN_POINT('',(62.575,61.341875,20.06));
#6834=CARTESIAN_POINT('Origin',(63.075,61.341875,21.06));
#6835=CARTESIAN_POINT('Origin',(63.075,61.341875,20.06));
#6836=CARTESIAN_POINT('Origin',(62.075,64.6514065,20.56));
#6837=CARTESIAN_POINT('',(62.575,71.341875,20.06));
#6838=CARTESIAN_POINT('',(61.575,71.341875,21.06));
#6839=CARTESIAN_POINT('',(62.575,71.341875,20.06));
#6840=CARTESIAN_POINT('',(61.575,64.6514065,21.06));
#6841=CARTESIAN_POINT('',(62.575,64.6514065,20.06));
#6842=CARTESIAN_POINT('Origin',(63.075,71.341875,20.56));
#6843=CARTESIAN_POINT('Origin',(63.075,71.341875,21.06));
#6844=CARTESIAN_POINT('Origin',(63.075,71.341875,20.06));
#6845=CARTESIAN_POINT('Origin',(74.075,61.341875,18.06));
#6846=CARTESIAN_POINT('',(74.575,61.341875,18.06));
#6847=CARTESIAN_POINT('',(74.075,60.841875,18.06));
#6848=CARTESIAN_POINT('Origin',(74.575,71.341875,18.06));
#6849=CARTESIAN_POINT('',(74.575,71.341875,18.06));
#6850=CARTESIAN_POINT('Origin',(74.075,71.341875,18.06));
#6851=CARTESIAN_POINT('',(74.075,71.841875,18.06));
#6852=CARTESIAN_POINT('Origin',(63.075,71.841875,18.06));
#6853=CARTESIAN_POINT('',(63.075,71.841875,18.06));
#6854=CARTESIAN_POINT('Origin',(38.100033,67.960938,21.06));
#6855=CARTESIAN_POINT('',(80.962567,76.271876,21.06));
#6856=CARTESIAN_POINT('',(80.962567,-1.262503,21.06));
#6857=CARTESIAN_POINT('',(80.9602610000002,76.455183,21.06));
#6858=CARTESIAN_POINT('',(80.962567,76.271876,21.06));
#6859=CARTESIAN_POINT('',(77.645874,79.7695620000005,21.06));
#6860=CARTESIAN_POINT('Origin',(77.462598513285,76.271899070899,21.06));
#6861=CARTESIAN_POINT('',(77.462567,79.771876,21.06));
#6862=CARTESIAN_POINT('',(77.645874,79.7695620000005,21.06));
#6863=CARTESIAN_POINT('',(-1.262501,79.771876,21.06));
#6864=CARTESIAN_POINT('',(77.462567,79.771876,21.06));
#6865=CARTESIAN_POINT('',(-1.445808,79.769585,21.06));
#6866=CARTESIAN_POINT('',(-1.262501,79.771876,21.06));
#6867=CARTESIAN_POINT('',(-4.76018599999934,76.455183,21.06));
#6868=CARTESIAN_POINT('Origin',(-1.26250027773801,76.271900605006,21.06));
#6869=CARTESIAN_POINT('',(-4.762501,76.271876,21.06));
#6870=CARTESIAN_POINT('',(-4.76018599999934,76.455183,21.06));
#6871=CARTESIAN_POINT('',(-4.762501,76.271876,21.06));
#6872=CARTESIAN_POINT('Origin',(14.55,69.84375,18.06));
#6873=CARTESIAN_POINT('',(14.55,58.74375,18.06));
#6874=CARTESIAN_POINT('Origin',(80.962567,56.15,18.06));
#6875=CARTESIAN_POINT('',(80.962567,76.271876,18.06));
#6876=CARTESIAN_POINT('Origin',(63.075,71.341875,18.06));
#6877=CARTESIAN_POINT('',(62.575,71.341875,18.06));
#6878=CARTESIAN_POINT('Origin',(62.575,61.341875,18.06));
#6879=CARTESIAN_POINT('',(62.575,61.341875,18.06));
#6880=CARTESIAN_POINT('Origin',(63.075,61.341875,18.06));
#6881=CARTESIAN_POINT('',(63.075,60.841875,18.06));
#6882=CARTESIAN_POINT('Origin',(74.075,60.841875,18.06));
#6883=CARTESIAN_POINT('Origin',(13.5885164807134,57.34375,18.06));
#6884=CARTESIAN_POINT('',(13.5885164807135,57.34375,18.06));
#6885=CARTESIAN_POINT('Origin',(13.05,58.74375,18.06));
#6886=CARTESIAN_POINT('Origin',(23.640625,69.963125,18.06));
#6887=CARTESIAN_POINT('Origin',(-4.762501,76.271876,18.06));
#6888=CARTESIAN_POINT('',(-4.762501,76.271876,18.06));
#6889=CARTESIAN_POINT('Origin',(-4.76018599999934,76.455183,18.06));
#6890=CARTESIAN_POINT('',(-4.76018599999934,76.455183,18.06));
#6891=CARTESIAN_POINT('Origin',(-1.26250027773801,76.271900605006,18.06));
#6892=CARTESIAN_POINT('',(-1.445808,79.769585,18.06));
#6893=CARTESIAN_POINT('Origin',(-1.262501,79.771876,18.06));
#6894=CARTESIAN_POINT('',(-1.262501,79.771876,18.06));
#6895=CARTESIAN_POINT('Origin',(77.462567,79.771876,18.06));
#6896=CARTESIAN_POINT('',(77.462567,79.771876,18.06));
#6897=CARTESIAN_POINT('Origin',(77.645874,79.7695620000005,18.06));
#6898=CARTESIAN_POINT('',(77.645874,79.7695620000005,18.06));
#6899=CARTESIAN_POINT('Origin',(77.462598513285,76.271899070899,18.06));
#6900=CARTESIAN_POINT('',(80.9602610000002,76.455183,18.06));
#6901=CARTESIAN_POINT('Origin',(80.962567,76.271876,18.06));
#6902=CARTESIAN_POINT('',(0.,0.,0.));
#6903=CARTESIAN_POINT('',(0.,0.,0.));
#6904=UNCERTAINTY_MEASURE_WITH_UNIT(LENGTH_MEASURE(0.01),#6912,
'DISTANCE_ACCURACY_VALUE',
'Maximum model space distance between geometric entities at asserted c
onnectivities');
#6905=UNCERTAINTY_MEASURE_WITH_UNIT(LENGTH_MEASURE(0.01),#6912,
'DISTANCE_ACCURACY_VALUE',
'Maximum model space distance between geometric entities at asserted c
onnectivities');
#6906=UNCERTAINTY_MEASURE_WITH_UNIT(LENGTH_MEASURE(0.01),#6912,
'DISTANCE_ACCURACY_VALUE',
'Maximum model space distance between geometric entities at asserted c
onnectivities');
#6907=UNCERTAINTY_MEASURE_WITH_UNIT(LENGTH_MEASURE(0.01),#6912,
'DISTANCE_ACCURACY_VALUE',
'Maximum model space distance between geometric entities at asserted c
onnectivities');
#6908=(
GEOMETRIC_REPRESENTATION_CONTEXT(3)
GLOBAL_UNCERTAINTY_ASSIGNED_CONTEXT((#6904))
GLOBAL_UNIT_ASSIGNED_CONTEXT((#6912,#6914,#6915))
REPRESENTATION_CONTEXT('','3D')
);
#6909=(
GEOMETRIC_REPRESENTATION_CONTEXT(3)
GLOBAL_UNCERTAINTY_ASSIGNED_CONTEXT((#6905))
GLOBAL_UNIT_ASSIGNED_CONTEXT((#6912,#6914,#6915))
REPRESENTATION_CONTEXT('','3D')
);
#6910=(
GEOMETRIC_REPRESENTATION_CONTEXT(3)
GLOBAL_UNCERTAINTY_ASSIGNED_CONTEXT((#6906))
GLOBAL_UNIT_ASSIGNED_CONTEXT((#6912,#6914,#6915))
REPRESENTATION_CONTEXT('','3D')
);
#6911=(
GEOMETRIC_REPRESENTATION_CONTEXT(3)
GLOBAL_UNCERTAINTY_ASSIGNED_CONTEXT((#6907))
GLOBAL_UNIT_ASSIGNED_CONTEXT((#6912,#6914,#6915))
REPRESENTATION_CONTEXT('','3D')
);
#6912=(
LENGTH_UNIT()
NAMED_UNIT(*)
SI_UNIT(.MILLI.,.METRE.)
);
#6913=(
LENGTH_UNIT()
NAMED_UNIT(*)
SI_UNIT($,.METRE.)
);
#6914=(
NAMED_UNIT(*)
PLANE_ANGLE_UNIT()
SI_UNIT($,.RADIAN.)
);
#6915=(
NAMED_UNIT(*)
SI_UNIT($,.STERADIAN.)
SOLID_ANGLE_UNIT()
);
#6916=SHAPE_DEFINITION_REPRESENTATION(#6919,#6924);
#6917=SHAPE_DEFINITION_REPRESENTATION(#6920,#6925);
#6918=SHAPE_DEFINITION_REPRESENTATION(#6921,#6926);
#6919=PRODUCT_DEFINITION_SHAPE('',$,#6928);
#6920=PRODUCT_DEFINITION_SHAPE('',$,#6929);
#6921=PRODUCT_DEFINITION_SHAPE('',$,#6930);
#6922=PRODUCT_DEFINITION_SHAPE($,$,#17);
#6923=PRODUCT_DEFINITION_SHAPE($,$,#18);
#6924=SHAPE_REPRESENTATION('',(#4110,#4466),#6908);
#6925=SHAPE_REPRESENTATION('',(#4111,#4465),#6909);
#6926=SHAPE_REPRESENTATION('',(#4112),#6910);
#6927=PRODUCT_DEFINITION_CONTEXT('part definition',#6938,'design');
#6928=PRODUCT_DEFINITION('.step 1','Custom Hackpad',#6931,#6927);
#6929=PRODUCT_DEFINITION('2026-06-26-00-47-23-371','Case',#6932,#6927);
#6930=PRODUCT_DEFINITION('2026-06-26-01-02-47-097','MiddlePlateless',#6933,
#6927);
#6931=PRODUCT_DEFINITION_FORMATION('',$,#6940);
#6932=PRODUCT_DEFINITION_FORMATION('',$,#6941);
#6933=PRODUCT_DEFINITION_FORMATION('',$,#6942);
#6934=PRODUCT_RELATED_PRODUCT_CATEGORY('Custom Hackpad',
'Custom Hackpad',(#6940));
#6935=PRODUCT_RELATED_PRODUCT_CATEGORY('Case','Case',(#6941));
#6936=PRODUCT_RELATED_PRODUCT_CATEGORY('MiddlePlateless',
'MiddlePlateless',(#6942));
#6937=APPLICATION_PROTOCOL_DEFINITION('international standard',
'automotive_design',2009,#6938);
#6938=APPLICATION_CONTEXT(
'Core Data for Automotive Mechanical Design Process');
#6939=PRODUCT_CONTEXT('part definition',#6938,'mechanical');
#6940=PRODUCT('.step 1','Custom Hackpad','KiCad electronic assembly',(#6939));
#6941=PRODUCT('2026-06-26-00-47-23-371','Case',$,(#6939));
#6942=PRODUCT('2026-06-26-01-02-47-097','MiddlePlateless',$,(#6939));
#6943=PRESENTATION_STYLE_ASSIGNMENT((#6945));
#6944=PRESENTATION_STYLE_ASSIGNMENT((#6946));
#6945=SURFACE_STYLE_USAGE(.BOTH.,#6947);
#6946=SURFACE_STYLE_USAGE(.BOTH.,#6948);
#6947=SURFACE_SIDE_STYLE('',(#6949));
#6948=SURFACE_SIDE_STYLE('',(#6950));
#6949=SURFACE_STYLE_FILL_AREA(#6951);
#6950=SURFACE_STYLE_FILL_AREA(#6952);
#6951=FILL_AREA_STYLE('Steel - Satin',(#6953));
#6952=FILL_AREA_STYLE('Opaque(80,124,105)',(#6954));
#6953=FILL_AREA_STYLE_COLOUR('Steel - Satin',#6955);
#6954=FILL_AREA_STYLE_COLOUR('Opaque(80,124,105)',#6956);
#6955=COLOUR_RGB('Steel - Satin',0.627450980392157,0.627450980392157,0.627450980392157);
#6956=COLOUR_RGB('Opaque(80,124,105)',0.313725490196078,0.486274509803922,
0.411764705882353);
ENDSEC;
END-ISO-10303-21;
